Date,JPM,GS,MS,BAC,C,DB,BCS
2018-01-03,0.0132413979873725,0.01631478583847414,0.01637223473589774,0.014183072769776256,0.013564776167191296,0.025141818652774327,0.01664792925185284
2018-01-04,0.012683981144120126,0.015932752808684007,0.015671612319174518,0.01366639787021527,0.013060688684205131,0.024525938606633924,0.016247773071721986
2018-01-05,0.01293703042472774,0.015844910706523545,0.015891259710840596,0.01398380133472131,0.013413688202933172,0.02500107476321618,0.015952424356162967
2018-01-08,0.012640952101322758,0.015323036420325942,0.015269149179048775,0.013490609631339148,0.012916189958968207,0.028663854841261084,0.017540281889014697
2018-01-09,0.012147566672401354,0.015457497182473022,0.014857262796232498,0.013352856774535347,0.013369118187969369,0.0279228119708584,0.017125564897182456
2018-01-10,0.011783668614533125,0.015078961644046138,0.014617952954322158,0.012997425872807007,0.013428441663638283,0.027130577741859847,0.016758982597492873
2018-01-11,0.011843793019618245,0.014547154213495828,0.014726284264126538,0.01302764513460933,0.01300268932272603,0.026732545460627644,0.01636887830050561
2018-01-12,0.011526047286626684,0.014092396334839446,0.014386259146926988,0.01267969282413011,0.012573948820535832,0.02593430847096501,0.0167936393109248
2018-01-16,0.012242647187422892,0.013827389993853644,0.015107361969333266,0.013898739094540985,0.013761995709050479,0.025239042725642747,0.016471288087424808
2018-01-17,0.011880186964878,0.013517478566074879,0.015060582839151862,0.013342186142796779,0.013237563462579777,0.024646873066180488,0.017176867358268653
2018-01-18,0.0116063377028585,0.014395718934571942,0.015253871020538368,0.012930320010190397,0.012853180667293441,0.02397270600708841,0.016879659953245574
2018-01-19,0.011234203488380577,0.014334523171520447,0.01500230620015922,0.013012350569410573,0.012447739403259111,0.023343544698979018,0.016425898381493075
2018-01-22,0.010941117665703071,0.01513883313579401,0.017471695372036754,0.012895574618745744,0.012863874130625032,0.022979214737897366,0.016140000578609835
2018-01-23,0.011193841713671947,0.015864710421464156,0.016592745862234887,0.012751145768447708,0.012504267210950194,0.023676243988440513,0.022822574457964456
2018-01-24,0.01087669786940446,0.015353488785424052,0.01613049959083945,0.012422764640934529,0.012152870442436826,0.02308740765122421,0.021735211223535344
2018-01-25,0.011256494498853886,0.01608914967858989,0.015555426286225365,0.01227406993224081,0.012597559653358046,0.022755548193998783,0.021003621122649852
2018-01-26,0.010915448646309096,0.01588057020978862,0.015271625760030643,0.012032618164681779,0.012225467761786908,0.022242584041578594,0.020095852391428214
2018-01-29,0.010709935435535183,0.015304209752828759,0.015435388525967611,0.011880536299980477,0.012274271676344407,0.021790237685318913,0.019328294296392136
2018-01-30,0.010449307940941888,0.015491469444939333,0.014938845933185486,0.011734115459070145,0.011983622635224442,0.021907035736318817,0.019483215071593486
2018-01-31,0.010743907673214816,0.015469649710328416,0.015021829907273774,0.012700567697442705,0.013548491836410317,0.02330089623775106,0.020419998397027666
2018-02-01,0.010539038939537894,0.014951863161486879,0.014565597485558291,0.012423408495634176,0.013038849946901788,0.022723080580673995,0.01957839996872084
2018-02-02,0.010729025153198912,0.015193195943454607,0.015112683229565058,0.013432657805263754,0.013029252730260087,0.022535306284130946,0.018818776697723364
2018-02-05,0.012927294225347883,0.02031270478780946,0.01922781640611271,0.01471288193242182,0.015771527539735337,0.030306485238923108,0.021179681772055998
2018-02-06,0.020515284870186435,0.02335679096350704,0.026373532945042046,0.02565610760277191,0.024671557799583167,0.030931598136544967,0.02413119725801518
2018-02-07,0.021491710536142673,0.024798176094151997,0.026655477458006404,0.02600445101421378,0.02390783542902253,0.029923928602971158,0.02353746878824232
2018-02-08,0.020266781697248267,0.02344886919638867,0.024392599893745866,0.02356893421377112,0.021883310520708386,0.02959500603254401,0.02250163800570431
2018-02-09,0.024289468057366728,0.025730606355336548,0.02902248235777132,0.02908472409216994,0.026199747765040575,0.030011737426349126,0.02154762905275515
2018-02-12,0.023564719516926243,0.02446535677469384,0.026491612150987318,0.027239248073086187,0.025698712230173414,0.029032599130724878,0.020663094708674324
2018-02-13,0.02257268350968332,0.02349973150271908,0.025588674035717688,0.026478526863504822,0.02406807037886281,0.028819686060794707,0.019845884191533856
2018-02-14,0.021235793532429013,0.02233760972772012,0.023455435396394258,0.023979847186626574,0.022101811302338997,0.02792902610781914,0.01911442127204184
2018-02-15,0.02119162892116841,0.022629838222405628,0.023990155132465642,0.023927489340169063,0.02170252542159326,0.027565319139702914,0.020079550215579705
2018-02-16,0.01993042595509452,0.022130850088445998,0.02216060246536939,0.02189448420681488,0.02002701743574502,0.026795206670910936,0.01966863251065919
2018-02-20,0.018935680226242254,0.02092479817096371,0.020607133668963572,0.020297081274982386,0.01856993032203779,0.0259855953561683,0.01897437597325155
2018-02-21,0.017842541617799614,0.020090217517843616,0.01921464302117183,0.018695758375957994,0.01737396460531575,0.02583019804924843,0.01832734123413182
2018-02-22,0.01687916824575377,0.019155406954455122,0.018024344964044536,0.017354827721998495,0.01643099180752801,0.025128236289834106,0.017757152242760615
2018-02-23,0.015994497998769428,0.01837704100011798,0.017125069210210987,0.01639113382431827,0.015918951691896478,0.02450626420365279,0.01968492815006099
2018-02-26,0.01640576094026417,0.01851724385713457,0.01785179578253995,0.015865861752903804,0.015501487034449105,0.02384111128631301,0.01894495945698013
2018-02-27,0.015984083812948077,0.01831875543196168,0.017760821846676784,0.01559138115692852,0.014886201133571177,0.023231608337857212,0.018250943826567126
2018-02-28,0.01572772660603566,0.017888084802470273,0.016936302461362705,0.014794181939585203,0.015606444414043734,0.022682486328582944,0.01763208314405977
2018-03-01,0.01591104842182465,0.017790955512031466,0.01677636517074856,0.014407279763306271,0.015485867715347783,0.023159424383327732,0.01710221825695465
2018-03-02,0.016315985325188152,0.018499147011595468,0.018842923554086902,0.015192748894981584,0.017597287635377223,0.02287420258262851,0.0167127188772392
2018-03-05,0.015470647427811169,0.017681962773243427,0.01776032699244709,0.014481378402812196,0.016422705805710088,0.022360879539705204,0.016321234665848807
2018-03-06,0.015419730800020078,0.017820836880606275,0.017389004424161345,0.014983771696699953,0.015861214135174412,0.021893525378894902,0.016156995716220382
2018-03-07,0.014646701903062009,0.017529475742447106,0.017687982310549424,0.014237685373190019,0.015092460667945316,0.021556987308232887,0.017045498921169147
2018-03-08,0.014030697981845,0.016857969747815726,0.016831466815669608,0.013625616392023714,0.0143292230361395,0.02146565492499104,0.016612025052196902
2018-03-09,0.013395870715164696,0.016171121359765762,0.01603870054290819,0.013116629274512893,0.013682248825767618,0.0211261865841162,0.0162153431455744
2018-03-12,0.015643798935517792,0.016272872393178428,0.018367346178244582,0.014022042518029852,0.016617684642775247,0.020714946476834677,0.015966134841441722
2018-03-13,0.014910636913291801,0.015860145418716373,0.017351301609317974,0.013485222401351393,0.01560205585750805,0.020315238798202174,0.01583898883885413
2018-03-14,0.014804680479409256,0.01623296760285839,0.017378663383337392,0.014341662240578567,0.01588089178646937,0.020512120947365306,0.015764121296292323
2018-03-15,0.014639117466830326,0.01630565007947182,0.01776652670528104,0.014018347843207612,0.016863470736135578,0.02017340570731563,0.015704524084006178
2018-03-16,0.013951396487150446,0.015820825729005495,0.016849980260875183,0.013459553285401871,0.015822033210434516,0.019813495417211315,0.015381837557518329
2018-03-19,0.013324542085711752,0.015240246882811137,0.016119996888809333,0.012992919914073397,0.014922001701258132,0.01956473102409753,0.015337918033849629
2018-03-20,0.013079716716739371,0.015849050312566136,0.01589074106667322,0.012874289770446362,0.014797251497230535,0.019717988542282048,0.02117991283170042
2018-03-21,0.012538974427171905,0.015246167542415418,0.01553188882917159,0.012513169901181257,0.01408486178191491,0.019395176187318633,0.02052053482266822
2018-03-22,0.012054998000574973,0.014789579925885522,0.015174584769094904,0.012331063359936388,0.01359343641912287,0.02228859158524963,0.019941794768389885
2018-03-23,0.018366195526495037,0.01807742590913488,0.02151799372016032,0.020689711257389987,0.02108483042110453,0.023912926563409286,0.021126527664288478
2018-03-26,0.019588659603560335,0.019498871893862697,0.026303455341751297,0.02641001741448975,0.023833935887827104,0.024471124156440878,0.020548893197810173
2018-03-27,0.020796095138428082,0.021845933511781525,0.028017276915868285,0.028944420381753017,0.024189438478976193,0.024430980385457667,0.022155816993025143
2018-03-28,0.02065485212259988,0.022689568331828783,0.026698138149736695,0.0288498545674349,0.023760713956527024,0.02432157210213874,0.022303703358328413
2018-03-29,0.019428037320711865,0.021573363088599397,0.024475814747039467,0.026105447728357333,0.021746587799915416,0.023669395982340347,0.02132991012009748
2018-04-02,0.019130181517467967,0.020618868079138666,0.02343251282377523,0.02483491194455017,0.020509894942369263,0.02336762727395553,0.02045450293669962
2018-04-03,0.0192076246084157,0.02034192883424232,0.023181388884826834,0.024383058910278418,0.018951780867180537,0.023360696266037862,0.019950032987985034
2018-04-04,0.018560077244703384,0.019667749433677103,0.021552338005339382,0.022429509748143898,0.018081260328353225,0.02278315921442069,0.01968799576250104
2018-04-05,0.01809942824816948,0.018827046599033746,0.020218596911997157,0.020791263603896253,0.017428781906550967,0.022405445791443622,0.019036708427161143
2018-04-06,0.01753295318409941,0.018294188433310554,0.02025531852436941,0.019844052307115972,0.016998755303667956,0.023112692234760243,0.018524057901934822
2018-04-09,0.01863684267679125,0.018850579229375313,0.022429709216328333,0.020515816623781193,0.01843592226723473,0.023795204050385103,0.018191740356751737
2018-04-10,0.017934063934050656,0.018121901564269915,0.020817706988630332,0.01907616103855098,0.017734672738516023,0.023300486394961076,0.017820676100029912
2018-04-11,0.01792248490923788,0.018019389775033246,0.0199708849337561,0.019199701507331343,0.01751829165294783,0.022747364774813757,0.018718751594448017
2018-04-12,0.017893984328688203,0.017760350188001327,0.020914540641308727,0.019387462362644218,0.016756441953591984,0.02227854332599929,0.018063916252980042
2018-04-13,0.018573222552849065,0.01864672579695017,0.020671472890844315,0.020200118235442776,0.01983865416805835,0.02207165274496985,0.018129799759490153
2018-04-16,0.0198087648827511,0.018309528209658397,0.02016065451752956,0.021747405307107462,0.019399576169216445,0.021579153821118725,0.018548388557569212
2018-04-17,0.01864654408162128,0.01758736072328551,0.01898109909631325,0.019961568366692835,0.018761564124874466,0.02113249005530807,0.018164346286481874
2018-04-18,0.01758019044582086,0.017582031337389697,0.017878826598632654,0.01842795775592499,0.017538326527375938,0.02071797357868715,0.017910667454015716
2018-04-19,0.01686567884436098,0.01679610874321144,0.016907623160031134,0.018469951736685794,0.01697284573438272,0.020341405711951865,0.017347996484258294
2018-04-20,0.0173434778799328,0.016084697613805505,0.018455519274500478,0.01898416662651652,0.01740106784871876,0.019971511125112525,0.016881029173540577
2018-04-23,0.016423684311557506,0.015695077860981094,0.017484272561554545,0.0175815535963237,0.016349591451898415,0.019907009743897423,0.01646348696694094
2018-04-24,0.015669622971830156,0.016471522887870953,0.01749674542357274,0.016392857369685782,0.015671964599093174,0.019568017918372007,0.016048708198863715
2018-04-25,0.014985099002172533,0.01666939057923157,0.01707052083133516,0.015520933725479847,0.014953607662732696,0.021129812102873232,0.015930915490202334
2018-04-26,0.014336891290616199,0.016527173596766573,0.017735927553718563,0.014701224008973056,0.014228900666953885,0.02090523366726793,0.015788780335033236
2018-04-27,0.013668992370338324,0.01587136124666894,0.016805802012951388,0.014047528548401142,0.01362875271343029,0.02093554932798833,0.015941323706507183
2018-04-30,0.013282688816572413,0.015261470221244166,0.01604161171599697,0.013479246063699353,0.013136493269365019,0.02188491980084074,0.016083738376597864
2018-05-01,0.012901782144552018,0.014842777339174433,0.015505332712649507,0.01340921664497325,0.013374912068055442,0.021768323024766934,0.016287469320949228
2018-05-02,0.012383112504991325,0.014509643291881086,0.014979834342814429,0.012941246034784947,0.012868043995900504,0.02132711550394341,0.016277820602592613
2018-05-03,0.01226082223737234,0.014470245698257368,0.014555961874182743,0.013580502574670594,0.01255937963733147,0.02089360068795809,0.015965955907003084
2018-05-04,0.012040279116529516,0.014033312646119712,0.014874953121990471,0.014132279724361924,0.01220126193226845,0.020480149045915174,0.01589896914633109
2018-05-07,0.012071637448105531,0.01373650403060829,0.014556370702483995,0.013567424845038825,0.012011611597671373,0.020265283867170306,0.015910362822404003
2018-05-08,0.011907976460066612,0.013633348878728023,0.01553970255707916,0.013723405980104903,0.012122533630699144,0.019898468555411147,0.015683070258905904
2018-05-09,0.012343306932975967,0.013261465229700127,0.016224216646969034,0.013648189296149327,0.018177912403810607,0.019838716578812466,0.015418592103692261
2018-05-10,0.01366195900871565,0.01420021364613495,0.01621520106144795,0.016414878022261686,0.017640014403662006,0.01978219504184844,0.017209261315845287
2018-05-11,0.013250052199530349,0.013905459221556605,0.0164618857912742,0.015521120172475556,0.01675811995165493,0.01952768338186761,0.016847933384378618
2018-05-14,0.012783279956727855,0.01352008171119456,0.01574879109740865,0.014670333411991547,0.015766192450521056,0.019220146548311313,0.01638956991615931
2018-05-15,0.012274824472535709,0.013201400721138727,0.015147349827115053,0.014141862587508592,0.014940688560594391,0.01928141559271039,0.01612031467409239
2018-05-16,0.012146324618031619,0.013236615203098767,0.01489164742084931,0.013569292508231698,0.014171571135589724,0.020033100669069208,0.016067705773757802
2018-05-17,0.011719720160517486,0.012935011553573737,0.014454855097452469,0.013274003031682169,0.014145891421874208,0.020376561577194998,0.015927397959033363
2018-05-18,0.011409982679129745,0.01288123546499436,0.014124200871478277,0.013290313745184565,0.013703184876266246,0.0200023127433661,0.015576626426032428
2018-05-21,0.012401101274576443,0.012902060557410134,0.0152338649417008,0.014790679133429917,0.01593899065970141,0.020332392209007826,0.015383108826439972
2018-05-22,0.01223054715125364,0.012631701748946867,0.014943583516474268,0.014474853019106247,0.01520604904437709,0.019960547563510175,0.015108117399501457
2018-05-23,0.011982846746899773,0.012372816242667475,0.014802760840580369,0.014377652535076235,0.014787814568014715,0.02020099644765477,0.015022081091070895
2018-05-24,0.011698493958586404,0.01214844085974074,0.014839764697199028,0.014996019499703021,0.014853019184956436,0.01990892470728439,0.015413073880811305
2018-05-25,0.011984066339134776,0.01217082356144765,0.01462938107566679,0.01460726372085414,0.015096841994121995,0.022938021267175195,0.015682407389435958
2018-05-29,0.011727241872816645,0.012064288782936703,0.015756980742094803,0.013950413816269623,0.015194289780780334,0.02242328005077653,0.015368513001584115
2018-05-30,0.01844997017370324,0.01594681596121609,0.025887486256925604,0.020964238306894697,0.02158307101436736,0.026733983474034915,0.022521668395837077
2018-05-31,0.018783464617569055,0.01578061412338655,0.024632812566856437,0.02039816130755136,0.020607035688619994,0.026527635336205474,0.021982051110903598
2018-06-01,0.018231519173620543,0.015831275673515263,0.023417472638869077,0.01934811505820323,0.019008972466439174,0.027726083280351962,0.021047543458476512
2018-06-04,0.017640010819253718,0.015544876979607736,0.02271857364288567,0.018430150327432084,0.01792714579336726,0.026868152116837917,0.021052969852371525
2018-06-05,0.016661778622881575,0.015081932041564714,0.02108760528228995,0.01710234942389517,0.016704995978365996,0.026302858937703105,0.020542289222224643
2018-06-06,0.015916523506847483,0.014710451120822527,0.02037534654361492,0.016488168577979058,0.016065094814154735,0.025811970141412253,0.021260194828627274
2018-06-07,0.016745168816885588,0.0150697756253699,0.020388663127275396,0.019467528803003106,0.017250909192036055,0.02597128682924569,0.021581611650638335
2018-06-08,0.015879584205039297,0.014608254703486019,0.01905418159768016,0.01797857313316982,0.016161706619873786,0.025429648859612537,0.02070990404769001
2018-06-11,0.015075520436557813,0.014124563132811338,0.01798389090515553,0.016773943122505745,0.015201513091478358,0.02529900032669237,0.019904136881605857
2018-06-12,0.014379230331258756,0.013714056098817356,0.017034684346002714,0.015714497718525927,0.01456609625946409,0.02487050746446471,0.01921849906183487
2018-06-13,0.013880604526307308,0.013482295847694996,0.016560862021406192,0.015021788745074269,0.014193727365216758,0.02418497177490476,0.018925101164648607
2018-06-14,0.013292056998151449,0.013199560799149586,0.015895236251223837,0.014300132912138696,0.013699581414760688,0.02355636267747943,0.018234994403626036
2018-06-15,0.014119086728738675,0.012876766138014861,0.015433318709028117,0.014477357994125471,0.014794212496486412,0.02317337735360175,0.01762083928851887
2018-06-18,0.013490407622261646,0.01281241033270171,0.014946604565029354,0.014183583817736337,0.014074536185248916,0.022743975485375698,0.018241997134538612
2018-06-19,0.01291910700649989,0.012557086552309124,0.014792663196730638,0.013631342223924401,0.01362598404646835,0.02220275541596017,0.017632992783810288
2018-06-20,0.012589439057796971,0.013001369049449802,0.015644252267618175,0.013299652629358,0.01307255258959427,0.021780195244898118,0.017905087054227328
2018-06-21,0.012104520269488394,0.012721618018128494,0.01506929656464514,0.012865318544208602,0.013037346365150932,0.021390312656436337,0.01733375847234848
2018-06-22,0.011673646675753869,0.012513002294649302,0.014625634912965866,0.012507125022758206,0.012646875302253507,0.02134434889711163,0.017203189479111074
2018-06-25,0.012635439093885108,0.012348274369235947,0.015715167250413206,0.012957735912823374,0.012554592274164873,0.021060074008606273,0.0171724183880182
2018-06-26,0.012575020626765621,0.01362691144570784,0.01675469079992522,0.014506634319111639,0.014982709869368569,0.020800095929065315,0.01713032177444454
2018-06-27,0.012087465304607626,0.013250216515461011,0.01602824359429169,0.01384444624332222,0.01454357514142745,0.02053749817113616,0.016646867835927226
2018-06-28,0.012834297095760134,0.013080069430603242,0.01608008045487893,0.01401319720674885,0.014794948472805087,0.022078827794229473,0.018244001784741587
2018-06-29,0.013297039559624843,0.013473952957537514,0.01725704700664565,0.01454475824842285,0.016257440381213455,0.021677361985107186,0.018249989739317705
2018-07-02,0.012991834463462701,0.013722975593458997,0.01774135080035281,0.015485183226583125,0.015282454177838314,0.021475738128353926,0.01776181092598425
2018-07-03,0.01269863926751866,0.013800672592367806,0.016917539506499518,0.014670078686721997,0.014508250841265835,0.021024590860696676,0.017374986892093366
2018-07-05,0.0131439085330372,0.014013024656841185,0.017007552954950027,0.01574550033053101,0.015324250138807593,0.02064474081724148,0.016924567420455724
2018-07-06,0.012727221540177363,0.013597670510128388,0.01640361874854258,0.014947055504101064,0.014751661302445871,0.0223211190708672,0.017043882059166907
2018-07-09,0.012247664925105846,0.013288698517417588,0.015899863387136406,0.01424917397326948,0.01437086809300804,0.022889694438905282,0.01656383050032401
2018-07-10,0.015241910419168532,0.01535766205693285,0.017910143284438195,0.01926663420352724,0.017034442707045377,0.022395162924677036,0.01656816699186345
2018-07-11,0.014669191951454288,0.014885601909934331,0.017122191792462816,0.018104092560963517,0.01649658855149624,0.021993598980506946,0.01642875770538468
2018-07-12,0.014004489234088426,0.014474914643252101,0.016525015192165007,0.016987705427746354,0.0156181743752214,0.022301278377776453,0.016041946802626102
2018-07-13,0.013415763509937955,0.014140771331401694,0.01587293786759946,0.015915388929906907,0.015092806167410676,0.021812520132118984,0.016196135460567966
2018-07-16,0.012965599162409667,0.013760787011022737,0.01524880798922056,0.015356234652003174,0.01684205233665786,0.021349256164527722,0.015822180408114086
2018-07-17,0.017567894466331776,0.014887906255646604,0.015769575061562468,0.021713675764171426,0.021015651908124183,0.027823971635162065,0.016553108034831274
2018-07-18,0.016604097687322742,0.014389038902177015,0.015258262067220087,0.020065497638984166,0.01937886686701233,0.027475861407694587,0.017984990656016612
2018-07-19,0.015955618637689087,0.013928384681558749,0.017470158532725478,0.018523955761261573,0.018138027912933816,0.02694510372329075,0.017437735388061044
2018-07-20,0.015978919141167235,0.013705393688515375,0.017374017109447238,0.01830029911877559,0.01761934230017872,0.026149364287747848,0.01803924793501405
2018-07-23,0.015623972982615704,0.01356772890347144,0.0166962013832621,0.017916503391956197,0.016478175942284793,0.02537772815024316,0.017861228633821974
2018-07-24,0.015896792735231438,0.013445785861266686,0.01619748080768305,0.018330614707222834,0.016367688359507613,0.024831000147986587,0.017333564566680837
2018-07-25,0.015210554448456013,0.013347596300056313,0.015573532646355479,0.017030170605336792,0.016036674759752505,0.024222475034551105,0.017382747636170176
2018-07-26,0.014695943054735587,0.013034155389797557,0.015003416127361911,0.016154068821185946,0.015464189095453442,0.02365726911669151,0.01686052209449877
2018-07-27,0.014047021964100334,0.012731717283436004,0.01455207257542523,0.015318832868334019,0.014787192626308876,0.023052308655991796,0.016580461935514747
2018-07-30,0.013748404967140042,0.012470322493329805,0.014172538204222575,0.014552462961677368,0.014146286052376323,0.022884744180947058,0.016514448316821684
2018-07-31,0.013244593657232857,0.012324633621254227,0.013885241059055788,0.0141551598942076,0.013847304841633901,0.023399473103022796,0.016587134459547702
2018-08-01,0.013754765944653193,0.01227713017725376,0.013887276102004966,0.01469864166527278,0.013465659832726183,0.023345335319652355,0.01620465599513203
2018-08-02,0.01325621172739763,0.012210646378272027,0.013947688013851173,0.01464781458559978,0.012939493993164942,0.02284818302384128,0.01610416328276947
2018-08-03,0.012743382496830144,0.012320010798110433,0.0139846944424845,0.013950974244122828,0.012523196544014785,0.023580887250256963,0.01766672149527013
2018-08-06,0.01245856586554208,0.012096173408639626,0.013720662036572209,0.013620877881330979,0.013240263184456116,0.022990734192442526,0.017256992302596735
2018-08-07,0.01198503862308012,0.012110186009123806,0.013505533991331675,0.013113940523679224,0.012753597633705059,0.022431279613158592,0.017094987400894383
2018-08-08,0.011595710622623157,0.012133196179194082,0.013348409624991186,0.012709784775692295,0.012352081601754208,0.021989051755311295,0.01660913955392305
2018-08-09,0.011220465778767306,0.012100082333551808,0.013210790925745359,0.012799356946360547,0.012255437724146953,0.02158065891521876,0.01676899645146358
2018-08-10,0.011243211501999386,0.012403563868660684,0.014041873626802181,0.012753658916028593,0.012987062985706581,0.021242540446301136,0.016321446781063956
2018-08-13,0.011457422719112771,0.013401091413341011,0.015813545154980336,0.013537010168305446,0.01582030052571354,0.02373732513419383,0.01793845078054876
2018-08-14,0.01239359643924505,0.0135922090772322,0.017121860766640812,0.016013241389538094,0.01621146915883232,0.024337928408640144,0.01811152013912529
2018-08-15,0.012071631966391192,0.013665924638410692,0.016638615089095102,0.015509515640146666,0.01591427288186754,0.023698361036903613,0.01753753819827391
2018-08-16,0.012021736547234993,0.013295794989961068,0.01621745258449139,0.01576390630524102,0.01692581359635571,0.02393577191963845,0.018757725328942036
2018-08-17,0.0119178137523829,0.013818067648548935,0.016615778091763112,0.015475944493542898,0.016603260589816253,0.023312552669775194,0.018396502894195605
2018-08-20,0.011504696810647261,0.013424484598937747,0.015860731220552732,0.014632948860669466,0.015581504055030742,0.022728910232475762,0.018073450921824906
2018-08-21,0.0111570508875166,0.013405643040041366,0.015263156385232728,0.01400232874300821,0.015410868086474143,0.022188409569656734,0.017525942625656918
2018-08-22,0.010956622149175692,0.013527169165598738,0.014826429598686203,0.013515394158391975,0.015032561962899585,0.02269356938475905,0.017304014604735733
2018-08-23,0.01072569764685431,0.01318253843027093,0.014394988462677482,0.01305244364765664,0.01427390615191972,0.02219806491586952,0.01687168420683176
2018-08-24,0.010489765404118485,0.013456344318405769,0.01452150452305621,0.012822066008569975,0.013744715829547253,0.022632579142390422,0.017305340669600534
2018-08-27,0.010245424297895218,0.013211547385591813,0.014149100782133288,0.012471432108830494,0.013206895092666886,0.02217514723025985,0.016806016310478254
2018-08-28,0.011398906014623844,0.015951914915043667,0.018437695054534575,0.013154514885430377,0.01569754491418186,0.022774758053777728,0.017268219971983623
2018-08-29,0.0112011668480127,0.015331339556592896,0.017379701046230062,0.012760781228270093,0.014810766824825461,0.022532047976413488,0.017272610368314276
2018-08-30,0.010950004472720648,0.014773286189114204,0.016504321943413905,0.012567969701827553,0.014075193398426921,0.02211649985419486,0.016766700456174854
2018-08-31,0.010811852081758968,0.014517205972237995,0.016502203487760495,0.012416252919482909,0.014724557890756324,0.022178211578162396,0.01734590542910969
2018-09-04,0.010714172537570628,0.014207299515740013,0.016180510632178312,0.012213440568870242,0.014059612424575487,0.021932970734588296,0.017088080294582322
2018-09-05,0.01051741830871687,0.013769554061751656,0.015543680619880844,0.012204121505300364,0.013450561819952989,0.02170589393565685,0.017163607376264833
2018-09-06,0.010432706055730408,0.013379132815025889,0.014980234189572278,0.0119743466490758,0.013008834267512669,0.02125880112859153,0.01692677277628851
2018-09-07,0.010326007147400394,0.013646403991380198,0.015711815162640922,0.012068961682694578,0.01394544199757767,0.020903850985060868,0.016725457756027726
2018-09-10,0.010097405283038825,0.013299634867739536,0.01522426321183286,0.011866740197132384,0.013633873841586,0.02116504295846325,0.016621074772177842
2018-09-11,0.01010011534356815,0.013248095550447862,0.014901009400479505,0.01173329119431383,0.013081546166520045,0.02073631193117104,0.017076498936177017
2018-09-12,0.010049632526223047,0.01313073262161945,0.014481560445916714,0.011599419565640335,0.012690482761752407,0.020522003378155976,0.01692105748665086
2018-09-13,0.010696329230708602,0.01312817331943002,0.014447021166089678,0.01280933211230322,0.0136107245345599,0.020136012060803576,0.016793492331826722
2018-09-14,0.010463243157398135,0.01280878915831648,0.01416317016003541,0.013097084924333924,0.013243189191228221,0.01993962559435798,0.01636895476396617
2018-09-17,0.010218802766580912,0.01257247164553775,0.014206673114873608,0.012963011943915841,0.012905982325294543,0.01961504182111479,0.01605281128148482
2018-09-18,0.010020836956178638,0.012468765370383477,0.014460584893983226,0.012666066102997236,0.012589328928804473,0.019432286754628346,0.01587416417515672
2018-09-19,0.00987687334669339,0.012285429454998824,0.014129907417783104,0.012401580051633256,0.012457050382461175,0.01918303582745525,0.01566004196809035
2018-09-20,0.013266314299887045,0.014835541797841871,0.016345562349185206,0.015564407621355511,0.01740683611479428,0.020330963239880883,0.017241311479877463
2018-09-21,0.01294896338649891,0.014494852556993683,0.016481293885690487,0.014851074988987712,0.01714225104133561,0.020815044268737787,0.017680274188873017
2018-09-24,0.012661251906631966,0.014296077704797168,0.016154970194348122,0.014306484380090547,0.01642328291926166,0.020481375080908443,0.01732405985292002
2018-09-25,0.012642067906435621,0.01423401215971948,0.016733496144168743,0.014236438046664737,0.015531637444932056,0.020192478087320342,0.016966214570680385
2018-09-26,0.012208381340945582,0.013805135704035708,0.01612358557916882,0.013666750045976143,0.014797142732013152,0.019909644306041755,0.016495596144557256
2018-09-27,0.01247488427699812,0.014278837793309098,0.016100247645554903,0.015009322242123545,0.01522682260166053,0.0201896577966806,0.01635302841957553
2018-09-28,0.012120277804006324,0.013927947936536686,0.015436279587438383,0.01451606343912924,0.014624821137988188,0.019911585269352713,0.015954040210724992
2018-10-01,0.012754942332675214,0.01436019660640565,0.01749302386051617,0.01534068058814464,0.015448089279336084,0.0216564992987164,0.019281879646442682
2018-10-02,0.012353160647387073,0.01396633460215308,0.016586562827273988,0.014686070318543645,0.014621978745690318,0.02131509473325729,0.018716977630887022
2018-10-03,0.011935527131866387,0.01357879548612324,0.015837978867522678,0.014036443326414022,0.01393294098646827,0.021027792210127152,0.018790471114444193
2018-10-04,0.01184146247154004,0.01338251117704585,0.015569163071165897,0.01441552643010589,0.013626211473378207,0.020995062682162575,0.01877744812436255
2018-10-05,0.011732418139095827,0.013044387868118705,0.015025696948494602,0.014723232582141857,0.013127942857990628,0.020731349244371935,0.01822483776284154
2018-10-08,0.011536699795834033,0.0129796627249305,0.015138520679281973,0.014305988884764182,0.01272388036967984,0.02040213151738354,0.017690864815617137
2018-10-09,0.011289390458671606,0.012692326411389822,0.01474816651834689,0.013672360763227977,0.012347686115423665,0.020082099666220564,0.01755440918861876
2018-10-10,0.011240240130119483,0.012893200155145017,0.015837415369155453,0.013767846505443888,0.012660230441066686,0.01973394148733623,0.0172413845809287
2018-10-11,0.01420535951094287,0.0169153690537915,0.019470838157750612,0.016618454112948308,0.016401451424860557,0.019554807049344633,0.01704171856451109
2018-10-12,0.01697833859436405,0.016443620800958573,0.020452534289432583,0.019803810879322477,0.017871569043353703,0.01934359459943259,0.017740320347526303
2018-10-15,0.016521577261659256,0.015809084139126236,0.019083045806486374,0.01829100639119187,0.018500495282343207,0.019048309344598176,0.01726861385107176
2018-10-16,0.01579398866617072,0.015301216073524561,0.017913839587886865,0.01867923065712535,0.0175963259890454,0.01922544586500139,0.01681891299368459
2018-10-17,0.016386626010649552,0.01721638687992441,0.025455550425223596,0.019117030268045107,0.016628224714592604,0.019142312062083423,0.016361184093686386
2018-10-18,0.01587373834075201,0.018651355379556003,0.025038637785324745,0.018296192660328985,0.015606062297786206,0.018980427250279926,0.01622264249062527
2018-10-19,0.016034500679477866,0.018347963750547695,0.02467130401708343,0.01930818287995393,0.01634361163705551,0.01972194269930486,0.017901230843533754
2018-10-22,0.015226533394854184,0.017673814520375072,0.022815634234771634,0.017852571077727933,0.01539965769948587,0.019427225760442403,0.017358366562611173
2018-10-23,0.015318189327587415,0.018430285242116536,0.023452819954024012,0.021388398832892896,0.0197083306156492,0.019627221682883677,0.016900511059553595
2018-10-24,0.015023269564932702,0.018088045916325603,0.02216463242124601,0.020356087052491763,0.018980346434610627,0.019314116937461014,0.017121430784774388
2018-10-25,0.015670353702820765,0.021894615841607377,0.022198539657861623,0.022502599003930045,0.02121418223257575,0.02494684903681169,0.01677531790044874
2018-10-26,0.015577194776414418,0.021799906920552573,0.022092150772480963,0.021307099269230672,0.020715532138788233,0.024252572401207217,0.01664744846572629
2018-10-29,0.015552221590023355,0.02077180096696624,0.021029584447118003,0.019807075948849322,0.019694034948532845,0.024926221334959434,0.017740700353707034
2018-10-30,0.015348739449843498,0.019898352632652484,0.01956071742192516,0.018495774168574147,0.018232618121078455,0.024244820884425974,0.018519282517948887
2018-10-31,0.015555168501281467,0.020006588187117452,0.01941426728488003,0.01729168346704736,0.016989221197481714,0.023724458414545565,0.018096472487053407
2018-11-01,0.01622896772157474,0.020685043850775072,0.02016152722329337,0.01900637222588316,0.016792373644718736,0.023123166495095826,0.017943307496695423
2018-11-02,0.015385210428234873,0.019710198763401812,0.018877948822614392,0.018047840170294042,0.015863565951600694,0.025283772196684054,0.021073964612070183
2018-11-05,0.014765487031754534,0.019043130770874706,0.017742533264225768,0.016797307004747054,0.015249749584311429,0.02533639941714154,0.020162608907253063
2018-11-06,0.014174849198590267,0.018171068128201025,0.016842406296895193,0.015864406466039645,0.016447857613723086,0.02465472664021479,0.019366384788426973
2018-11-07,0.013578452757493881,0.01734533772079018,0.016081420538610995,0.015058444711165318,0.015907175387826274,0.023984190127682176,0.01865444955046642
2018-11-08,0.014010090034208339,0.017042485569626186,0.01670908638679607,0.014899295556357101,0.01745303346572988,0.023668505772744305,0.01914212685547774
2018-11-09,0.013575864539318014,0.016310316619678786,0.016021207368300767,0.01475892292435059,0.016564628437785847,0.023866620687013507,0.018440728309994582
2018-11-12,0.013442215902475683,0.019837262922425793,0.016358394713201264,0.014927971748363246,0.01964275768219,0.02380482096286929,0.018419876506269625
2018-11-13,0.01475929677389086,0.03028331028520408,0.02017294989778153,0.017935378396681873,0.02051453526509325,0.02501180509916981,0.02308472303393251
2018-11-14,0.0141425394888094,0.028441651228581444,0.019257492209113637,0.016684198681372293,0.01920609205222543,0.024517640871031973,0.02648483188911252
2018-11-15,0.015248107273579605,0.026994671019116193,0.01931342794071044,0.017615230284240363,0.019511805015535687,0.02385289398762074,0.02558015430411632
2018-11-16,0.016521385162776236,0.025434026874859707,0.018400205201032246,0.01894110085529627,0.019200662328994315,0.023242562641193162,0.029282925332618556
2018-11-19,0.015653913946336785,0.02408066535374588,0.017419085249833915,0.017695640499850517,0.017898811618953098,0.02276767836140933,0.027799893120345448
2018-11-20,0.015018767115671903,0.023500672984626596,0.01663482536772961,0.01648499230130359,0.01682276340972897,0.022232734802613528,0.026382812200057094
2018-11-21,0.01608024982158265,0.02470188224252442,0.019173207910813186,0.016433413566375954,0.020453517914340007,0.02574145274256329,0.027214355283656042
2018-11-23,0.015489852037830525,0.023347743562758535,0.01861174638918205,0.01554125358928899,0.018973251497407927,0.025563440206995556,0.027146699530851814
2018-11-26,0.015078754665026386,0.022764024882227805,0.018369369685600944,0.015397393276596007,0.019022629536945012,0.025299199227786177,0.025826194367324626
2018-11-27,0.016227125003291452,0.023006076119071826,0.01965502178862087,0.016680554632717073,0.021408219520391958,0.0273806021742338,0.026152218125980956
2018-11-28,0.015415428990579166,0.0217567700424198,0.01851564170874047,0.015790740214035263,0.01978854073658757,0.026664707497519168,0.024775364708004545
2018-11-29,0.01501313329161757,0.021793353228269398,0.019883800858803265,0.017541067613226907,0.02223873822050269,0.02588740864091426,0.023529694797513455
2018-11-30,0.014570060583303608,0.021064292624661654,0.019696399751193975,0.017316014405380255,0.020862357735161034,0.027687583952315947,0.022516262778756947
2018-12-03,0.014207919188619536,0.02104729802217433,0.01847093787924806,0.016822749325638445,0.01924833165238793,0.0276378060415307,0.024017818213233434
2018-12-04,0.013833372743731769,0.019982776405659465,0.019003634520808194,0.0158332515767669,0.017952044374401697,0.027415533275679405,0.022932187200610785
2018-12-06,0.020146783442546203,0.022438049858274932,0.025609126709628335,0.02665273556935962,0.024551428950860994,0.02790163454294827,0.027432828480447823
2018-12-07,0.020053039902442303,0.021209948851962653,0.0238846359536337,0.025590016661075438,0.026573251024258844,0.027351855182582874,0.025943674059164243
2018-12-10,0.01986920805819318,0.021449660741409134,0.024599144146629892,0.026665336300198957,0.02678253784903482,0.026900499355646805,0.025193935830619938
2018-12-11,0.019776508022905422,0.02036271253436416,0.023256332101211634,0.026410410736319313,0.025941882112480275,0.02784848060327295,0.024158719468257882
2018-12-12,0.018935116300769172,0.019647688658329564,0.021476550502867092,0.024124307687974845,0.02441069874774788,0.027006957744452026,0.024123808591607437
2018-12-13,0.017932454781275288,0.018666305990799124,0.019979062420415805,0.021985082480577945,0.022388729741600954,0.032488335255755715,0.030680059674585775
2018-12-14,0.016927272669421036,0.017835443212778683,0.0187849679493159,0.020238845503887312,0.02061882752812717,0.0316198565114575,0.02894547438613229
2018-12-17,0.016289641254783133,0.01792992404528796,0.01966893413645883,0.018654206104349525,0.01979346034162448,0.03057138298409731,0.027397876942979456
2018-12-18,0.016074610389733963,0.019163896941890392,0.018417672979156852,0.017294737291357557,0.01917349195578625,0.03003206556557387,0.02810893924294148
2018-12-19,0.015351580391890291,0.019225484079253678,0.017502079858036413,0.01614908929515825,0.017949033894488084,0.0291245987885328,0.026547537301075265
2018-12-20,0.015253245044513353,0.01874657898949594,0.017480841952154547,0.01597948403779698,0.018677259871131918,0.02955562456977401,0.02577412946962256
2018-12-21,0.014829802625295452,0.017922554600812813,0.017000848888707308,0.015118680751345736,0.01786810016603296,0.029957545217428966,0.02449743872962795
2018-12-24,0.01627674745543775,0.023166377630358184,0.01985595736404965,0.018997911737504414,0.022862443665044016,0.029504075972272354,0.023386792349507645
2018-12-26,0.017111638038458908,0.023040218514009916,0.019689092782463714,0.020808870648106933,0.0223981799901139,0.028548309062046546,0.02265079970165535
2018-12-27,0.020735643903247003,0.025044561418068358,0.027689033943239433,0.0296494506866382,0.02649385029672193,0.028603284152480882,0.022784944351117206
2018-12-28,0.01977217946413975,0.024005425512148744,0.025423375961448738,0.026998106695017753,0.024239457896176864,0.029588345466902557,0.02170599790457974
2018-12-31,0.01863170261401583,0.023087868736462628,0.023481355564340563,0.024424423656108796,0.02216287145065221,0.02949746220707164,0.02124274348486973
2019-01-02,0.017721524467691277,0.022980262973971995,0.02175169592564516,0.022506899307795748,0.020412990646029982,0.02866770742080647,0.020310919000029702
2019-01-03,0.01755679362187526,0.023417287785479805,0.02111391936230454,0.02109686663847026,0.021654659447322477,0.027775542563403203,0.019636335678574104
2019-01-04,0.017314209740080973,0.022577277292006145,0.02069897793747215,0.020455902940942555,0.021223590923011754,0.02709337850236447,0.01890771058948062
2019-01-07,0.02001526609383737,0.023413075834928333,0.023635816369286036,0.02440924544690846,0.026869440096331947,0.029017934109648685,0.022170810152681332
2019-01-08,0.018826765913579804,0.022148618317712743,0.022001567345611588,0.022202082834506743,0.024665640762663452,0.02850472634531983,0.02138844864351583
2019-01-09,0.0177654532824457,0.02097792809069063,0.020530705897530574,0.020330113541825484,0.022567760593837093,0.027606003805593707,0.02053960096884122
2019-01-10,0.016796738494857858,0.019951665985767423,0.0192525000559074,0.019029632978017144,0.021622745027806395,0.027199323192289637,0.01967893815838295
2019-01-11,0.01589813728939893,0.01896347231162843,0.018081869585136058,0.017621799763536748,0.019888390725844748,0.026396544298639784,0.019311218983235734
2019-01-14,0.015194237634497511,0.018102796450289945,0.017080193384395807,0.016950687224955047,0.01845176438338267,0.025646352204127875,0.018578221395665083
2019-01-15,0.014761816497972506,0.017510449271736256,0.01726186242485467,0.01655389598565646,0.022742858307288897,0.02491249218674642,0.018835093917226386
2019-01-16,0.014206515332240075,0.01683448152661943,0.016662149090383178,0.015702870853110458,0.026111254903197444,0.0242597332829227,0.018213921958011792
2019-01-17,0.013749674388670051,0.03196499511989229,0.02027062020816284,0.030479450534336573,0.024299071377388987,0.02943079241026886,0.01828485795156169
2019-01-18,0.013181345476989707,0.030088512221370874,0.024792281667934638,0.028322827677730533,0.022267832691079934,0.030061863844104603,0.017679683883322504
2019-01-22,0.013568716680354236,0.028672616307959645,0.024517062586659925,0.02585596032799772,0.02080476632974314,0.02962141811097955,0.018673715553
2019-01-23,0.014090758878113993,0.02794743872807805,0.02493188952720444,0.02364493428659801,0.02083267193991472,0.029649464218238098,0.01894565264104213
2019-01-24,0.013494017964935877,0.0262831407042053,0.023014680803025336,0.02169312225122203,0.019267200480849355,0.029149782496847586,0.018631836846211846
2019-01-25,0.012911094055596208,0.02475370488402587,0.021273404279399756,0.019952080593860874,0.018180175754193215,0.028641880159819447,0.018003619438647016
2019-01-28,0.01251265618286153,0.023723929338783388,0.021082565007438082,0.01944658772961747,0.018663445856750328,0.029465512348532955,0.018164786866801803
2019-01-29,0.012095944268076007,0.022442030896502378,0.019826620871462423,0.017961044783328373,0.017378989373685552,0.028497047688543845,0.01839027553596868
2019-01-30,0.01167569025785995,0.021233783125028202,0.01860866964127319,0.01706382969689966,0.01675340627502298,0.02759687307764175,0.017759354358018585
2019-01-31,0.011294622101963758,0.02030790472706758,0.018119387730017592,0.01659710312953457,0.01680774951008087,0.02677721743440453,0.0172122567949399
2019-02-01,0.011392728727650982,0.02047146094300857,0.017643777534915542,0.017705293487991984,0.015799882097987317,0.02811039701666975,0.017289510178702613
2019-02-04,0.011070825814569151,0.019560408632698104,0.017250766445296564,0.0165624123825983,0.015068113875785055,0.027226708614898603,0.017111895964764468
2019-02-05,0.010783649062034774,0.018660943127452524,0.01713315167914317,0.016838485082149423,0.014444603362419555,0.026420864013538756,0.016692436408000232
2019-02-06,0.010638494915678524,0.01777171081397211,0.01629160232837341,0.015852236334813564,0.013862710428343375,0.025771763704808538,0.016291067057720144
2019-02-07,0.010377002833991985,0.017116896969457764,0.015616478308610954,0.014976981810448809,0.013272584563352764,0.025059023962335947,0.015895094461561166
2019-02-08,0.011133953324401591,0.017330554548212057,0.01693664713526104,0.015858359929158437,0.014501516361548459,0.029291947143025698,0.01713367014473583
2019-02-11,0.011378109064807039,0.016732063967384348,0.01719838583077156,0.014954162462644615,0.014750590762975519,0.02874544628237984,0.01665607149646765
2019-02-12,0.011174850655277551,0.01604108763998416,0.017231798708685183,0.014265517922904314,0.014273807795869127,0.028062160380984243,0.016505467248788076
2019-02-13,0.012033859329852802,0.016151000697133294,0.01812144034566648,0.014082741043653845,0.015068565926535844,0.027871807370435597,0.01638758244812972
2019-02-14,0.011672330352341297,0.015505300543319977,0.017109157426913227,0.013489619924328138,0.014432246510261355,0.026990760783751,0.01601987301487899
2019-02-15,0.011540297085370027,0.015336685606804781,0.01682684871298014,0.01377730763586401,0.014330864132054578,0.026769669467744124,0.01577228360392129
2019-02-19,0.014680899203890783,0.017381993811917885,0.019127547116037587,0.016267568006675844,0.017668450924385026,0.028941379795427786,0.01637125983073687
2019-02-20,0.014053497752286336,0.01661318505312466,0.01798580363161324,0.01528916579499982,0.016489925234082225,0.028475535356746216,0.016514805351308143
2019-02-21,0.013474902773514348,0.01592170767779903,0.017096540451783947,0.014876600732134107,0.015540673470527814,0.027787173291093276,0.01645187287440725
2019-02-22,0.01293045614027164,0.01571315916255215,0.016766633679965733,0.014266503380710071,0.014830701595655096,0.02700111126449448,0.016052861531404995
2019-02-25,0.012528771766393321,0.015127164869008093,0.01607545466376227,0.013990015387880823,0.014137790820375975,0.026176089883423178,0.01758249219073039
2019-02-26,0.012439908072896346,0.0151123442474538,0.015709645937596245,0.013596585596302266,0.013671877009918464,0.025612857859833867,0.01755694154656405
2019-02-27,0.01228947581961526,0.014575320571270678,0.015190673226851779,0.013092962193824376,0.013383005251811256,0.025200778427126206,0.022123291057870316
2019-02-28,0.011852862180434123,0.014094226343536978,0.01472037484436248,0.013006066234853198,0.012958512031625354,0.02499915823646818,0.023220172964926532
2019-03-01,0.011778291876668677,0.013856088223116672,0.01518575500720215,0.013332058572589567,0.012818980200742632,0.024534412273752627,0.022168505897047597
2019-03-04,0.011376968094104285,0.013628408474572638,0.015222448535452395,0.013171013248564352,0.012713049419071438,0.023901733934332522,0.021451296196364683
2019-03-05,0.011069925674110739,0.013721820038152905,0.015368146109937066,0.01337721002425598,0.013142665658776954,0.02339316316216885,0.020553209852458707
2019-03-06,0.0107621026497312,0.013334583178024233,0.014877995955372085,0.012920095488257873,0.013717432853887856,0.022826908484854434,0.019966148064737187
2019-03-07,0.010586111324273688,0.013159152320020922,0.01467503622924233,0.013036477956493901,0.013445874383813804,0.022277093656911245,0.019327614799980217
2019-03-08,0.010659711162447995,0.013235609851095493,0.014846599228235897,0.013335576469397948,0.013535746314683699,0.025692547150884384,0.01998822863385903
2019-03-11,0.010387159384746474,0.013434343147719545,0.014470376433935662,0.012924285689196886,0.01302285349076719,0.02495584880772799,0.019788356386168195
2019-03-12,0.010877871130317726,0.01311752344087853,0.014613471785056698,0.013059825168843565,0.01264779350790633,0.027472031658073298,0.01972826557011442
2019-03-13,0.010654088686677976,0.012829742166886258,0.014272581107707667,0.012662522885226396,0.012607763515718821,0.027496845342558328,0.019187261859610116
2019-03-14,0.010411588813310297,0.012571830019558918,0.014234148346623043,0.013091962278575134,0.013209908255269614,0.02716472304163358,0.01927469742992943
2019-03-15,0.010509735351147763,0.012319294330593842,0.014058753646638698,0.012832853715849833,0.012993363757847749,0.02662820235965992,0.01860455464089313
2019-03-18,0.010812926304618093,0.012143679914311518,0.0146202025205318,0.012711223008095568,0.014052749666212512,0.025837992969380788,0.018127406004214183
2019-03-19,0.010650912024729738,0.01348246478022022,0.015182742721274891,0.014002943939441554,0.014072079792810409,0.02700071891846377,0.017522110822312194
2019-03-20,0.010483974229530539,0.013300204152669306,0.014713471904919333,0.013661580005916954,0.013588599517935068,0.026741156416926887,0.017171522586355247
2019-03-21,0.012593239768201566,0.016744053177226034,0.016235722504695037,0.019075019346050902,0.01540047397954145,0.026920109617182445,0.018764551701025325
2019-03-22,0.013291371539446038,0.01603998289267534,0.015554685446630271,0.018845686035946142,0.014783557503173164,0.02784587076625002,0.019978036170969663
2019-03-25,0.016386881141171955,0.01786784965313397,0.019138915162716087,0.02425195238139355,0.0232404800767126,0.027695549522870747,0.020611692972935948
2019-03-26,0.015814717080435328,0.017073144464943554,0.018457135081368627,0.022231918611605693,0.021737798189487633,0.02685102005868256,0.01980110035861916
2019-03-27,0.015292319427883092,0.016677002039438164,0.01809347771598031,0.020939341490652054,0.020735244017462094,0.026227875455457853,0.01901988676417377
2019-03-28,0.014599680578707802,0.016021550934013265,0.01768747179193064,0.019441939497725717,0.01940795712586267,0.02596096268056694,0.01880637049942177
2019-03-29,0.014312601686918782,0.015481768662238255,0.017315894496787748,0.018392122675027,0.019577130096610194,0.026363122416211603,0.019847315090597003
2019-04-01,0.01371716458333115,0.014948322960935274,0.016553575609640443,0.017398972190283978,0.018167656852935133,0.025659379345807462,0.019072780141505808
2019-04-02,0.016810544517360537,0.016169424128066642,0.01900009032282842,0.020726118059250363,0.02133294303596001,0.02778919031078356,0.02192220059459263
2019-04-03,0.015957071779692987,0.015555532196902746,0.0178760169015288,0.01949460864153491,0.019636925008323383,0.026949933953842424,0.02114275412079675
2019-04-04,0.015137303504015633,0.015782485652286925,0.01765616569837141,0.018012584074461286,0.01853709306892314,0.02624651039191661,0.02154303369104895
2019-04-05,0.014669367896613621,0.01529618269282053,0.017194623420760783,0.017186536696461894,0.017764197852150106,0.025592123504726248,0.020608698775310824
2019-04-08,0.014009759935436072,0.014737972560795752,0.016346733510783987,0.01610401920011684,0.016662785848899762,0.025216873485035693,0.02014758556148502
2019-04-09,0.013395677186560657,0.014239104746750681,0.015640928524073516,0.015179525944216492,0.015890962781756317,0.024520138665752197,0.019330107108113437
2019-04-10,0.013106927193520605,0.014123541034864861,0.016183834030996852,0.014953063072247435,0.015906986651208082,0.02396571014250432,0.018725520763128396
2019-04-11,0.012617107836293233,0.014112793699772247,0.015549888536218517,0.01435756080433561,0.015083371308320367,0.023353140171599698,0.01819766298372899
2019-04-12,0.012369973971525458,0.013686308108971779,0.01518158176704953,0.013716545536441638,0.014447299529858041,0.02334448739208604,0.017838005133255855
2019-04-15,0.018886172089582164,0.015169413059879488,0.02038114198371606,0.019357525561221795,0.016248947338611878,0.023578377985408818,0.018123728757294087
2019-04-16,0.01825047369740622,0.018899953835942073,0.01962529891058127,0.018464172092703738,0.015281243540775091,0.02299030250136082,0.017704664078537845
2019-04-17,0.01749909857116792,0.01820049095324453,0.01957274516338183,0.0171294764958054,0.018063294054019855,0.02328489449597542,0.01715071068471783
2019-04-18,0.018812021099385803,0.019486483065301825,0.020326509070212054,0.016091733133243254,0.017734062264036895,0.02275851499263769,0.017118294604444022
2019-04-22,0.01793374636505074,0.018768832025362253,0.0197343188946468,0.015146193337437597,0.017013736472090753,0.022577561407296894,0.017074878704055357
2019-04-23,0.01692875943606311,0.017987022395024078,0.01859314788645955,0.014360772643766223,0.016296749615475635,0.02205897926646481,0.01668136637884285
2019-04-24,0.01601496457517788,0.01717873416280742,0.0175038925724014,0.013715742367304471,0.015321594933945137,0.02232799117105254,0.016715790024991822
2019-04-25,0.015208951970787667,0.017341133267492915,0.016595042039745413,0.013224527430821783,0.014671416485299316,0.021840586739794214,0.01652715952970275
2019-04-26,0.014456630204997451,0.016616896452634887,0.015871239448546647,0.012800156116331576,0.013966016335995125,0.02177787931886632,0.018422752899462908
2019-04-29,0.013946068482540147,0.01610202944522455,0.015790359799689357,0.012847540358473625,0.014002834987792544,0.021795805597025753,0.017985911495559802
2019-04-30,0.01401762599660277,0.01643157668029437,0.016334647951289086,0.013468981189151304,0.015723397284762995,0.021644318589383548,0.018934040775465903
2019-05-01,0.013390516705989387,0.015838413539544325,0.015732263755279842,0.0132723050091964,0.014966845915521046,0.021207906737539074,0.018257330978083273
2019-05-02,0.01312220892219667,0.015341544621700991,0.016018348276724798,0.013567646873814274,0.014831742064271434,0.021112723691684158,0.017876938380894915
2019-05-03,0.012583776136617866,0.014780439352190177,0.01543687914687196,0.013359420253946234,0.014224915954994604,0.020782954709869204,0.017444693094989538
2019-05-06,0.012214731881617263,0.014723044320412007,0.014969279902909062,0.013115456421586355,0.014155420428478562,0.02037764377243364,0.01711360970145923
2019-05-07,0.01219441808558959,0.014331085893250202,0.014787169915533955,0.01314287127441792,0.013612118062741046,0.02025983887909149,0.01718762584023231
2019-05-08,0.013046074710429728,0.01503488841731094,0.01629292505657351,0.014726914612873525,0.018342103630222775,0.021708925434519532,0.01843339362193285
2019-05-09,0.01267274873542977,0.014747342840256352,0.015679607518015302,0.014141001780551124,0.017060133550935455,0.021290257627741012,0.017809364454116555
2019-05-10,0.01218736215851089,0.01427505473441004,0.015116351135622132,0.013617810243259705,0.01636284937974836,0.021028369558257466,0.01734065532091046
2019-05-13,0.011745586956258373,0.013834977137293933,0.014673033505960791,0.013264921325839287,0.015431678651942029,0.020786004108799314,0.01703837697198935
2019-05-14,0.014671823042977374,0.017356520648687538,0.022168287812651746,0.022301570492928847,0.025552697450615103,0.02157528274414493,0.020188470032761963
2019-05-15,0.014157187932123744,0.016698516640528013,0.02058787697114967,0.0209354092433928,0.023859493972176685,0.021148649625901662,0.020026098632010703
2019-05-16,0.013594833620865842,0.015996759346682574,0.019217212433499935,0.019819425201535446,0.02197739001991409,0.020718969833500613,0.01931828488716165
2019-05-17,0.013563793110827555,0.01589852563319629,0.018229689513539878,0.01866460637309098,0.021192634767205596,0.020320858813551137,0.018650633508524667
2019-05-20,0.01310949644234491,0.015524699998812248,0.017544868562568892,0.017540282147854587,0.020307947275085895,0.020107178358701558,0.019278960925509788
2019-05-21,0.012644355435863326,0.014948462599289374,0.016633157131754502,0.016354730254989017,0.01876984187385138,0.02032080705162225,0.018808937106088903
2019-05-22,0.01217655242335627,0.014683973926660751,0.016326787238299,0.015789140813739125,0.01859108490744852,0.02015454643502264,0.018239992700646433
2019-05-23,0.0121007878863152,0.015281864117562658,0.0173059920188126,0.015198781039831456,0.019330921265939355,0.020623851912281513,0.020438801764690373
2019-05-24,0.013493210679171834,0.01579345100795994,0.01771236952294627,0.017783770632078,0.018544124708849676,0.02054944063272806,0.020521944560994623
2019-05-28,0.013232412238109614,0.015256573426906278,0.016858569650995737,0.017459227922307415,0.017456275405287238,0.020307440376081565,0.019774672471304558
2019-05-29,0.013249923653403117,0.015804992043244086,0.017431310172140856,0.016817749649549896,0.016751188014666882,0.020650870012482225,0.01914969433727887
2019-05-30,0.012748234049281685,0.01522700067985878,0.016535089089056244,0.01593118042120281,0.01571659786038965,0.020543363267023898,0.018732977395824503
2019-05-31,0.012822920784143361,0.014727826439606493,0.016131391112986414,0.017343248160299335,0.014846882821295046,0.020158841674298943,0.018617221460674804
2019-06-03,0.012844119146178683,0.01640589920438903,0.018382604066469972,0.018251711473550734,0.01686428811844839,0.020394443390600144,0.018190288892503646
2019-06-04,0.012390189138535708,0.015767083922655738,0.017327260001852748,0.016971072505827127,0.016023732703082973,0.0200682308119859,0.01776142568208758
2019-06-05,0.015313837151802312,0.018601745486960142,0.021858177738065403,0.023553079324485457,0.024795849657865715,0.022951048206497734,0.02091211712409968
2019-06-06,0.014576415264927377,0.017884152676513214,0.02027090638950142,0.02146315873909206,0.022660383138289348,0.02296929111742911,0.02049463024791347
2019-06-07,0.013891089914336829,0.017191203561189847,0.019122598004458723,0.01971860936644494,0.02114577623616793,0.023181721699878005,0.01978699559154349
2019-06-10,0.013827778506684542,0.016441154826000528,0.01798666815528314,0.018926666695226472,0.020058565296969505,0.022608648567462027,0.01900916375168056
2019-06-11,0.013595926960853046,0.017128884635969746,0.01758151052975472,0.018963524947739757,0.020272298511074968,0.02253395875397865,0.018384175404702496
2019-06-12,0.01302145465803886,0.016404917469774592,0.01688590458939123,0.017667820434307473,0.019184507710972732,0.022218840850124752,0.017756200825923395
2019-06-13,0.01326713155490302,0.01732911327163141,0.018330013847622964,0.017020041742540702,0.018899489629039517,0.021982151199836517,0.01799207622496243
2019-06-14,0.012717207952684934,0.016665405629758222,0.017448842325261137,0.015922732410631458,0.0175916042881975,0.021493028550167485,0.017401709641937248
2019-06-17,0.012226156688242703,0.0159681090441465,0.016604429478010507,0.015041690733715078,0.01655438656850714,0.02122148702424853,0.017055883000855823
2019-06-18,0.011958936103518825,0.01540891870580343,0.016101137402790715,0.014393124528428137,0.016538343708150872,0.02081034566340552,0.016590254896079605
2019-06-19,0.012253616682707007,0.016164740024779967,0.016731756792458266,0.01653879112807665,0.01753597076675664,0.02226647490964267,0.016694120351039957
2019-06-20,0.012097282923619808,0.015542331248809443,0.016069087267265202,0.016131896527715156,0.01655153701585905,0.021961108063852968,0.016385018453270703
2019-06-21,0.011672974338093261,0.014958200269838485,0.015577728545904787,0.015209260210295956,0.015771347335527063,0.021470578609911795,0.015977951097766976
2019-06-24,0.011562493965032483,0.014437374721892804,0.015021239081870268,0.014608691600725652,0.014900890084332808,0.021017677158164272,0.016258443362695073
2019-06-25,0.011490443486323776,0.014152689004276561,0.015204995932206073,0.014100504358336083,0.014547177496671495,0.020768580705635628,0.01588646932116835
2019-06-26,0.011521657552778402,0.013916279650361494,0.015145011120238012,0.013921659318207467,0.01481005436538489,0.020375171085787534,0.01589043163841015
2019-06-27,0.01130562622162151,0.013572802135623632,0.014847859285694915,0.013476550019209197,0.014558541498652638,0.021625077641466005,0.016106530706297237
2019-06-28,0.010985025548768687,0.013635899182617593,0.014889826960742676,0.01355574552225884,0.014782974221715007,0.021844822815938844,0.01600392772502152
2019-07-01,0.013622235978457145,0.015393060389084863,0.014622274046240146,0.016729674917457405,0.01748744706436058,0.02154837579593933,0.015642152003064732
2019-07-02,0.01400634034893887,0.015167575134635696,0.01425241231190651,0.01654391561858458,0.016751783696759105,0.021089563751342168,0.015597689393002528
2019-07-03,0.01337134625014128,0.014692563170837352,0.013986089499315563,0.016002913577486934,0.015811484194721635,0.02072149824488425,0.015308667543442544
2019-07-05,0.012826588712828593,0.014198256504210038,0.013750565097747643,0.015159418296551652,0.015047759604021977,0.02143096503159154,0.015172894964491085
2019-07-08,0.01242052555612347,0.014001146235188989,0.01360405142486959,0.014586844725844863,0.014537497172750768,0.021997853140329843,0.015355007704273832
2019-07-09,0.012129751649489458,0.013976976299320844,0.01470283401115831,0.013945170362921843,0.013934090254333382,0.026232299657929673,0.015153967279907688
2019-07-10,0.011740308271628171,0.013854649035374337,0.014436910188643834,0.013482200789688458,0.013502028777899508,0.026797131789014838,0.015027857820128913
2019-07-11,0.011411448280353547,0.013736873546986772,0.014653909389779061,0.013830153686845982,0.013218100012463319,0.02627350331369658,0.014838273908916092
2019-07-12,0.011402122697614809,0.015415109035428254,0.015729343031079403,0.013939853717599496,0.01296392610334062,0.02562122789693006,0.015529821305973324
2019-07-15,0.011474672481053182,0.015267838359757473,0.015972201492756317,0.01340105352691983,0.012542635268425235,0.025590512215412985,0.015304991264474804
2019-07-16,0.011905006162976373,0.015125277383704859,0.015778452652903036,0.013365614850457154,0.012189163861752655,0.025044691924382717,0.015281780259449176
2019-07-17,0.01192197487408152,0.015580220625982945,0.0151735824651753,0.013343959975989592,0.012113969781466418,0.025085712121207127,0.01500805445094668
2019-07-18,0.012030340333328737,0.015347861893048815,0.01568093337132863,0.013104099695116373,0.012188016839595169,0.024532987865461854,0.015203391151067957
2019-07-19,0.01171720064439851,0.01487036548209896,0.01587605855353865,0.013179511510427127,0.012940806655397484,0.02391329354311602,0.015385417052257051
2019-07-22,0.01185997741021517,0.014441067165197172,0.015262905166644579,0.01282867968997983,0.013452450297893867,0.024153154241209448,0.015144580350054105
2019-07-23,0.011589381120270987,0.01398464869521985,0.014760319835734741,0.012622063635293345,0.012956249531394697,0.023639123986594027,0.01502806950217635
2019-07-24,0.012539360646986231,0.015497870939301083,0.014995178946301204,0.0149864982834794,0.013338174814667552,0.02347472364780082,0.015224288651733468
2019-07-25,0.012098376141868643,0.015311951930017777,0.014796468595696267,0.015103479358460521,0.013883484139067053,0.022896962676646444,0.015217518164669135
2019-07-26,0.012159076130379943,0.015045326584195854,0.015269841353177103,0.015024146309332574,0.016024602393131557,0.022349157595121145,0.016082750550646664
2019-07-29,0.011771116779823725,0.014788272306335004,0.016087586899026538,0.01517016397157946,0.01560424682948424,0.02184967156040161,0.015796210407556327
2019-07-30,0.011448759937539195,0.014525190772712889,0.01598884472901675,0.014798225123393823,0.014918966166469426,0.021581247967306358,0.01596391212468411
2019-07-31,0.01113168773527148,0.014113899483468141,0.015464579934636962,0.014742076499989203,0.014160566690501055,0.021260136047740588,0.01660678466612439
2019-08-01,0.010836967274195714,0.013811832701701056,0.014958675316694411,0.0143392552538139,0.013892086386497861,0.020900463736835708,0.017321521203759228
2019-08-02,0.013878048375654399,0.018105944436735674,0.019683377401166557,0.02086045851207067,0.02074682815881268,0.02140219500727768,0.017546917760830318
2019-08-05,0.013259825692494065,0.01759033330890604,0.019685110228045963,0.01923897172493488,0.01918982244681268,0.02265235320045627,0.017056597779202473
2019-08-06,0.016263656579537475,0.020372050424152292,0.023183798983596366,0.02526929292427993,0.022941364718377114,0.023310168128988708,0.020515501343728502
2019-08-07,0.015575292021692484,0.020332174298552812,0.02219883302127259,0.02334804971755812,0.021915068602071895,0.022734379972788387,0.01997470784194833
2019-08-08,0.016567669088720004,0.01929306114788484,0.02138746758104935,0.022615651346646524,0.021255832997409296,0.022759318826459856,0.019190598247186382
2019-08-09,0.016522482026688174,0.018422725437123498,0.020678663066017025,0.021647488509756098,0.021656979546072194,0.02300468115858555,0.018471333934824134
2019-08-12,0.01565943699904736,0.017555560758518603,0.01932853597810332,0.01985327608846691,0.020366343876768687,0.02281054707761985,0.018181338321689163
2019-08-13,0.016216449461287728,0.0186458488745905,0.020707028676400216,0.02081925751675467,0.021805591984636764,0.02934627405910547,0.018687509749449216
2019-08-14,0.01607043487380248,0.018147259612845367,0.019450035641980997,0.01913988714102165,0.02032730440279635,0.02969414019939368,0.01802117037417271
2019-08-15,0.020788894733732972,0.02173752175188072,0.02191074062391683,0.025992193206932288,0.028431540658887023,0.03380420734604485,0.019341899244304493
2019-08-16,0.0195566417208158,0.020581829897745468,0.02043808244435401,0.0237254038456188,0.025839197129267317,0.03381462364102004,0.018657658560574077
2019-08-19,0.019851802696133368,0.02010642649128801,0.020344443266644304,0.024292482724268677,0.027062199201131763,0.037138273848985416,0.019344793617594
2019-08-20,0.018861638197985576,0.0195113961218549,0.019285930588069905,0.022314487874557143,0.02510536687042949,0.03591167807389042,0.018820159350226292
2019-08-21,0.018326978120715313,0.018866470270881616,0.018608159997103475,0.02200443248047352,0.023600202607158106,0.034665426028623804,0.018839324053566076
2019-08-22,0.017297432414657424,0.017979177956846434,0.017515919939039913,0.020318525814629323,0.02164048280890363,0.0334097309691887,0.018182551396391574
2019-08-23,0.016632401379382343,0.017332211171867652,0.01680384288508408,0.019009719888993963,0.020272576603358988,0.03264400120541448,0.01796793929311736
2019-08-26,0.017897118287314214,0.019164248471635816,0.018151155749292505,0.020625504404233982,0.022431503902673094,0.032193169541501386,0.018111522527218094
2019-08-27,0.017052366284099164,0.018944115768795636,0.0185077782174951,0.01942343732058708,0.02110180575279787,0.03123688294081453,0.01751517688230132
2019-08-28,0.016561130564192707,0.018205369447850995,0.017785190894899428,0.018582219020222345,0.02060879056327347,0.030219015674209114,0.01703376450019595
2019-08-29,0.015957833099733004,0.017697031029454136,0.017512332432086167,0.01800853736770161,0.019470571425947773,0.029211796086470745,0.016655193035649433
2019-08-30,0.016682476636318642,0.01804044210918035,0.018212100568270616,0.017997222283617925,0.020298501816343045,0.02831799452408766,0.01646789046937472
2019-09-03,0.015872962192141682,0.017216822694023786,0.017241065396492172,0.01688559913411878,0.018913719298037052,0.027426940875544866,0.016157554840768116
2019-09-04,0.01562734312228521,0.018132222595449672,0.016991509789309855,0.01723856577100527,0.018509086774391927,0.026623761330558156,0.01580381351626414
2019-09-05,0.015269819214972549,0.01776012086834825,0.01672552169069095,0.01717349173117847,0.01793177902747982,0.026465197798841014,0.015821884653103916
2019-09-06,0.016132902320445938,0.018656607523494042,0.01763417017522823,0.019500327534500147,0.020640502891892582,0.027773134519725618,0.01698934186732712
2019-09-09,0.015297716067048406,0.017765341336093313,0.01691811292164663,0.018900839108381903,0.019185720041578015,0.026913508315961777,0.01657183914154627
2019-09-10,0.01644713728791985,0.01826796164041386,0.017694601228088667,0.02129584148155299,0.02401947271771139,0.027396757591278676,0.0166603697934972
2019-09-11,0.016042883412599008,0.018133577552878456,0.01711335552145494,0.02166050332295377,0.021987315042805395,0.026999149664799514,0.02239406194933088
2019-09-12,0.015222575518484646,0.01735766755784321,0.016473729671504494,0.019872388904101507,0.020213680173194217,0.02617438380852568,0.021458730756593637
2019-09-13,0.014568323254235413,0.016789570172921417,0.015974015677343478,0.018482491668908644,0.01878246886370736,0.025414810190276787,0.020505300911530057
2019-09-16,0.015145269916073189,0.016146151476816296,0.016560456245779537,0.018231546098563825,0.018406908184522095,0.024964348317086226,0.026017836956210818
2019-09-17,0.014753236680163333,0.01597480641206622,0.01619215017640621,0.016952576659155477,0.017433322555409896,0.025072790883232624,0.025473684071292305
2019-09-18,0.014174733467044863,0.015472677507520637,0.016159702996220292,0.01610131233861094,0.016425066833068845,0.024398225539059615,0.024727875655259326
2019-09-19,0.013843875840327126,0.01497206221432368,0.015509045496213576,0.015158219619775619,0.01575614111721914,0.024045993613712603,0.023995829963889576
2019-09-20,0.013292235484082234,0.014705183036288228,0.015244791439383818,0.014614194905114057,0.015021299230175186,0.023413373127878282,0.023052623129372805
2019-09-23,0.01283121932292277,0.014386271408381644,0.015053700599466122,0.014315830456019703,0.014428318358308887,0.022945794722977583,0.022091369475556816
2019-09-24,0.01232140349565322,0.013935275884526479,0.014626344383819313,0.01373446442496572,0.013772660679581787,0.023189986698943024,0.021485977363326924
2019-09-25,0.01271493408382462,0.015912574202283408,0.016613172232857316,0.015463401803446953,0.016300803856919236,0.023535920784285527,0.02150318528670235
2019-09-26,0.012311886990476752,0.015618734172272773,0.01630273941170086,0.015118885378920746,0.01738588696348563,0.0229359861890727,0.020550591429241337
2019-09-27,0.012223962641117272,0.015279514045592872,0.01603864940869234,0.0144653269448771,0.016332849831419777,0.022949750867094353,0.019810063910651748
2019-09-30,0.011885020914694162,0.014753996698519505,0.015457367937025797,0.014048096857742047,0.015448631709561678,0.022828269839617533,0.019201538104944696
2019-10-01,0.011477962635765303,0.014502640643499244,0.015002842918636454,0.013730173394461418,0.014784795728513054,0.022358357537027206,0.01852216056495625
2019-10-02,0.012766144688578618,0.01562300257103288,0.01823972370807294,0.016677426550655725,0.015075178360044666,0.02329058982803088,0.018195564633445963
2019-10-03,0.014047857876322211,0.016527995398478032,0.019972143013896267,0.017851409675973647,0.018138218405864194,0.0227942721553612,0.01983616847831505
2019-10-04,0.013430266792518873,0.015932993608329147,0.01866211534252298,0.016628896183130272,0.01705274017955208,0.022285404042685232,0.01906735686918916
2019-10-07,0.014494890182824658,0.016202851674957042,0.01807340846938503,0.01728325377522137,0.018020553521937367,0.021812188297100923,0.018707282785538577
2019-10-08,0.013848246849685246,0.015568533697371087,0.017107908525019772,0.016176456777913868,0.016788278740811367,0.021593175618878194,0.01817028621674131
2019-10-09,0.015286247356373017,0.015722932984071913,0.018021310406214814,0.018090746684363317,0.018834650155363064,0.021909082888709377,0.017758501934867645
2019-10-10,0.014671320138278559,0.01514908339508255,0.0177730701783523,0.0171424481925097,0.018422883131765252,0.021433105222534075,0.01721914712137024
2019-10-11,0.01460324920169567,0.015283088637888015,0.017527224684622172,0.01766168909832712,0.01836812544955105,0.02194518960946469,0.023848649909349002
2019-10-14,0.01484061851025574,0.016348973830964984,0.01807240254598559,0.01749345983927614,0.018919557091110175,0.024013610620166888,0.03336075177010617
2019-10-15,0.014134982059656376,0.015759150905211402,0.01723053972883392,0.016547397507642544,0.017564468673376375,0.023554900601960173,0.03168411373439302
2019-10-16,0.01643952445817907,0.015174160660493327,0.016491074922655627,0.01724028549820584,0.017203081298011177,0.02404172490848768,0.03472310144679313
2019-10-17,0.015606553563523686,0.014684125184747012,0.01586273574095401,0.016987090073730258,0.018806581884845675,0.023478715160709894,0.03258112241049915
2019-10-18,0.01489413633869827,0.014274657125271034,0.016029566817950328,0.015911547868404322,0.017461632773668478,0.022954305816301847,0.030640795098228507
2019-10-21,0.014174283494260557,0.013825718783829067,0.01544667748410243,0.015017351345270174,0.016317222444370658,0.02240218052767053,0.029088011080099698
2019-10-22,0.015562321112790782,0.013970676689540312,0.018003479572519694,0.016445396685997406,0.019001413087875157,0.022393112964975453,0.027467942328647302
2019-10-23,0.015070073871856049,0.01356036107006123,0.01723906244526484,0.015559029772047988,0.017663244561728287,0.022453761271082003,0.02620837637590011
2019-10-24,0.014341743592705786,0.013399041713826776,0.01680106403489034,0.014900674595448716,0.01658908217497047,0.022058754255340107,0.025141810634175678
2019-10-25,0.013683666800693028,0.013058527761407137,0.016076835544562337,0.014197892239529875,0.01559633521623353,0.021730686720548585,0.023934827369005745
2019-10-28,0.013282477463166222,0.013490121869253963,0.016011864069549634,0.014199013721018939,0.015387560604878026,0.02135983560609297,0.02413556320711826
2019-10-29,0.012755801795419831,0.013987138736373885,0.015697299951225194,0.013632916940359284,0.0146890106128702,0.021046917177205627,0.02293529070832421
2019-10-30,0.012259221682370975,0.013572907972658635,0.015108769489623657,0.013357404502148083,0.014249594431873083,0.020727795025612335,0.021865370951635956
2019-10-31,0.01199216774236398,0.01347620042686841,0.014753512060258024,0.014151247326213333,0.013617895473208368,0.028026577296986665,0.020918888183160872
2019-11-01,0.011814884060956538,0.013596309553006109,0.014458511159449787,0.014320429951265241,0.014454645719717205,0.02737337730110581,0.020175497922290352
2019-11-04,0.013462194544543005,0.014332959668750842,0.016876329748595365,0.01503872928781927,0.019067268187684082,0.026911764244055912,0.019409128806556625
2019-11-05,0.013085616475797932,0.01426848448101928,0.0192551502645633,0.01588564775871771,0.0188974928169963,0.02745671659102524,0.018699222855072285
2019-11-06,0.012551025003502532,0.013942332778937548,0.018079166942179502,0.015695332623944,0.01763464330469645,0.02664772933873584,0.018034560814665267
2019-11-07,0.012067567472383516,0.013537205064317095,0.01715424559929143,0.014829347605308804,0.016620295305929827,0.02587348620587266,0.017674090351879806
2019-11-08,0.01172630120972727,0.014720680364962517,0.016310195017654346,0.014922187819404091,0.0171011763587642,0.025347751386542328,0.017183697358533773
2019-11-11,0.01134945366021736,0.014238257915041463,0.01593286119809749,0.014176296727840192,0.016060128982926677,0.024955675669739708,0.017339113444983106
2019-11-12,0.011091080826035785,0.01484126080434662,0.015314340120933283,0.013622307015468129,0.015386036887648478,0.024269054146816915,0.0194832076013199
2019-11-13,0.010991827711947576,0.014440620287491965,0.014816557734014319,0.013185134577995299,0.014840788654121704,0.02362783131445438,0.018736101727587107
2019-11-14,0.010868511795030407,0.014069779938722589,0.015147473921093923,0.01333129685159375,0.015422623506720377,0.02560386944978359,0.018344689573841767
2019-11-15,0.010570078032191692,0.013643332678919755,0.014711857515471891,0.01295193958304987,0.014587671465001638,0.024973803534673794,0.017731570834227436
2019-11-18,0.010509832045303605,0.013302206665527132,0.01450540276199558,0.01280280839486032,0.014145229602850947,0.024498170668690485,0.01726703393522825
2019-11-19,0.010539866257457772,0.012990393912781992,0.01413433208043686,0.012451917533969492,0.01350631845248441,0.023868723435163955,0.016762457871182804
2019-11-20,0.010287788220477358,0.012690041090938929,0.013956160241378489,0.012182914399854089,0.013126518318816591,0.02324624662859277,0.01631444586234778
2019-11-21,0.010409479654945977,0.01280140277938458,0.013826764064109511,0.012398013371827039,0.013601392443271174,0.02272492553084132,0.016799400121585893
2019-11-22,0.01017566577063528,0.012523735616846006,0.013756910996890186,0.012216715257595547,0.013054510096605658,0.02233181248890459,0.01636157845027468
2019-11-25,0.010131574444406693,0.01257095889171327,0.01378405424935813,0.012542341451744914,0.013516347597011582,0.021824880842758243,0.01606337346224276
2019-11-26,0.010026011331594477,0.01274053024392468,0.014346510355753463,0.012624735607493063,0.013584977560714105,0.021353667203095887,0.016282139607022114
2019-11-27,0.009829736067396849,0.012478087662193667,0.014611061115904999,0.01242733596866846,0.013106569917160108,0.021111363477629177,0.015920937788830466
2019-11-29,0.009679887104917436,0.012247403386687871,0.014406193558463407,0.01216149002421566,0.012694048689100922,0.020806494439083657,0.0165789099868645
2019-12-02,0.009582326280324372,0.012048151152323836,0.014258667854392879,0.012030199563123789,0.012738110722918026,0.020983709240679365,0.016880913365901334
2019-12-03,0.009495190462068571,0.01297937474881484,0.014282312150684493,0.011874492867719171,0.012779615837269054,0.02057452005608336,0.016658233625504587
2019-12-04,0.010398977461791763,0.014873978991048536,0.015732723003601744,0.013774921201180316,0.013968090666895073,0.020649719947840133,0.016535682413183393
2019-12-05,0.011837653817842332,0.015247116540514812,0.01592652088018077,0.013655433012112982,0.014115809639002483,0.020586038049552408,0.016216236258186113
2019-12-06,0.011524295056240379,0.01477547722882204,0.015351176974238974,0.013187046987735755,0.013678332982339806,0.020197922058288992,0.016163113094121356
2019-12-09,0.012034582636205316,0.017517825987023092,0.015598298814792957,0.01430448721123983,0.014226134478808074,0.019879953247126513,0.016356567072360915
2019-12-10,0.011747279121274592,0.017195607119701684,0.01511917964328007,0.013840460990458485,0.013834008902961223,0.01954515128868471,0.016204254059840335
2019-12-11,0.011349387412882281,0.016444619336130714,0.014633598902996607,0.01329129924540888,0.013415315686235583,0.019244700667511428,0.015911714579154714
2019-12-12,0.011048120000127995,0.015805327959164218,0.014357156463718417,0.01288184349767379,0.012971828886010228,0.019095466694233242,0.01562719202521748
2019-12-13,0.0139504111566408,0.01651767037352814,0.016315345410535892,0.017036083176373028,0.01459300676787521,0.021294449017844923,0.015790204898375626
2019-12-16,0.013693326382030484,0.015909758796729866,0.015979634610581325,0.016213181287832182,0.01432771994113544,0.021046806668582798,0.02693910236508898
2019-12-17,0.013125301974023703,0.015789503464721896,0.015631264843635563,0.015467542564160277,0.013875557958902433,0.021651704116161727,0.02844615844557504
2019-12-18,0.012693403981071017,0.015694679671276617,0.015079631094906659,0.015036528861219131,0.013867518494093883,0.02150166810761176,0.028769072771225437
2019-12-19,0.012209211366467741,0.015131714306856128,0.014729185958833144,0.014277971590411538,0.013292116600017567,0.021124770690206858,0.027404478431516548
2019-12-20,0.01191833744187234,0.014612940133292342,0.014356216270070554,0.013807275774918783,0.012852124648438655,0.021129055390534536,0.02623146108880333
2019-12-23,0.011514877799779371,0.014203864594388873,0.014090145546552609,0.013265569609333061,0.012505149734634907,0.021019737084184392,0.02663024488150034
2019-12-24,0.011149489038221721,0.013762839093575969,0.013799732504462685,0.012983452443298254,0.012191889713390773,0.02082837344938188,0.02520911386613284
2019-12-26,0.010835584242894079,0.01340447264190886,0.013575567594798759,0.01259949728924615,0.011936165824005746,0.020479686248324885,0.024050835482464134
2019-12-27,0.011001593894932273,0.013148243091904712,0.013634454010330303,0.012648515579603455,0.013094140399785523,0.02013521200864529,0.022887135967716077
2019-12-30,0.010687893656869937,0.012854867454247711,0.01344093541082497,0.012519525660937447,0.01267001990540761,0.019778178774056968,0.021817929228761742
2019-12-31,0.010517519046834702,0.012631158767269677,0.013332245204514077,0.012482303817006143,0.012321731808640206,0.01953645807494768,0.020851116048251957
2020-01-02,0.010371243349774155,0.012369888118838839,0.013217075544890393,0.01220374093531942,0.012111681424609722,0.01931292500717403,0.020237819581769737
2020-01-03,0.010765059315536639,0.01337791418796729,0.014382304014921741,0.012724755931143179,0.013397383361512787,0.02503820229630682,0.020936008693384512
2020-01-06,0.01145772747211579,0.013548323402804138,0.015255037570566071,0.015019315521049646,0.014968716640735812,0.025089730665845772,0.021615688157764303
2020-01-07,0.01110581101840766,0.013509386892434798,0.014821633584613832,0.014282698805569056,0.014265828350208665,0.02445058954731564,0.020656130620405104
2020-01-08,0.012286684988559964,0.013276968690044749,0.014423814844551694,0.013954854942080302,0.014074618609775456,0.024428112201094674,0.01979575125496641
2020-01-09,0.012040005671455937,0.013236155270923002,0.014663260063927222,0.013862612186008655,0.013727454320613926,0.02543980713613514,0.01902446083575893
2020-01-10,0.011644033641683225,0.014229525670582902,0.01457566136345327,0.013313880350979164,0.013571409769413562,0.02473794180743476,0.018332601586402823
2020-01-13,0.011809172061305512,0.013805839754987998,0.014208869184771673,0.013345158243072107,0.013707728568632177,0.024188269707135262,0.01800704380117678
2020-01-14,0.01165472446686361,0.013919715043448489,0.014328211525013719,0.013295854493715504,0.014722711998202114,0.023571355796343743,0.01741886275589007
2020-01-15,0.011794718900379506,0.01351654436637264,0.013993176342676012,0.013103594963470546,0.015164063935929973,0.023137808872174825,0.017007317624485492
2020-01-16,0.012533211009032472,0.013170349304137345,0.013723469413333224,0.014770661409010503,0.014756920482753913,0.02306564606222274,0.01709269533903392
2020-01-17,0.012088549754016213,0.013938877611204763,0.025866673207319665,0.01405391953071091,0.014081858176531493,0.022792399965490873,0.016636764421911972
2020-01-21,0.01181590912200719,0.013534484870201615,0.02450192147525313,0.013471625010784473,0.01345738162960973,0.02249906083138552,0.01688207075780964
2020-01-22,0.011942478166989986,0.014000686950975642,0.024671755360453566,0.014068462722069996,0.014305093104462634,0.022386171562267153,0.01664290925371428
2020-01-23,0.011542803922394507,0.013668094237190051,0.022671395084486127,0.013502064203820299,0.01366059986278624,0.02217875059311076,0.01673458463333043
2020-01-24,0.01118522231622084,0.013428967180901372,0.021083833002097055,0.013367333658324446,0.013206357836750558,0.022133813390724538,0.016979867618336558
2020-01-27,0.013786839281994603,0.013894976805006141,0.02065527740255002,0.014680601485231766,0.014527213482816523,0.021632759811160293,0.016516867274860556
2020-01-28,0.013523332838114353,0.014359665313197639,0.02151764740014535,0.016315120449623677,0.016390427793747907,0.021182431220205723,0.017040215285001253
2020-01-29,0.014091167599447944,0.014944894986767305,0.020749834402279996,0.015917601722070872,0.01559536743312753,0.02105734426768158,0.016802586171980206
2020-01-30,0.013470380310425712,0.014782157784887446,0.019479711002380322,0.01529911523884249,0.015271421117487223,0.020811583201205866,0.016378760948523623
2020-01-31,0.013414523082229885,0.015097214409791466,0.018475863037855943,0.015391899369680311,0.015170617878424242,0.024738633987044675,0.016619375717132588
2020-02-03,0.01561703973670216,0.016706574944795792,0.020361859956757294,0.016593971997581954,0.019474918359139278,0.02436965346709548,0.0179315047787199
2020-02-04,0.01498544284405888,0.016071640046288714,0.01909242708448788,0.01561905161048769,0.018380769599859778,0.02423720919675794,0.01740394858653252
2020-02-05,0.014909052959088896,0.015841204726745634,0.020057790874849234,0.01645852376219985,0.018417113192471565,0.02360324171065636,0.01733575372868594
2020-02-06,0.015110861892743577,0.015484929873757665,0.019646997196850768,0.019639493037723908,0.020691917064876185,0.02321428909033122,0.017265892089563778
2020-02-07,0.014369603019445369,0.015254685040077001,0.018388580486993454,0.018136954041141125,0.0190859104522211,0.038296007339037284,0.017120747625846765
2020-02-10,0.013764061384113478,0.015521202560148545,0.01733300743627068,0.01688160027550294,0.017768514842520174,0.03682089126670575,0.016631209673359
2020-02-11,0.013195736995701045,0.014969649046615985,0.016543620265600717,0.015811691016519754,0.016615112108735654,0.035507186202097,0.016230593859463464
2020-02-12,0.012647004860590847,0.014503194226646086,0.015982109051971494,0.014922234337454139,0.015839951202094825,0.03448176287797899,0.01637559941575301
2020-02-13,0.012155190095424264,0.014281204863949466,0.015494703160964171,0.014242033548512587,0.014961470437815799,0.03411582468809913,0.01597255804824419
2020-02-14,0.011726769708840996,0.013841148444365702,0.015053008177048887,0.013625110253965449,0.014305383804977251,0.03307163767802346,0.015744446244446937
2020-02-18,0.011404398062492951,0.013554932549834631,0.014603630017281218,0.013152726850456294,0.013694601956542842,0.031882525101658905,0.01559621749774508
2020-02-19,0.011982981102534353,0.014153646560238148,0.014399050173233665,0.014460927942560393,0.014536946141381745,0.031601265134164544,0.015283778818271967
2020-02-20,0.012273431270912662,0.014668392234641796,0.014794419188867067,0.014600369490651017,0.01400011340039587,0.030508281158749987,0.015009805051899923
2020-02-21,0.011821578054915545,0.015429607818700685,0.021912342987164397,0.013959014872707332,0.013399702674139924,0.029466812228170734,0.016905823423461013
2020-02-24,0.01220213979240668,0.015138723305680049,0.022228177589979907,0.014602440469277032,0.015823575833293392,0.030131916592613953,0.016521152484220557
2020-02-25,0.014921732118261746,0.01677426376809103,0.028034085195362768,0.023757907282254912,0.02551202646381637,0.03248264966355245,0.026441921787887176
2020-02-26,0.02080509464188448,0.01875293836305953,0.028272479225395962,0.029787870741677516,0.02896936333467927,0.03228181414751646,0.026164079962991145
2020-02-27,0.0195604915384236,0.01805603454831941,0.02647213557205873,0.027501054104128425,0.027291563551292454,0.03128393790095451,0.02480614513072026
2020-02-28,0.023236068663904555,0.022647094392180152,0.028012158054498443,0.03183391613574747,0.03328227844423709,0.032557801948119656,0.02577529782722789
2020-03-02,0.026307617521686425,0.022127603604000377,0.025741274716975293,0.029948702517956272,0.030733816986768234,0.032169464503379736,0.02504968868201026
2020-03-03,0.028587843645397886,0.024512334619732595,0.025924195020962007,0.029292839160066718,0.03703975000026716,0.03123675751457409,0.025003016257319224
2020-03-04,0.029595467072112976,0.024805074475035188,0.028785592901512058,0.03464938246702884,0.03668474040853877,0.03277189966582947,0.02900643650602673
2020-03-05,0.028665108700474416,0.024605733034474817,0.026941519460243077,0.03222918590985314,0.03578110988562144,0.031645459916030586,0.02758029867541735
2020-03-06,0.03155750468549594,0.027612860890693067,0.03259924502940381,0.0355336722335523,0.03992647064783365,0.0333745052477085,0.029474255302611857
2020-03-09,0.03429972002550167,0.027580884124289554,0.03022339446084303,0.03572538453700484,0.038601217088290916,0.03254854637728552,0.02861753215661169
2020-03-10,0.05751532905972406,0.04237017060988125,0.04731659151657558,0.0700439333771355,0.0773375101126831,0.04526639399433234,0.04455048682446546
2020-03-11,0.058609191117916556,0.044105724322102066,0.04600398464317446,0.06834513157780989,0.0756482073968734,0.045016508241022615,0.042427467125642375
2020-03-12,0.05673557471376332,0.04639323987528433,0.04790122850871634,0.0627528698273313,0.07638792754266313,0.04601940270450325,0.042812132115376135
2020-03-13,0.05984764127269598,0.05906322472106712,0.07165126974277483,0.0682075069580316,0.09285993879768009,0.05882997474085789,0.06430195102510161
2020-03-16,0.07733142543227615,0.07375202798396248,0.0895001422391192,0.08774709832592077,0.1050622916688553,0.059156261706243295,0.06455060720407382
2020-03-17,0.08933968946818605,0.08017021408647272,0.09943541837392095,0.10165178829828897,0.12593650847842583,0.060155718013066586,0.09796539273757972
2020-03-18,0.08504026726774047,0.07494643136553164,0.09127839480156796,0.09426566965182002,0.11289666313897322,0.05900536735864101,0.09102372221741134
2020-03-19,0.08697502169780645,0.07948370211677691,0.0877554728100068,0.0863440864457311,0.10821478101431355,0.057259439801910596,0.08952445482400918
2020-03-20,0.08084773179040634,0.0765186159583235,0.07812418239214901,0.07685162014515656,0.10211949723192229,0.0561928336530511,0.08332155252046167
2020-03-23,0.07535957902247187,0.07496942619626626,0.07112261321036753,0.07425143227329717,0.09268881298342176,0.05392313368890363,0.07769803281815918
2020-03-24,0.07227196540902997,0.07016604020207318,0.06740575222335214,0.0737258205488243,0.0876726643611007,0.05171643222113504,0.07349605758922972
2020-03-25,0.07630832599503984,0.07615003267561658,0.08619813754190876,0.08780442304919452,0.09520513247018136,0.057108202544361275,0.08139334759957606
2020-03-26,0.07176000568948955,0.07088515437033288,0.07711492653682415,0.07779815623375647,0.08584886659110284,0.05565902524415048,0.08255462719643188
2020-03-27,0.07003762773694669,0.06893723004914425,0.07075170150697738,0.07463516039163383,0.08514425658698072,0.053393234999774025,0.07842620886381657
2020-03-30,0.06943786120552876,0.06567674330809332,0.06540473347140545,0.06914217472114136,0.0786128791673077,0.05433519942845884,0.07614690389179066
2020-03-31,0.06494933372211872,0.06116159786163916,0.05890655796821529,0.06180422809042635,0.07037502108259805,0.052023710317897945,0.07168437935954697
2020-04-01,0.0616006827041437,0.057784621542764814,0.05334198138968646,0.056869453932916175,0.06551201953840016,0.04992098348342384,0.06716874099266917
2020-04-02,0.06111026627631703,0.0570669850600961,0.05415589853933122,0.05781966050652532,0.06841541061999672,0.050999879739916404,0.07169296648495375
2020-04-03,0.05792407546599207,0.053971655878518224,0.05404982396045185,0.05356323853278218,0.06166175223260458,0.048897013412506185,0.06674849963598556
2020-04-06,0.05472601227466271,0.05066635726410271,0.04833309179448901,0.048816311142296606,0.05808145500208793,0.047091085585866985,0.06282813408445803
2020-04-07,0.054647818641093845,0.05226465796813863,0.05317344704258935,0.05029063110161057,0.06323712578701801,0.04883400132553713,0.06414064774786135
2020-04-08,0.05091195006429272,0.05080481543672733,0.04756384223735874,0.0466430313389486,0.056661468435469174,0.04774402807359829,0.06346424324207335
2020-04-09,0.0489573134330488,0.05112051695286301,0.047939196512663124,0.0470678441950497,0.05767641124326896,0.04589546682400623,0.05913489244114329
2020-04-13,0.053291751252605456,0.049164884455583646,0.045345857232986606,0.04756268846273133,0.05816957231893374,0.044330806896778305,0.05880995270917417
2020-04-14,0.051768177068462935,0.046633839616506315,0.04278307222763358,0.04505534132911678,0.05251995885529535,0.04296024530590542,0.05575329896476768
2020-04-15,0.04899602590976972,0.0435200138425834,0.03847937896737159,0.0403109565612704,0.04836636097960405,0.042868191909855226,0.05198273810381363
2020-04-16,0.04853328180402454,0.04060727410069214,0.0371222120905999,0.04469175723506479,0.04908199501555046,0.046949407118879585,0.05455315781062816
2020-04-17,0.04693252223105675,0.03800806408899245,0.03346738655774594,0.042260992100993565,0.04931302325233756,0.04500068983784903,0.05088289634307339
2020-04-20,0.05173106293669644,0.03710702402385274,0.030918049122168084,0.049560566880448104,0.06287030762868674,0.04477920498299563,0.05067164269076323
2020-04-21,0.0496377415558599,0.03508593340028355,0.028885924555208664,0.04616537908899629,0.057754806932043684,0.04364397476652881,0.04787100368884409
2020-04-22,0.04717418546239041,0.034761664195488734,0.029498987783740726,0.04396331132062073,0.05644182337158973,0.04295837844910764,0.04651533851589001
2020-04-23,0.04385102305867977,0.03272294138314564,0.027918490391331586,0.039292092309319154,0.050970197774272356,0.04122093691804957,0.04343054828304865
2020-04-24,0.04077297515361151,0.030690948449974394,0.025689589373835732,0.035132410982983524,0.045787037153093374,0.039728839626858484,0.04151209201393388
2020-04-27,0.03819390654725503,0.0289521540726674,0.023931263131721017,0.03191041764728409,0.041537116896160756,0.03922267206518587,0.03887763537930835
2020-04-28,0.03801864273141807,0.029279055085364353,0.024996335744187265,0.035982562757307636,0.04790475851039764,0.046919643433091344,0.03721111360039357
2020-04-29,0.03544265129990622,0.028030302753702142,0.023959360445081575,0.03289883640309339,0.04334494440754638,0.04532192253654443,0.041634200964319
2020-04-30,0.03405877861781942,0.026748523529999582,0.023618442173486742,0.03266934401918159,0.045911680659761485,0.05114074422579713,0.055368007880161496
2020-05-01,0.03257884395401721,0.02741251018268595,0.02491563266243112,0.031689345868424396,0.04345606465162405,0.04965944176734757,0.05328393764172909
2020-05-04,0.031664380657249656,0.027932371965441606,0.024780209849086306,0.03285340988047859,0.04452093826742248,0.04832567376115291,0.05058713658577193
2020-05-05,0.029822850430044238,0.026309762994074715,0.022968245292079907,0.02964030922701744,0.04019509341107669,0.046425496417532935,0.04785555023480274
2020-05-06,0.027839673180406584,0.025031050704569822,0.021244157124767477,0.02716224009878297,0.03767855896231845,0.04458612596606058,0.04469983943430001
2020-05-07,0.02680203964392371,0.023706785490861648,0.02081295642182517,0.025214541996080496,0.035192858218938895,0.0431647438577084,0.04221961791459687
2020-05-08,0.025238269865309373,0.024111470858259598,0.023648135078758806,0.024291857858110607,0.03508569565081542,0.04193178456332907,0.04122501191837455
2020-05-11,0.024134337446849514,0.023265017799098394,0.02438165940193418,0.0251191784333082,0.03473120630614018,0.04052378231618647,0.0396123598643186
2020-05-12,0.024735361446804237,0.022288554050461293,0.022549615019881075,0.02846676700175298,0.037011341049147946,0.03950384606874739,0.039196208492762924
2020-05-13,0.025693098801830395,0.023400085604044732,0.024505996397292087,0.028691076941225448,0.03690899538012336,0.03795755442789337,0.03804040743107845
2020-05-14,0.02674895252796193,0.024066974530722013,0.026277146918667994,0.03185235800715824,0.03723564034206759,0.03809832513178323,0.037716396028929566
2020-05-15,0.028173651056357697,0.023138793023780187,0.02514300746465692,0.032356667906526415,0.03623009420496566,0.03668599371940725,0.035486248689783055
2020-05-18,0.027076923479221547,0.022337304302082285,0.023629812175525445,0.029530137434254814,0.03272825658364103,0.036188206381101026,0.03344235259004238
2020-05-19,0.03023696365451583,0.0271632498099467,0.034403034772601544,0.03712444315777808,0.04452368641986264,0.04244206910587699,0.04294762023951371
2020-05-20,0.029014546342202352,0.026468213725005903,0.03226293976272762,0.035587633749662576,0.04150130112474224,0.040798737719360434,0.041325790382201015
2020-05-21,0.02865415523646012,0.02560010860819331,0.03272935480123316,0.03399331652563817,0.038385806274698814,0.041853602829300875,0.03989457752944888
2020-05-22,0.02712345866067792,0.02421420676587156,0.030404137131072345,0.03049893165568613,0.03485916297864084,0.040461484691584275,0.03792921569961063
2020-05-26,0.025503203855727755,0.02283096591499747,0.027665785827684388,0.027809502870589017,0.032505502287850804,0.038878628014600417,0.035570578206292294
2020-05-27,0.03251359724028009,0.03377057927128666,0.03873689517851549,0.0365960416511302,0.04515834770214951,0.04630693084005192,0.04147040727358449
2020-05-28,0.035294743173365874,0.03754972932014236,0.042427557923050925,0.04187124371772003,0.05145709494379685,0.04633145184393623,0.04447330195346083
2020-05-29,0.03328031212120493,0.037297791062812426,0.0426372632430515,0.041266016263850396,0.05208038164073603,0.04466397127521348,0.04171431958458339
2020-06-01,0.032222917021415415,0.03528652997593053,0.038336171688372424,0.038779748408860046,0.04784769106436646,0.042946669930081977,0.04111426446231594
2020-06-02,0.030305008481394564,0.03340254186835521,0.0347129909387006,0.035480029906732186,0.04466513145185717,0.04199440283583531,0.042382418075153014
2020-06-03,0.028283538721900276,0.03187724318887916,0.032026718318370555,0.03196337856330907,0.04153953491280343,0.040706276995341045,0.039671753260543965
2020-06-04,0.03133881135991964,0.03127777998055965,0.030612029980638923,0.033551533280972816,0.041735155287049776,0.039984468754626044,0.04061884073219201
2020-06-05,0.029923460116993112,0.02990770967171822,0.03055820642779814,0.03323601415694621,0.040968268565761815,0.039016552725700045,0.038046633229589226
2020-06-08,0.03126852548611998,0.0283667541098285,0.028317784007620413,0.035150250698910854,0.04279222159246539,0.037818251965348826,0.03998703436940531
2020-06-09,0.029802663693081866,0.026914460132170772,0.026117754705690423,0.031998487779616475,0.04141916511487551,0.038359115866638774,0.03784473837572316
2020-06-10,0.02916321535477102,0.025598653562892048,0.023947348925830548,0.02914165583234654,0.0390012792660479,0.037966379091061465,0.0380437082419268
2020-06-11,0.030521812189530997,0.0249803477887823,0.025264771067607775,0.035159456286792866,0.04303838782213635,0.036511301792447964,0.03697509166019207
2020-06-12,0.04046018683591222,0.03742559852694173,0.03883903062789052,0.05214540536674714,0.06828399013602426,0.04033458835151596,0.04662870705438746
2020-06-15,0.03859198629712565,0.036858575971360844,0.03724978911297943,0.04825548440624565,0.06800354898727279,0.04003451780022206,0.04612141632573494
2020-06-16,0.03615799561177271,0.03508410804794662,0.03452526275537905,0.043318638061617794,0.06111592968679932,0.0385057872234675,0.0430730414795395
2020-06-17,0.033747304980875324,0.0331469751306107,0.0322403996860539,0.03982708953417073,0.05576078945548697,0.03706183361756439,0.041871773195245085
2020-06-18,0.03261462702941448,0.03144995955441924,0.02983360827088801,0.03774917021310878,0.05114475713329509,0.03603699826793326,0.040943990237281395
2020-06-19,0.030471139772655743,0.029691003705750455,0.02716225595488608,0.03377297303145184,0.04590549106701032,0.03477156224182921,0.038474619451061176
2020-06-22,0.028712078227605558,0.02806418526884296,0.02532269275358407,0.03044593644680174,0.041271112656947384,0.03348628663857505,0.03719900214226648
2020-06-23,0.027081554189512233,0.026479806443940702,0.023418036929034075,0.029233025708442644,0.03773187428825942,0.03244206902933713,0.03507023539663655
2020-06-24,0.025569409788035923,0.02497414936881565,0.021861038968010695,0.02646471555683583,0.03462119695768296,0.03169022814310562,0.03297433376775172
2020-06-25,0.02648800673801429,0.02569877964592935,0.021508342506324944,0.028833844332327455,0.0352691533256763,0.03249512726910064,0.034191376380884035
2020-06-26,0.027050143758357605,0.02770293285998288,0.02389218997556618,0.02968895759454513,0.03475261334607331,0.03337343798289893,0.033195751982364435
2020-06-29,0.03144531514827944,0.037977506735039156,0.025536691945146402,0.037230458437516385,0.039439033787573234,0.03534415944406546,0.03475132834465885
2020-06-30,0.02934521573955348,0.03610809005024017,0.02343055501167666,0.03352437968552859,0.0359310907481301,0.03603763277436463,0.03516927694605994
2020-07-01,0.02759931471358819,0.03434844006700564,0.022848854605267782,0.030611400154546903,0.03298776284103108,0.03470928916832596,0.033110506453367355
2020-07-02,0.02596603561241508,0.03213955513447397,0.02176247770721447,0.028816995665899646,0.030425423880120085,0.03380583253486874,0.03118074427901181
2020-07-06,0.024292478475348895,0.030106576190741786,0.020203144237563742,0.02599850444030877,0.027611711023471708,0.03300125848118534,0.030973531687420293
2020-07-07,0.0240591691373834,0.031897809790149376,0.020167099879146503,0.02427311242523049,0.027262175836202433,0.03343294043220371,0.029195159786341553
2020-07-08,0.024505446988426674,0.03224105072482486,0.021289654008724943,0.024741909666457364,0.02790844645668611,0.03237305121732967,0.029221230484537095
2020-07-09,0.023154546631445068,0.030494316008012584,0.022157522065968258,0.022512133118834467,0.025701984006937212,0.031519890987598186,0.02833510667942179
2020-07-10,0.022941054740191893,0.02979854527661703,0.023015753087735777,0.02140196514885,0.026031893762155152,0.031164781010271602,0.028329344731675622
2020-07-13,0.027463264412927978,0.030855404137730177,0.026682574744113955,0.028391561943282788,0.03395117834152441,0.03144211134751553,0.034762706209339155
2020-07-14,0.026023172761654424,0.029307988439662692,0.024532602569171155,0.02574512118182677,0.030887564331100112,0.03162557057297885,0.03303480600332835
2020-07-15,0.024383641712373203,0.028438267587250717,0.022602204183216096,0.02337004572721751,0.03215698757294474,0.0313100452110383,0.0312576531823486
2020-07-16,0.023309844885874356,0.026990020246128354,0.021612278236954198,0.02243705345843378,0.03176981850701183,0.030485361931101403,0.029871405153244098
2020-07-17,0.02185102569691875,0.0255813831328713,0.02172632457223925,0.023303082507066798,0.02892467648463397,0.029657663382527826,0.02967056562019871
2020-07-20,0.021479088931829683,0.024550869409905328,0.020228995663764123,0.024424807822489902,0.02800184075994434,0.028716145364733346,0.02868527860780011
2020-07-21,0.020412744456115205,0.023137015070609775,0.01929325818924639,0.022923402465758524,0.0254641042284827,0.02822317484080912,0.027197169617705665
2020-07-22,0.020328591965883783,0.021844511400538447,0.018369228722522935,0.024807286550679777,0.026142500375734876,0.02928445144618444,0.025846148844416477
2020-07-23,0.01929853861931617,0.022497913726104612,0.01980840134091247,0.02263075802256334,0.023833914059681587,0.028401008893418962,0.024622229647718496
2020-07-24,0.018184319871749833,0.02174415946613993,0.01881910386288631,0.020939583407369407,0.022008592067685927,0.027966729514102884,0.02374385412681452
2020-07-27,0.017354576699119616,0.020718587700238864,0.017933443628989,0.019513071468048107,0.02048649096793766,0.027080983542047868,0.023080189290878517
2020-07-28,0.017121885418747235,0.019759708147976823,0.01855734435086297,0.018387552648567885,0.019153534527802128,0.02629223238307764,0.022295121584743213
2020-07-29,0.016228454321438223,0.018898771802243187,0.019048163385015963,0.017365828708174463,0.01775931262009169,0.02563457172811018,0.021608937680131897
2020-07-30,0.01712219943299288,0.018032160174090164,0.01799494771639149,0.021406428952796187,0.018948381615150233,0.025580992499629987,0.02488399650773354
2020-07-31,0.01858637320486076,0.017844119806329228,0.019418889671745997,0.02083431728130609,0.02166408885821683,0.025505619635993945,0.02711745071084459
2020-08-03,0.017593763384611057,0.01721817789148762,0.018213281903091374,0.019137931545993355,0.020135954998459424,0.024866695881178274,0.025738471937091844
2020-08-04,0.016754536438960313,0.01659274260213028,0.017606029022171933,0.017752637808502187,0.01880516972643232,0.025430358348157975,0.025755151736809586
2020-08-05,0.016004308455701013,0.016236208363712066,0.016767228602607237,0.016529883328298193,0.017587234263046096,0.024716395390363632,0.02483463874996616
2020-08-06,0.016083777907065104,0.016132013552099148,0.01632184188102497,0.016476547341734576,0.01774708942929876,0.024147392264483127,0.024534954991313685
2020-08-07,0.015249218604210997,0.015496517316986485,0.015823513523011593,0.015490053557550796,0.016605100621717397,0.02370844977786479,0.023390811898388094
2020-08-10,0.016013289952896817,0.016003615546509378,0.016349663144791294,0.017382022568511638,0.01805442045133698,0.023096805613222096,0.02224880570791748
2020-08-11,0.015656482075538426,0.015443259273444587,0.01569356889146624,0.017418053927683242,0.017630821508277363,0.023099635073887678,0.021340769043919076
2020-08-12,0.0178349768389737,0.01504577386546953,0.017039494212623102,0.016982867851279608,0.01765006091663532,0.022801666355754216,0.02248457704598117
2020-08-13,0.017117205255366856,0.01458144598149595,0.016632808344264526,0.016179654680020986,0.01677298054737071,0.02255877774372288,0.02143613627205693
2020-08-14,0.016322728883554922,0.015151241373609117,0.01595699347530819,0.01631730692400062,0.01612228371926885,0.022380891663429398,0.021521934693021317
2020-08-17,0.015465518217403235,0.01462717039094864,0.01532549711697442,0.015399847471883563,0.015168204198522196,0.021873818601361745,0.020632773119643476
2020-08-18,0.017236993259005667,0.015954585800779818,0.016447160923578986,0.017019911306651533,0.01839782198384343,0.021443024828582975,0.019884339707695278
2020-08-19,0.017009860024773213,0.015578608084347913,0.015959945107133652,0.016981691790838572,0.019096149442518185,0.021044817046859583,0.019225026961511637
2020-08-20,0.01609503658942642,0.01518780155043999,0.015569257349994975,0.01590293985631312,0.017716224653311245,0.02091851313676488,0.01853641691418878
2020-08-21,0.01583358835337065,0.014762642567273115,0.015574241865154539,0.016325144466077968,0.017495567113500095,0.021118231602113048,0.018096173500629344
2020-08-24,0.015028465765162534,0.014279836005911548,0.015106528110825659,0.015491059397764484,0.01651225029365605,0.02109602107745509,0.017502176222891377
2020-08-25,0.01676869052742306,0.015572852761476175,0.016802471517390692,0.01808742108641712,0.02055249912320125,0.023143463298970626,0.018441414114133296
2020-08-26,0.01590986572646769,0.01513299355697567,0.016197718582291624,0.017368493627374665,0.019440197898370454,0.022604066157903068,0.017932529654447756
2020-08-27,0.015869130073187257,0.014686031942055693,0.01572858562197524,0.017640932314354606,0.01907040334631252,0.022457508890834824,0.017900454823138748
2020-08-28,0.018224601206937828,0.014783265694650407,0.016178655434970934,0.017900757551519222,0.018815808220626895,0.0220193111565075,0.017320236482104703
2020-08-31,0.01722470257732874,0.014747859631862665,0.015577357079959657,0.017000210480895943,0.017919553560427945,0.021872219646443942,0.019127668995780344
2020-09-01,0.018414304601948907,0.014463044932583333,0.015660569250635453,0.01812507913805806,0.018949068015018927,0.02314656667497264,0.01966538206350487
2020-09-02,0.01737213669353738,0.014013048518878402,0.0151856345265322,0.01686016926360494,0.017585033817655926,0.022574706196680484,0.0224186917435104
2020-09-03,0.01704710176136665,0.015099143707455798,0.015255050095369895,0.01637432404449466,0.01730282719166417,0.022111654463188662,0.021726358276521262
2020-09-04,0.016176568893420243,0.01503627281321602,0.015173688376866256,0.01567477476771759,0.01656584740803904,0.021992018644589603,0.02075317532264629
2020-09-08,0.016726071531960204,0.015272716330331124,0.014687344995666724,0.019587497346797114,0.017241482123281568,0.024163755939836426,0.02181616933200482
2020-09-09,0.019776740176217292,0.019367644122308573,0.022620758198781444,0.02427411760366237,0.019718628105100465,0.024838854103253996,0.027641570845290134
2020-09-10,0.01881723989980609,0.018417122738819826,0.021709399463849866,0.022077908289346793,0.018419018784228306,0.024152952399085752,0.026168805842028367
2020-09-11,0.018111241457288735,0.017889699782239022,0.02089697734270115,0.02106998089303268,0.017506091493513738,0.023579044994205187,0.02531877689190448
2020-09-14,0.017493196302422454,0.01711665662319804,0.019443512162889396,0.0200311611037548,0.016345654563931045,0.023092315457066706,0.02417543623968142
2020-09-15,0.017051707388762875,0.016381039832347486,0.018946957380449606,0.01878052454226301,0.027365222870729802,0.02261540770547998,0.02308582348376956
2020-09-16,0.019310830146020638,0.016557119355489203,0.018636852283805433,0.01893981320852209,0.037664802039521134,0.022936850149881224,0.022361315329973194
2020-09-17,0.01821564399956122,0.016355196359512273,0.018220176520774203,0.018120918995647856,0.035461583348658364,0.022912897670025446,0.021731717871768183
2020-09-18,0.01765625882039044,0.01815480359353638,0.018377407729282667,0.017339963419708095,0.032313255051804136,0.02239306653653851,0.021589686866566163
2020-09-21,0.016705468135639646,0.017311106891459916,0.017385848866604926,0.016371352805472295,0.029846098602593404,0.022218739909107527,0.023107621913160355
2020-09-22,0.019007594387945335,0.01661487070984539,0.020697757436045044,0.01945812771847586,0.02833604809863051,0.029889281680635493,0.028411604162379343
2020-09-23,0.018322197553459325,0.016389940481697417,0.02007351411751848,0.02002767402170328,0.02641756773971558,0.029460546261297994,0.02710123838860545
2020-09-24,0.018179043137653485,0.01811159783652136,0.020918995482803092,0.021764069373520364,0.027545793635326932,0.02860581039744619,0.025753728902754534
2020-09-25,0.017161511564013826,0.022372232984145802,0.0194946183361675,0.01995408735597192,0.025225651291898386,0.027735640528896717,0.025485748766912734
2020-09-28,0.016424482234059658,0.02114752989640267,0.018490268340165306,0.01851711291753418,0.023089952104593876,0.02706054413537118,0.024370233467406632
2020-09-29,0.01795643668007381,0.020973996115068737,0.019846078420240446,0.019635721127407572,0.02426694015484632,0.029047980943400976,0.029831994286178
2020-09-30,0.017222884626017995,0.020200297204342913,0.020461053273156393,0.01894129270367221,0.02378483982678055,0.02846485293187214,0.028166835973667325
2020-10-01,0.01652745429716225,0.020162605239389,0.020613388497586017,0.018203041274519247,0.022604611655297705,0.02779633028424011,0.026776201738610683
2020-10-02,0.015786469311755535,0.019509407447497643,0.02090355910880343,0.016909005970993807,0.020924425678927893,0.02694430125904871,0.025327035374019792
2020-10-05,0.015235609635481248,0.018638161693800444,0.020059411313210464,0.015891192208769833,0.019364285203214173,0.026419014879395988,0.02452206207916439
2020-10-06,0.01588559788568618,0.017959225413218233,0.019213783488810737,0.01622282442164382,0.020949828170612354,0.02622142012167585,0.023479787729022435
2020-10-07,0.015510507797774636,0.017176523802964694,0.01917011941559176,0.01584371810099161,0.019837996427766715,0.026777653557271717,0.024105980641362077
2020-10-08,0.01567055146909687,0.01682581206533403,0.019204400482223372,0.0168340002036936,0.01868806518512879,0.02659369115413797,0.02380298068992538
2020-10-09,0.0161712660676583,0.017314657798390067,0.018103173163321714,0.01662478858877762,0.017400632454817374,0.02600695631813626,0.02421998889777851
2020-10-12,0.015479083627334118,0.016570285956707724,0.01716033097262153,0.015662169701562624,0.016336298562597436,0.025327120698569083,0.02300713688783886
2020-10-13,0.015153943449568663,0.01843598398153269,0.020921792757444622,0.015479070571259874,0.017295985044207932,0.02465550223191069,0.021901955707585064
2020-10-14,0.015467809747799335,0.018229383284078055,0.019607443033742893,0.01864612731347475,0.02523951931102709,0.024708274880752425,0.027207897447532523
2020-10-15,0.014841804818118934,0.017384725268116876,0.01839085447181016,0.02771423505060363,0.023815442081301548,0.024065897085452842,0.02573928122307954
2020-10-16,0.014840422939486637,0.01707763312686367,0.017874462154129075,0.026395422552533597,0.022365008851060537,0.023454186334261343,0.024493111713162836
2020-10-19,0.014156538620103703,0.01673908161656138,0.01720801642759858,0.02393122326654458,0.020912357383773547,0.02363383704951613,0.023630373469131803
2020-10-20,0.01471653433493663,0.01605861117849137,0.01756101923711472,0.023480221753088455,0.01947871026358359,0.023039986519346512,0.022539044936353014
2020-10-21,0.014098234658725084,0.0157720141303271,0.016956871670303166,0.022370561542158777,0.018827981546933926,0.02388209412991841,0.021997383117502146
2020-10-22,0.013918600146114256,0.01701510059803921,0.017914141801540665,0.020521951841917983,0.018123414146494758,0.02374359043768948,0.02099777634496689
2020-10-23,0.01727763252979291,0.016670060317134135,0.019278088700168373,0.02277838907492952,0.01877848759587913,0.02315140649821019,0.0216730758830927
2020-10-26,0.016543869716061633,0.015985046439036046,0.018081549150830874,0.020795222400750976,0.01743484201358728,0.023122326655569524,0.02764768724643273
2020-10-27,0.017814043602370183,0.016478032971074977,0.02025269603995867,0.020018758041823636,0.017487542696914694,0.02271658656664931,0.0265601665519559
2020-10-28,0.018037420599591524,0.017944176816845545,0.02266531422261455,0.02169689231168618,0.020782128231578607,0.02336532715532582,0.028735988878155348
2020-10-29,0.019542836884111934,0.01956355611035211,0.022317558178697808,0.020928982297479283,0.02048662158092005,0.02277702135083382,0.028641149905073895
2020-10-30,0.018485764923681272,0.018587918453399077,0.021588459653851425,0.019234656890565752,0.019504695903618644,0.0222307890803763,0.02777746407223322
2020-11-02,0.017626034904307766,0.017773226630843363,0.020029599801647206,0.017930419791996503,0.018210949372019898,0.02172263915849094,0.026739265701792046
2020-11-03,0.018053173317115253,0.017053604375068913,0.020555994452133484,0.017688514517733945,0.01840512241422555,0.023418202413648635,0.025310564369831746
2020-11-04,0.01967291519244234,0.02024692733890078,0.022714068772503065,0.018989434511832687,0.020801724043766946,0.024116390528669127,0.031515945690935465
2020-11-05,0.021249773209223447,0.019209516384611852,0.021034285784937278,0.024168043814108534,0.023408754774013624,0.023497123013748934,0.03261851265405816
2020-11-06,0.02370292911588991,0.01978191534411651,0.020162476345431033,0.026451206968202308,0.023205069105735228,0.023108557572227417,0.03161665901587508
2020-11-09,0.02268966783737336,0.01897789360271064,0.019174134178231148,0.024487622105164836,0.02154289611545122,0.022660568646424246,0.02975743967802883
2020-11-10,0.046336297835042714,0.026842851802091512,0.03305427799454421,0.05603478371377852,0.046851977687926274,0.024611862783763996,0.061016055772928214
2020-11-11,0.04309125079782322,0.025468721438775724,0.029977852122492182,0.04983534416598165,0.042096378285980875,0.02404324622796501,0.05732563600952197
2020-11-12,0.04040796453414753,0.02398507749748021,0.027448330438621434,0.0446230766911272,0.03921856396615866,0.02402524035630604,0.05339738195037458
2020-11-13,0.037840833760589526,0.023188786138490104,0.02559033684019183,0.040950037213100504,0.035748056354662015,0.02344719703208894,0.05093780994124111
2020-11-16,0.03526467301151761,0.022772676627734568,0.02428322902383451,0.03680934897499499,0.03239510551781256,0.023965082495965805,0.04894457267691603
2020-11-17,0.03400063796419274,0.02195793734655627,0.024013709525474172,0.03390206440589368,0.03227967945643873,0.023373622449938153,0.04614113911325765
2020-11-18,0.03188522702503489,0.0209754136444776,0.022436744797134863,0.030424539327799156,0.029304573149815917,0.022794187911024562,0.04322036006378229
2020-11-19,0.029852752349467302,0.019880224272896097,0.020752985491513557,0.02866876992891494,0.026689560682125472,0.022355766439828787,0.040447582441056104
2020-11-20,0.027861946602430666,0.01887636931259269,0.01936947203402273,0.025871293662123394,0.025600419103019308,0.021847345738533988,0.03783781695417532
2020-11-23,0.026208323308743574,0.018053348741037808,0.018888289354256117,0.023615669201031423,0.0236698991762242,0.021406963360871053,0.035502080542273044
2020-11-24,0.026095207442481366,0.018679790718937616,0.02276748114238537,0.02296283142309999,0.024805648934753722,0.022318150405829674,0.034266930515420235
2020-11-25,0.028363219962356988,0.021008916467810182,0.028001328946510137,0.03015476587782413,0.034801535759369145,0.023548487956555605,0.038687905838003786
2020-11-27,0.0267462186910653,0.019948297722137312,0.025546320826340615,0.027159977438303794,0.03143361633420263,0.023025125751413494,0.039283356821052946
2020-11-30,0.025119424626140002,0.019004671255646494,0.023472585447211657,0.024578916109580805,0.028610237930626278,0.022461203813336415,0.037601114395482964
2020-12-01,0.025320208412426205,0.01918985566210671,0.024485896240021156,0.025187822986482495,0.028367080683748606,0.022520240421216885,0.03797368523027689
2020-12-02,0.024171693807192206,0.018579567791659313,0.023815560763965054,0.02389853016182156,0.02590484325876348,0.023068026179425664,0.04325632651678884
2020-12-03,0.02339318093180373,0.01905997217572067,0.022248856511605047,0.022253420569035495,0.026396213751096215,0.02265990136870112,0.0407166868424886
2020-12-04,0.022054534616504643,0.018367238814060036,0.02059104238538631,0.020345792213219548,0.024453553529019536,0.022457113009530925,0.03825757195764516
2020-12-07,0.020861227068836564,0.01823962680033704,0.019773652966473407,0.01932055915005608,0.02617763119978472,0.02193160863819539,0.036312761578681345
2020-12-08,0.019659211532296123,0.01745865784570501,0.018986347666038933,0.01809844198144843,0.024105342770055604,0.021792749815775878,0.03618698494344291
2020-12-09,0.018501496696871816,0.016685833641426225,0.017968214838438534,0.016999489058682284,0.02208547865858029,0.021511566088609095,0.033985864645329183
2020-12-10,0.017676621559850954,0.016717739810451746,0.017124420861903186,0.016032967600797393,0.020628364185075805,0.021513175655437502,0.03190539883337442
2020-12-11,0.016867149432813852,0.01611921733323239,0.01628020962901823,0.015580615704950517,0.02146494225675545,0.021626809860813584,0.031685392615999966
2020-12-14,0.01611370126505062,0.016483701935186296,0.0168527773121124,0.016570511805123436,0.022350964433669032,0.02276312668574847,0.03370253708135587
2020-12-15,0.015730098120960944,0.016073987325546962,0.018086919577727262,0.01636177772327534,0.02057046170392411,0.022217488338198924,0.03466248316567137
2020-12-16,0.015817789045212815,0.01646991014964958,0.02042242655997907,0.016304616691279434,0.019883471598330954,0.022353198598383826,0.03388609296346501
2020-12-17,0.015021123912518874,0.01586613305234065,0.01908146776135426,0.01533956355040317,0.018387016677853085,0.021943717484753548,0.031816990807153216
2020-12-18,0.014600802278842724,0.015264018444860973,0.01803386445642821,0.01456798724693697,0.017188134822649737,0.021802867242457773,0.030250038240975746
2020-12-21,0.014037520700153794,0.015014060640377323,0.017289817399407797,0.014105217316494919,0.0174093933640297,0.021362915334171024,0.028585782692214262
2020-12-22,0.01781199141621045,0.0230877994920598,0.025125970666049935,0.019433999405928593,0.021387259112405174,0.02286179536881562,0.02773446350001122
2020-12-23,0.01763398877164891,0.02336164520157589,0.02394377578615736,0.019382802913866723,0.023570078105073267,0.022318448691885765,0.026453961843369175
2020-12-24,0.018792149696564512,0.02329057962640673,0.02338962233236716,0.0208786492189143,0.023654580417339855,0.02285518301691858,0.03116228601121202
2020-12-28,0.017795270063353835,0.021987825136426352,0.02158303947602406,0.019230107670155656,0.02170726881391404,0.022371169513645497,0.029520974829009596
2020-12-29,0.01690355458568412,0.02115831270212797,0.02003110078585552,0.01787526693678973,0.020247220243679337,0.02305555233724316,0.027920358005509748
2020-12-30,0.01603356467854731,0.020136242151539335,0.018822803607221737,0.016737265074666288,0.01876657962253037,0.02312658634669916,0.026832208006741808
2020-12-31,0.01521493557255345,0.019171057002234607,0.017699548115808726,0.015695933924211286,0.01743120838614902,0.0225813893747453,0.02537354135572196
2021-01-04,0.015038903590733448,0.01885797890575728,0.01706764181694967,0.015334023647563205,0.017002501865942595,0.022048223828821614,0.024094303547324288
2021-01-05,0.014699800186827861,0.01799820432784981,0.016286206569466884,0.015037966807531587,0.01876597576890473,0.021839199753257807,0.025832742981929602
2021-01-06,0.014073759245598672,0.018394011729637096,0.01655743227161139,0.0145178898749239,0.019990564740043237,0.021804705748754132,0.024947468660397955
2021-01-07,0.019902283412002886,0.023636604262237893,0.025613533935530328,0.027108907953968968,0.02845813148718184,0.024729526717454108,0.033715002305120194
2021-01-08,0.021347217211422666,0.023171016392118,0.024135102505784725,0.025856310670875845,0.026219980357062047,0.024245558900151988,0.0317625304717733
2021-01-11,0.020044518368844112,0.021945448925923886,0.022231124497544587,0.023820600384523938,0.02423322588338548,0.02360142741407618,0.030103606146101494
2021-01-12,0.019392372759205384,0.021095039198667093,0.0208619873549997,0.02253137939449339,0.022991451295790274,0.022998007219958497,0.028442982893980714
2021-01-13,0.01887729402069123,0.021682493482550483,0.019470698695247046,0.021610223842612745,0.021106518906283293,0.02266866472336284,0.027997523076737623
2021-01-14,0.017788049453010768,0.02052374506320192,0.01829334724900209,0.019970883376437598,0.019461725168990158,0.02220399410387083,0.026874726871367924
2021-01-15,0.016872379939864898,0.0200377438952049,0.01768469867264295,0.019298902058257586,0.02173991997483304,0.02319219380580578,0.025692748664703377
2021-01-19,0.017125693351578878,0.020262579795094555,0.01777356207620284,0.021337105512034434,0.03458512536606188,0.024830402765896525,0.027762443347953684
2021-01-20,0.016283857892678225,0.020491109427687837,0.016882204682442406,0.019816378425141754,0.03143685269206906,0.025349212641854187,0.02628863097666551
2021-01-21,0.016291680982784985,0.01984119570843839,0.016110199339130313,0.01906931876688564,0.028616001175852633,0.024809764336734826,0.0249245638705281
2021-01-22,0.015734059375705937,0.018883572851528328,0.015472086414054882,0.01906802513970193,0.027442326977973733,0.02417059274205383,0.02368890310922852
2021-01-25,0.015196060607663842,0.01797103908364852,0.015212848854943742,0.017894287749979178,0.025221699840295094,0.02435008166808291,0.022798735351666228
2021-01-26,0.015099159044433574,0.018476008923567246,0.017057569869080164,0.017430114899150743,0.023583107949995647,0.025243448680953927,0.024735451709225833
2021-01-27,0.014449549114665096,0.01766652000213511,0.017293788542641693,0.016547350370104977,0.02168707962160773,0.02482604071488559,0.023705309161265512
2021-01-28,0.01682144794047357,0.019301083904006495,0.021743397939833823,0.021277728797185605,0.022309146936260505,0.025644420558056644,0.02582268180933277
2021-01-29,0.0168079626883254,0.018431638548493758,0.021051929831289423,0.02042640887585907,0.021324331271410438,0.025323105646287612,0.026491726610760432
2021-02-01,0.016383429262883872,0.01811021838172015,0.02291943093698,0.020842463270080415,0.02321395877263498,0.026054130484810614,0.027363010507118188
2021-02-02,0.01566179048991135,0.017691055148484305,0.021362723431076022,0.019504879929506454,0.021446076445246067,0.025947604351207357,0.02636543346654222
2021-02-03,0.01769750884281007,0.02139421492686704,0.02563355080505108,0.022427055587315024,0.02108034938029289,0.025254350252739113,0.026325089265157017
2021-02-04,0.017059989017435138,0.0203104590078705,0.023574304174147125,0.021511666257962556,0.02167816410807345,0.024624476764435875,0.02547980679331469
2021-02-05,0.01764006266308287,0.019981744879936838,0.02313620031361354,0.02251718017703083,0.021512390962132838,0.02413445044345084,0.025449998851701947
2021-02-08,0.016687406767504433,0.01897126647065421,0.0217505767275026,0.020656243695839113,0.019810480218312235,0.02358574991247683,0.024439171203394623
2021-02-09,0.016501524888430995,0.019247622090566567,0.020660688936523047,0.02070491106524197,0.019414128265720566,0.023625972292232744,0.023318778169277007
2021-02-10,0.015708901104313545,0.018301617782400456,0.019244780354969265,0.019126333622090787,0.01831028542041757,0.02311081058733474,0.022270793859588026
2021-02-11,0.01490878554898863,0.017833787242727307,0.018050060432176038,0.017686922122748392,0.01727455857254178,0.02270247787663703,0.02126690840260714
2021-02-12,0.014236391798636717,0.017149872137617185,0.017342291561269076,0.01654243678415284,0.016385295052815604,0.022251013834375458,0.020626642549040817
2021-02-16,0.01424686596888505,0.016852540665173662,0.01691530089842105,0.01644896413683118,0.01558461058890623,0.022229160805820877,0.019856556759421766
2021-02-17,0.015505675954216803,0.017020431872945278,0.01732457802496766,0.01843009414619408,0.014976899633756783,0.023853411650052437,0.02953136350745674
2021-02-18,0.014741922302420402,0.0162986443984624,0.016728489276738593,0.017147173838289856,0.01467053955587945,0.023293592236413616,0.028226663575872123
2021-02-19,0.01405726312628524,0.01590556289526803,0.016265674136880806,0.01626743288137029,0.01607218335676081,0.02281003978050933,0.02952295361124085
2021-02-22,0.014356603255339707,0.016220041628284543,0.016391790165759267,0.0157208435459305,0.020406719624958367,0.024249201172934408,0.030777548726421678
2021-02-23,0.013961292572374445,0.015602909206824953,0.01681219674558812,0.01620230515157888,0.018916033342422894,0.024693846226034127,0.028979319464489447
2021-02-24,0.01353028610226428,0.015159175089940873,0.016022333795293033,0.015694612575393264,0.018898346352718913,0.0240291829730262,0.03086920306950207
2021-02-25,0.014023953372808562,0.018037363411754284,0.018484595998797336,0.017341175717019368,0.02045770573452429,0.0247215493858335,0.03073370523136907
2021-02-26,0.014207677430527317,0.01743056431240584,0.018654347543964344,0.01698861600986837,0.020145836669400265,0.024746972831799278,0.0300380134837887
2021-03-01,0.0163099813129056,0.018443997123718275,0.01901617906080904,0.02103144788455586,0.020743087990402462,0.02574960382664532,0.028715637294617583
2021-03-02,0.01696828864472958,0.020648762326594933,0.02044554514665597,0.022537806350213248,0.02833971137297407,0.025935087381836596,0.02767422237418786
2021-03-03,0.016108173339348487,0.019590140348917373,0.02024543765503725,0.020828859107575832,0.026018950262500628,0.025176497061139606,0.02619773050723097
2021-03-04,0.016390300296085056,0.018861011167452636,0.019582071798929394,0.021286158330094698,0.025041851894739387,0.024751471952629764,0.02845441899850156
2021-03-05,0.016423006055615565,0.01859338252072994,0.018844900509479214,0.019676436861428268,0.02310866716434209,0.025801864320908,0.028027525955906966
2021-03-08,0.015562389518901947,0.01781095252570878,0.017763977176368156,0.01864421511025095,0.02128529088538321,0.026022170946446824,0.02881721542376808
2021-03-09,0.015308185278577826,0.01807467587515215,0.016825606838044987,0.017372827802358746,0.02233177322269247,0.026528193441685395,0.02795543549699071
2021-03-10,0.014778308217244676,0.017576430140671288,0.01609139742897317,0.01849849886106634,0.02163346896736542,0.027098755033824296,0.026462323096337222
2021-03-11,0.01559155332914871,0.01964834592759248,0.017987193700566412,0.020272748440505493,0.024734647421524283,0.026377724624606986,0.02508890292533336
2021-03-12,0.014937474349190592,0.01866448778072824,0.017001306149371037,0.018732547467752502,0.022734851463083725,0.02612835491412583,0.023839655150747267
2021-03-15,0.014648116662389878,0.018687258647531207,0.016726231858333652,0.01869375250949011,0.022971317826076025,0.025583316733110286,0.026142670583773113
2021-03-16,0.01408272078609706,0.017974922479653092,0.016113877276004447,0.017469555728307534,0.021693756893400983,0.025194509848116556,0.024751016827978402
2021-03-17,0.014089720028233827,0.017602971051895303,0.016511649472069012,0.01635677539786284,0.020543560018751957,0.024592425117704417,0.023584069591701826
2021-03-18,0.013787202139279342,0.017033511040277154,0.016622653138996083,0.01563205839561654,0.018993994678418863,0.02428655824578805,0.022426217936566285
2021-03-19,0.014108455125141441,0.016495791365215513,0.015865054241929865,0.017679138279910987,0.017651445462803728,0.02447263052296061,0.021943027245882152
2021-03-22,0.014557345582147534,0.016191719338475685,0.015886635257437325,0.017055612548888995,0.0171020662059606,0.024375987017360153,0.021534299319700644
2021-03-23,0.01663819220841438,0.016171209164236647,0.015942467202554714,0.018416891090646707,0.017037186644454035,0.023738520142469913,0.021236211587959825
2021-03-24,0.0161522852945919,0.01702411063741591,0.019723284527282257,0.01897937381161291,0.017014191020881964,0.02392523632704418,0.020999395682080056
2021-03-25,0.015471281391668104,0.016565702155163235,0.018462798272395643,0.01756547821052859,0.016631402287271363,0.02339510073615302,0.020518804882316024
2021-03-26,0.0151920285152422,0.015959510877064587,0.017687684263421877,0.018066149570018633,0.017927542671640838,0.022834401649009725,0.02029662958223998
2021-03-29,0.015313338874743638,0.01563425020821134,0.016774591874375914,0.019600037822904065,0.01804179379578814,0.022283404174947036,0.019520341055629324
2021-03-30,0.015523843444302665,0.015134238814943994,0.018644276023342368,0.018537214625403836,0.01859856197393272,0.023145136986814977,0.01885569646451339
2021-03-31,0.01515772424741179,0.015657883809270638,0.018269072572371068,0.01839450563768327,0.018741857280479512,0.022792847909408095,0.02131345561322806
2021-04-01,0.015281499451519558,0.015796447507448,0.018477150588849422,0.017389791168962575,0.017452495698625187,0.022350762298184338,0.020750322989738768
2021-04-05,0.01480112418947092,0.015192955453968931,0.017546437334059636,0.017946069556752327,0.016408079152767208,0.021960633396008875,0.019904158060633937
2021-04-06,0.014160018263071828,0.01517300174978761,0.01667933405641508,0.01691523241340256,0.015578653035162955,0.021542008309638695,0.01959077758793156
2021-04-07,0.013757583277117885,0.014964481364204234,0.016549838090224304,0.015889725449635243,0.014742433633185592,0.021103662195045364,0.018945171706126605
2021-04-08,0.013989300196499924,0.01445388441563447,0.015813355617700253,0.015315322216566413,0.014007515872759814,0.02106669989750352,0.01850903093256023
2021-04-09,0.013356324987992869,0.014577498777817615,0.015937002595216705,0.01497297878327556,0.013559303105510415,0.020749102951895214,0.01787117390612446
2021-04-12,0.012964224803253757,0.01410233409093305,0.01542594309191066,0.014440718257653369,0.013020351880667264,0.020361208671792655,0.017737083059210023
2021-04-13,0.01247457935282773,0.013696331543741226,0.015114608699284264,0.013786064066857943,0.012633617685196209,0.020046249433935258,0.017707529029171613
2021-04-14,0.012716148702624464,0.013892004908305144,0.014961312373604376,0.015261962354395564,0.012769445461083977,0.019832749424278297,0.01741174825528556
2021-04-15,0.013815294622701639,0.01515076646582399,0.015405810573660422,0.015363558930013448,0.01311753186284046,0.01957570443811446,0.016989038779251647
2021-04-16,0.01331748980183851,0.014865141827584583,0.014866853847528812,0.018611114006952253,0.012838452732683803,0.019323840146546426,0.016554265357577744
2021-04-19,0.01292707312186285,0.014710413206254838,0.01759200508920781,0.017664029728286193,0.01243982457158916,0.019671432427973548,0.017576184255568072
2021-04-20,0.012516023223346844,0.014225054865389965,0.017730595685078926,0.01645591818044195,0.012245929269913192,0.01935825619322059,0.017123400198751356
2021-04-21,0.014237524423353787,0.017171348594452667,0.020903538704736487,0.01914574099114372,0.017702226065951076,0.021868639511529713,0.019118595294059272
2021-04-22,0.013802153215062373,0.016686912416919497,0.021205027103714386,0.01875302952884936,0.01713661285976436,0.021384686652196984,0.01847367890434989
2021-04-23,0.015046996484333773,0.016521943674359385,0.020222963807523614,0.017815671204006032,0.016752266496361506,0.02168484262731231,0.018679597603171474
2021-04-26,0.015475424086130236,0.017560167105742115,0.022034935815023925,0.018383166398353936,0.017848862309119383,0.021558569590755795,0.01840621733879755
2021-04-27,0.014705808928973368,0.017151681856413817,0.020522346023193864,0.017173400245159988,0.017174644865386876,0.021717980081986107,0.018533763001140437
2021-04-28,0.01405266737868836,0.01661094473925644,0.019191713971595012,0.016613532714232507,0.01656505931981531,0.021633775159226345,0.019660309557737655
2021-04-29,0.01353480730759715,0.015960194449916913,0.018248382986799063,0.015619659842102793,0.01555599966688371,0.0328207364475404,0.019007804231313725
2021-04-30,0.014266334500810685,0.015867580252453592,0.017928016674679782,0.017859431247304273,0.015438399755406538,0.03268726838103961,0.018368978433621657
2021-05-03,0.013979665796139048,0.01578015846015869,0.017635401834830998,0.017619147864221595,0.018569389675170897,0.031699289381270576,0.038724572852838875
2021-05-04,0.013405968744894345,0.015231751549104134,0.016717884431644993,0.016417909579072153,0.01741632140865036,0.030913231936965983,0.036403645660145284
2021-05-05,0.013497163626972291,0.01468583569684498,0.01595045515420486,0.01589869800602502,0.016572788722520916,0.030441255713771476,0.0341281951781141
2021-05-06,0.013506906097437443,0.015634260405223047,0.017058201867767228,0.015359210366618952,0.017128243580085297,0.02959419744249067,0.032621887582886935
2021-05-07,0.014336544329238109,0.016543029575313454,0.01863337513703403,0.015536853805080481,0.01691737786663733,0.02901712145126153,0.030936407238962023
2021-05-10,0.013693157065852836,0.016336232818290396,0.01782401818560607,0.014737426980943512,0.015901664656833424,0.028438744000140886,0.03048453654098611
2021-05-11,0.01309391543421068,0.015792035600101235,0.01765301360764227,0.014105920412038533,0.014981289409847933,0.027994970880853915,0.02878321289308594
2021-05-12,0.013814475252822523,0.016912417475361097,0.017978793402449428,0.014330494133818499,0.0142895634845521,0.02711522822872468,0.027148313989494022
2021-05-13,0.013442571845217412,0.0168967105308642,0.01783743916657836,0.014259207478704723,0.014080129601617636,0.026286477101422935,0.026689927624026
2021-05-14,0.0151468950096332,0.016577154269756436,0.01748678426541145,0.014849487928932427,0.014471252954395804,0.025888189309058684,0.025434961069492418
2021-05-17,0.01515977550124676,0.01787739618990082,0.019262343242592583,0.014817567734027568,0.015163436142450012,0.025661720665190697,0.024870167048803512
2021-05-18,0.014447310448535422,0.01706207885673075,0.01825779113008534,0.014442491140398523,0.014949910992600462,0.0249565157269496,0.02363510071821552
2021-05-19,0.014624363048360565,0.016812961082380985,0.017869592373378634,0.014890957655990474,0.014802931959038373,0.024266887253338858,0.022541242176946193
2021-05-20,0.014206859031415123,0.016961436189598354,0.01736819023489171,0.014301435549471324,0.014091851787870521,0.023620132612643275,0.021490796280816234
2021-05-21,0.013579356655131795,0.016267512375237776,0.016541940763311207,0.013723344837674852,0.013546725065134168,0.023074209488573364,0.02054223245233021
2021-05-24,0.013424368891276019,0.01648338806717902,0.01735189429617718,0.013972154865919708,0.014848346063170079,0.02326510037153197,0.019684190801663837
2021-05-25,0.012931388934106986,0.01587863959176229,0.017211247846229207,0.0135184041965083,0.014196667696101638,0.02318642844544063,0.019035151796822747
2021-05-26,0.012942785117870548,0.015607030803356861,0.016731207580178962,0.01435401360944038,0.014117092593308862,0.022858967492113125,0.019130071590980225
2021-05-27,0.012420848850666959,0.015186502623598705,0.016037197472970468,0.013710153600256942,0.013519410728101457,0.022326021105342576,0.01884949122162681
2021-05-28,0.012858363773200479,0.014971611742490232,0.015753808000805773,0.013896619200304952,0.014302739674501913,0.021939825649620725,0.02056086140700299
2021-06-01,0.012351434165068995,0.014517342824645467,0.01531075723821901,0.013455025317226954,0.013643703519396654,0.021471566651456907,0.019751048528917067
2021-06-02,0.012332216265806146,0.016296922054087584,0.015354371365951585,0.013746888261812753,0.014001573772480094,0.021044701887865783,0.019122862172882164
2021-06-03,0.011873552836311313,0.015649329450715937,0.014980552701138912,0.013215596857544825,0.013388228291337172,0.020622482983648705,0.018527946655170678
2021-06-04,0.011461750488298325,0.015583346479539996,0.014645736966090023,0.013435178931483185,0.012943158736688332,0.02022959333691554,0.018217756226535296
2021-06-07,0.011097887957758543,0.015127012214463796,0.014384694059610105,0.012962686789388791,0.012538628767632365,0.01989632528320588,0.01760558629870236
2021-06-08,0.01092730756721785,0.014834674074597274,0.014373771290489678,0.012690133087872488,0.012222641305909988,0.01956778119126522,0.017426099080557592
2021-06-09,0.010741895001869521,0.01460764629188893,0.014152404165705193,0.01260905497686404,0.01198995450868148,0.01942212642259886,0.017199033210182443
2021-06-10,0.011345710977576298,0.014219333543476797,0.013869687137275773,0.013444268992356366,0.012695572905436308,0.01980808069300067,0.019395776909479634
2021-06-11,0.012259056661330266,0.01556516014204831,0.014210562464293223,0.014357123099375806,0.01391209765841105,0.020017399562099948,0.018740524062067623
2021-06-14,0.011816505797652184,0.015314863000279675,0.013940735643358858,0.013771827858532258,0.013505221790985051,0.01982974055651812,0.018237466287195442
2021-06-15,0.012838895558804981,0.015366074447210849,0.014698545771045003,0.014146633653922342,0.014738114419313808,0.019733810711922675,0.017784080830613024
2021-06-16,0.013409611449314898,0.014872055048679937,0.014295502852747406,0.01354065571182056,0.015753598421766248,0.019572414729387633,0.017228900382766844
2021-06-17,0.012988057699871058,0.014363488460199518,0.014019915336461857,0.01317788834963602,0.019664433477981202,0.020382818160296745,0.016821539151385952
2021-06-18,0.015886118915448933,0.01605601862928464,0.018741716390828285,0.021850520935231547,0.023371532768830507,0.020932780486192636,0.017725012442716053
2021-06-21,0.01738247491748614,0.018935559980904668,0.023678678382727508,0.022558511967344756,0.02263238915860724,0.02214579348269282,0.021816481956813086
2021-06-22,0.017229516246227143,0.01946686338806918,0.02300151313913254,0.022615997263726123,0.02127161903564304,0.022080294452819095,0.021734420501727313
2021-06-23,0.01630628343663463,0.01850020375605263,0.02127047410251417,0.020737488271517758,0.01976849288032984,0.021830031094177714,0.020753577452895407
2021-06-24,0.015540249508262527,0.017851835411162774,0.0197636000941811,0.019150017994050507,0.018653618456262736,0.021361692748262544,0.019882626543670463
2021-06-25,0.014999442657515006,0.018159931645590877,0.019047597068708337,0.018617336409221346,0.01954941647321392,0.021483076017365633,0.01954281326164707
2021-06-28,0.01457548112587478,0.017315926293579236,0.01855872794400781,0.018683453331478864,0.01812739264691504,0.021075420971392155,0.018787505323968806
2021-06-29,0.013887233515851168,0.016554124368974334,0.017742377555056473,0.017335017402822388,0.016880762921048082,0.021028983780581437,0.01850459358058998
2021-06-30,0.013282487537568544,0.016161993895677452,0.020196350601710194,0.0174919717266667,0.018881219488840514,0.020608718047737926,0.01808752718335483
2021-07-01,0.012995008324732606,0.016445792809876087,0.019215735220971655,0.016570055218910317,0.018442057620855365,0.020223839358299744,0.017511885863233784
2021-07-02,0.012800614461333938,0.016219922288988532,0.018050714097094838,0.01575835036242005,0.01718956022986282,0.019900489892053497,0.017752807550515746
2021-07-06,0.01230414387909964,0.015587212802113552,0.017052043869759063,0.01539221278989713,0.01645353989275622,0.01975252738572629,0.01754309059333569
2021-07-07,0.0132004595693318,0.015436615216271815,0.017775068003715262,0.018059513007797644,0.019930229214887792,0.021091529392349054,0.017195386896967396
2021-07-08,0.012647506708470282,0.014989745062140245,0.01684969067048814,0.017135850299664655,0.018512496797539805,0.021052444015460692,0.016696967497621028
2021-07-09,0.013543454411937082,0.01626830288869188,0.01875112209392347,0.01884845213746149,0.018634511080984503,0.02167718680100998,0.018223996414681042
2021-07-12,0.016358282136615394,0.018837259019038873,0.020404046559965874,0.021267092611388327,0.01986169199164047,0.023656472575694053,0.02258090854950812
2021-07-13,0.01609430664173167,0.019223780274025944,0.021020773915895023,0.02023522854414158,0.01914534462699047,0.023049081956436915,0.021518870984758926
2021-07-14,0.01611591410824701,0.018664080431009557,0.019600379278058026,0.02018181989836616,0.01882061775537333,0.02294977228781546,0.021452784562373692
2021-07-15,0.015342059456585413,0.017828166707789056,0.018611357655104195,0.021204065780320528,0.017521314797772313,0.02239324421058146,0.020713475510807905
2021-07-16,0.014582445632196003,0.017044329522057457,0.017521930345369523,0.019459748217124637,0.01641764812820189,0.021942277340722377,0.020985563733139662
2021-07-19,0.01594983780069786,0.017820622184681036,0.017508525478019323,0.020351693317288314,0.017924022998428258,0.02248077387127883,0.022465048489116082
2021-07-20,0.01875713227928684,0.01908712702221439,0.018274010632252372,0.02152898144891569,0.01998023988880853,0.022323201041680948,0.025183159420870762
2021-07-21,0.0185853800893377,0.019986901569143865,0.020514325033644084,0.021151207331016334,0.019747970527939522,0.022045057264085056,0.02446402700278389
2021-07-22,0.018689453151449664,0.02024662578432148,0.02267403129253152,0.020830391317165145,0.02041490993808603,0.02436501932669077,0.02633796204165116
2021-07-23,0.018169054936345394,0.019223693457572456,0.020964672619703507,0.019882815415851143,0.019702676085890467,0.023935797004109128,0.02514712930693933
2021-07-26,0.017167581740510546,0.018304087014692775,0.01991506053758714,0.018569559303828545,0.01828859615620183,0.02348719936845329,0.023998255441793584
2021-07-27,0.016340702767686465,0.01749937414547625,0.019878731423019002,0.017700799718289202,0.018026616751486008,0.023004360073542646,0.024070400233393952
2021-07-28,0.015497985393593715,0.016748169749742307,0.018590044270604882,0.016589615347470065,0.016819785745039884,0.02244824773537575,0.02287242543447486
2021-07-29,0.014719478460479956,0.016053763168753052,0.017591220775770994,0.015605371401932166,0.015767535076219297,0.021926559595505605,0.022948768815679962
2021-07-30,0.014233388631126663,0.015626892998343318,0.01693902867258336,0.0156542045143684,0.015358665622596501,0.022474250740354803,0.023273107948573242
2021-08-02,0.013884227227454306,0.015208003590492816,0.01618584753010847,0.015200531198978729,0.015091513748961203,0.023138550853408272,0.02278466071021259
2021-08-03,0.013358949617550585,0.014877270516937442,0.015517237422920127,0.015061709505802772,0.014304485545386254,0.02266446366874014,0.02170283981073029
2021-08-04,0.013232981821892224,0.014452637441276483,0.014993393997237831,0.015386358381198624,0.015054783071333937,0.022154089843609705,0.02168783716367482
2021-08-05,0.013245166081622146,0.014147206330276598,0.014598953531364341,0.014896328266590373,0.014442236248377132,0.021817748768416197,0.020722173480074588
2021-08-06,0.01324446243888819,0.014598066817619026,0.015147280042338626,0.0159058544647006,0.015174894641503203,0.021787408944648035,0.020143781170741074
2021-08-09,0.015467520167529936,0.017555700177999952,0.01600048065943912,0.018484865809652303,0.01618836488539371,0.021496004578113532,0.020198498190079413
2021-08-10,0.014704267998976481,0.016826458757764142,0.015687557586753827,0.017779528836646154,0.015391727532797153,0.02112118156891027,0.019492901984530072
2021-08-11,0.01447693712939081,0.017178933045364143,0.015664879719219663,0.017935543196255833,0.016458949915137747,0.020745489160988152,0.018831326487878372
2021-08-12,0.014251092992263825,0.016970141725313116,0.01620767569227525,0.017293129416513547,0.01688380980600857,0.02078577005171616,0.01835385668438105
2021-08-13,0.01362673524489745,0.01625556714588819,0.015700010579942213,0.01621832065073689,0.01585198171076787,0.020464504471124145,0.01773193150999902
2021-08-16,0.013621281584496214,0.015932200201599536,0.01535283136647944,0.016094487237095605,0.01595680598755866,0.020184790889329136,0.017192675030629857
2021-08-17,0.013252816339697786,0.015430258538615136,0.014858807330021474,0.01554625828282246,0.01604741545641151,0.02028012570149784,0.01690989756506569
2021-08-18,0.013391591646323722,0.015094685827773225,0.014764726600489338,0.01485538455119449,0.0153628403131125,0.020608219898439795,0.01724653990444788
2021-08-19,0.013232695275739342,0.01533045366642228,0.015474032329455658,0.014472255401884761,0.014819346618962394,0.02021582657799495,0.016809013802758132
2021-08-20,0.013034741453964155,0.015340871881939437,0.015942122233948787,0.015089514495099193,0.015844994882254323,0.02022614676734364,0.016644806482677982
2021-08-23,0.012514682651597974,0.014868250597938995,0.01558587357831544,0.014385326016902601,0.015078491530205722,0.01987065053396809,0.016211020088795797
2021-08-24,0.012635823618284974,0.014935863411638333,0.015783224000916536,0.014573136781986176,0.014672846826253744,0.019628576153039434,0.016080552295697617
2021-08-25,0.012262541020810527,0.015327183340877428,0.015443510507312345,0.014790419673997943,0.015216150126042613,0.019521627381875063,0.015910925893443114
2021-08-26,0.013414520167893707,0.015117338059246622,0.015210942163929606,0.015268734094943637,0.015576721487489197,0.01941896921873729,0.016329958000318265
2021-08-27,0.012913569371997438,0.014592522941526007,0.014750742806795853,0.014522744418933088,0.015285214884814342,0.020590906482398696,0.01634205934486585
2021-08-30,0.012604907552744215,0.01503321170501626,0.015205803973376978,0.01437069771738966,0.014721059678717553,0.020379102579908007,0.01731171230933132
2021-08-31,0.013331318383311625,0.015209276477780958,0.015475391407576195,0.01588604994983881,0.015787844470439585,0.020339984593079254,0.017860351525233936
2021-09-01,0.012830171072750574,0.014715182019995672,0.014946579141198305,0.014981712939303364,0.014926093877415501,0.020102182115616703,0.017386179078661804
2021-09-02,0.012339271107473388,0.014218389819865992,0.014508650338857367,0.01527883643337409,0.014577523491295732,0.019955533870819185,0.01686356539897065
2021-09-03,0.01193835180427451,0.013783998209280158,0.014210232696909974,0.014470230671814122,0.013891855619410481,0.019635675518985634,0.016586321955290372
2021-09-07,0.011741946043569741,0.013618150050344812,0.014074360832038857,0.013805276242940574,0.013443814952539289,0.019429562190790367,0.016229763171775838
2021-09-08,0.011377723474253143,0.013270626459617858,0.013796930192991075,0.01345103552222754,0.013094495376516442,0.019650495238800775,0.016183437318754525
2021-09-09,0.011159897334865476,0.013570411044629265,0.013765453138882531,0.014068894984664708,0.013417106936970458,0.019374940477122946,0.016736162424333102
2021-09-10,0.010885751741881675,0.013207557042772338,0.01355272681042516,0.013523659294162793,0.013075005245503906,0.019077005664986976,0.016646929601281404
2021-09-13,0.011341512294086429,0.012914515162914485,0.013408757957412854,0.01463151934771335,0.013630917896846317,0.018801326774994805,0.016693904594039095
2021-09-14,0.012011469377333425,0.013298156459900713,0.01345594751507395,0.015222556402933032,0.014035238453018486,0.019894537995463587,0.018266531229984197
2021-09-15,0.013066973760845826,0.01365496745595546,0.015899444912105334,0.018096349350704408,0.016701888703873277,0.020132318495652366,0.019489522346447904
2021-09-16,0.012680166204939097,0.01335373022582023,0.01567838607571193,0.017020444468345497,0.01814662579660738,0.020081851965778,0.018906144344410913
2021-09-17,0.01218921683463065,0.013654128303862256,0.015253025712690639,0.016142063405841515,0.017106436982380225,0.019782236653625707,0.018480186245697926
2021-09-20,0.011798375417758244,0.013912420894476862,0.0149970471334995,0.015185755638451927,0.016009381635836484,0.019830208559791764,0.018208716197952345
2021-09-21,0.015306324169952236,0.01721474968283331,0.01833028188846509,0.020027240441124302,0.021500068178858592,0.026695453462215656,0.02183995551693549
2021-09-22,0.01454634930083176,0.016580869758592374,0.017345512110208513,0.01844999131408101,0.019913231505559716,0.02596607528750797,0.020935994501046117
2021-09-23,0.015060671565999089,0.01759922214822113,0.018516692909623877,0.01963603758029408,0.01980883321206705,0.026415966992605018,0.021838248300755918
2021-09-24,0.01779290844485087,0.017499596276351448,0.019672728157290844,0.023180231602191948,0.023440071161366836,0.026006046784422632,0.023389344040758778
2021-09-27,0.0171507770186805,0.016744141951974746,0.018573156337891403,0.021490855551996955,0.021514268580678304,0.02555322665317647,0.022320646917858816
2021-09-28,0.017866720238259103,0.01740514833817411,0.01885733136009905,0.022049386728611484,0.020592674196566692,0.025434921821019075,0.02271129308245266
2021-09-29,0.016992917842800853,0.01849432063642176,0.020659429638955985,0.020207695539852074,0.019652354608471412,0.02521188309553619,0.02312584038379152
2021-09-30,0.01608238203288518,0.01801440609739507,0.021210193870713056,0.01863675640712488,0.01819762006107221,0.02452559184536754,0.022065078307699156
2021-10-01,0.01597663734590519,0.018075665053355137,0.021362841498719577,0.01827412436693536,0.01857795055113151,0.023918964769604867,0.021163182457526925
2021-10-04,0.01648402266087783,0.017299929248202194,0.020694961707538023,0.017816375414786825,0.018064843889336483,0.023385871668116582,0.020516792810538646
2021-10-05,0.015624368451228842,0.017236773359172883,0.020524329777678946,0.016707737334708993,0.0168269972684423,0.023293928849101257,0.01971370302434578
2021-10-06,0.015649550905345932,0.018877377731947954,0.0203674596860539,0.01737024030519275,0.017066878738975205,0.024261764434796818,0.02162846090979387
2021-10-07,0.014860027444641592,0.01803857797003686,0.019006358610140314,0.0162098658181743,0.01598970344660114,0.023613587706179242,0.020667358043943533
2021-10-08,0.014250435477881306,0.017307535548885186,0.017900772494510993,0.015302587885087298,0.015124288354737243,0.023578709866740488,0.020005067908114408
2021-10-11,0.013591141137500085,0.016619518517055218,0.017405321790340107,0.014580821513190052,0.01434088389666943,0.023115058706733412,0.01970277062221192
2021-10-12,0.014876864334910127,0.01703824546433555,0.019320129584580886,0.01486023789219903,0.014194785500414657,0.022570296404114135,0.018936493229669695
2021-10-13,0.014433137463619804,0.016326571176776904,0.018171584332555567,0.014336880614699534,0.014776890390018347,0.022064123832119607,0.018525600702691526
2021-10-14,0.016450080564053435,0.01566508973475437,0.01733433112910183,0.014243012998223725,0.0142212936609676,0.02274099283545259,0.018205754980328996
2021-10-15,0.01626626440469893,0.015514134345552957,0.018403744610905614,0.02158850069217904,0.01385261617781677,0.022536086700110362,0.017712939054779154
2021-10-18,0.016509640501857617,0.01867693859448814,0.01771242891220703,0.022522091429099,0.01545328127949497,0.02295871323357089,0.01860064065987151
2021-10-19,0.015639630619303832,0.018621239763415908,0.017000488934908707,0.020603027350250224,0.015111120573403245,0.022399003273790227,0.01795366913634332
2021-10-20,0.015285351149520487,0.0177778974700848,0.016200911798541436,0.01898808501278129,0.014327699540516365,0.021913060475340626,0.017599372981778903
2021-10-21,0.015084844302549007,0.017288763254272158,0.016038954341993584,0.01820654357809213,0.013657896943419338,0.021568989003238382,0.017075036172579647
2021-10-22,0.014627813814147963,0.01653248519767232,0.015469065081056886,0.01709065068887009,0.015037369396693083,0.021107266952110494,0.017419811936264778
2021-10-25,0.014512530162722642,0.01657244178786531,0.01572000679361032,0.016995924911870335,0.014956623396348054,0.020823537778997273,0.017423990288337254
2021-10-26,0.013956847229501787,0.015884235040948866,0.015123055278177991,0.01591647546480454,0.014532749544029031,0.02049117779220985,0.016905299554402342
2021-10-27,0.013339367158009182,0.015389607728308606,0.015469125057937,0.015370190833295055,0.013880053717566438,0.02065089624697384,0.016634368895789616
2021-10-28,0.014646484498428359,0.015641095715914866,0.015982988137376142,0.01653419168790622,0.013445825712488287,0.027563040967782424,0.017044627933228758
2021-10-29,0.014683575321012476,0.015284857373456431,0.01592051506442237,0.016550729269493424,0.013256590801776335,0.02703803627493454,0.016909511982171374
2021-11-01,0.014032895761063964,0.01477758607175884,0.01530131085178735,0.015527889226166665,0.01454481311807823,0.02639755789504984,0.016443136878431387
2021-11-02,0.01340339448590207,0.014461623996645434,0.015267682783257581,0.01467807254178871,0.014034513006668222,0.026586285362179107,0.01603109689473856
2021-11-03,0.012867371368938549,0.014873042324883212,0.01487686723935522,0.013975821847491257,0.01465451381674212,0.025827038425929857,0.017186347218419915
2021-11-04,0.012350085252399768,0.015029133908756955,0.016132812319507167,0.013891586407756706,0.014084192454367627,0.02544376918893371,0.017832885147906305
2021-11-05,0.012750429701023665,0.016268128725394418,0.01842829042823192,0.01596638336335635,0.017817854189643333,0.027190311287150704,0.024887754732550494
2021-11-08,0.01226780897557371,0.015633974564382015,0.01736538945475879,0.015394089149447182,0.01661284788225147,0.02643089547627873,0.023613004988501787
2021-11-09,0.011928884743903351,0.015061841580814209,0.01648478193376258,0.014822118864679759,0.01761923680379131,0.02565104332449898,0.022522974287241922
2021-11-10,0.011841273089411441,0.014720261150089675,0.015827742985985008,0.014683144439819154,0.016683014506897118,0.02504702701999755,0.021804955658631376
2021-11-11,0.011448906995534984,0.015026453927586381,0.016810646564234536,0.014217439781623329,0.015679744272719412,0.024418858792452636,0.020819767242606736
2021-11-12,0.011088541334197746,0.014679382061620031,0.01643018412798717,0.01372090403083966,0.015216442385042947,0.024080301106828097,0.020642849304292225
2021-11-15,0.010907741294137584,0.014300507668638869,0.016011939659254466,0.0141457475816608,0.014475048944528977,0.023533349177360677,0.01982407786880146
2021-11-16,0.010641537180458982,0.01385025120086784,0.015392278089958755,0.013566585475131152,0.014019208788353547,0.022946015103909607,0.019122354729654633
2021-11-17,0.010704899009679261,0.013524071654469522,0.014918239816305679,0.013068694218607135,0.014648936651566403,0.02238735134550553,0.018428963481665835
2021-11-18,0.010626964267766057,0.015927293917336043,0.01811154899892676,0.013639106810192226,0.014922541665826614,0.022353469240633618,0.017990762890550592
2021-11-19,0.010818951436119677,0.015305858711098923,0.01710339832061759,0.013265162108749158,0.014217010002766315,0.02188553688742886,0.0174024332392903
2021-11-22,0.011483641150537117,0.015099199620702186,0.016547764649623736,0.015185375755848498,0.014357020996036127,0.025318454542135355,0.019208843063187528
2021-11-23,0.012921566853385016,0.016019484509263833,0.017842284235503214,0.01608132032650398,0.014227002392230728,0.024607026705074957,0.01878436058609092
2021-11-24,0.014447800328684564,0.017154640840662642,0.018906521045072306,0.018047776318953032,0.014743003100511696,0.025331860661688955,0.018131268335640688
2021-11-26,0.01406447606093023,0.017316689969060908,0.017991572658311562,0.016794725578367576,0.014790333521797889,0.025090822799335638,0.017585942371369512
2021-11-29,0.01691066711669744,0.018256384994016696,0.02051913641964858,0.022382574532703516,0.017636012224872218,0.026850206621374856,0.023521582554079018
2021-11-30,0.016089452703200578,0.017563427633478547,0.019327458152460297,0.020531749035195848,0.01671770411655827,0.026059851751946524,0.022368829416199106
2021-12-01,0.01611306107858391,0.017378787254875558,0.020258086070772886,0.02136661599845724,0.017747217826295278,0.025489866193024405,0.021436540897590447
2021-12-02,0.01543714024384917,0.0167492453099212,0.018949095983618467,0.020450215158230926,0.01816973584788025,0.024760083761432156,0.02048726150072726
2021-12-03,0.01603780795945235,0.018238148186353074,0.021843385819650635,0.02168269845522803,0.018614182030115778,0.02525182009873994,0.02115143781490235
2021-12-06,0.016446355040895262,0.017826065394615263,0.020412142009338972,0.02191583915063146,0.018536549796542855,0.02531775441084434,0.02107317933600361
2021-12-07,0.015973489896279346,0.017745793449425583,0.01934385367183725,0.020174129743879835,0.017309210694873265,0.025970968678106034,0.02022237362008631
2021-12-08,0.01582525384686132,0.018821293808913654,0.02114975683095195,0.01913601259183647,0.016321339107647923,0.025717269300410423,0.01952132163926088
2021-12-09,0.015551451647135044,0.018056749960832733,0.020183815708490812,0.01842544156262735,0.015615520930079922,0.025055609833117113,0.018928077671388713
2021-12-10,0.01478779804766356,0.017239465086759827,0.01902072837226758,0.01729081042557902,0.014903101684597733,0.025915046522147843,0.019196182177617815
2021-12-13,0.014166464949654185,0.01704359273480026,0.019506879634423702,0.016142877442454077,0.016916928687902556,0.025160774517796386,0.018502042268214166
2021-12-14,0.014153522485388894,0.017107997025092112,0.01888854045057998,0.017466564710165996,0.016251073207327046,0.024789952697366578,0.019867429612774032
2021-12-15,0.013681104414998303,0.016666808018201057,0.01860850125140942,0.016921048260783663,0.015527109887205473,0.024200331497109782,0.019217127667740672
2021-12-16,0.013364249164406917,0.01598422658543361,0.017613933404982227,0.01595862167977784,0.014926200422210975,0.023607259704645046,0.01863128312206282
2021-12-17,0.013654477210583785,0.01635493224447452,0.01691094108083055,0.017511294796285676,0.01506476729044133,0.02339104186951875,0.01935128707941925
2021-12-20,0.015213758514022393,0.019933376759514808,0.019794136585154692,0.019218071718018707,0.017489244399074858,0.023126845718811642,0.019074955343167766
2021-12-21,0.01574302571722651,0.020690337385698664,0.019680484091573067,0.019007394080261295,0.018432527199430174,0.02262383437866447,0.018436350093386313
2021-12-22,0.015527153215153076,0.020794981859520067,0.02023462058135836,0.01970242413497446,0.018550744805435792,0.022571919522168905,0.02026691820096643
2021-12-23,0.014776210491051036,0.019761345601563014,0.01895019709277943,0.01818069416883814,0.017283349849150687,0.022059005209204795,0.020740714725562895
2021-12-27,0.014091954757105365,0.01887481379057636,0.018120392214290935,0.016914554149462902,0.016590551903281018,0.021801872809914805,0.020152700046922455
2021-12-28,0.013539289613102629,0.018100261957318592,0.017444986133936847,0.01591041010031845,0.015788261083113007,0.021532473937811374,0.019681103711975324
2021-12-29,0.012969830188518576,0.017268012907965053,0.016642938879250346,0.014994032255231477,0.01489040409630934,0.02112618011839205,0.018950009066070514
2021-12-30,0.012449055441605643,0.0165566569161863,0.01654963038705963,0.014265189868881385,0.014146767451065094,0.02080007143984939,0.018276301464924323
2021-12-31,0.011983538260958618,0.015883178983449042,0.015804826659610728,0.013688916346769742,0.013536621005689387,0.020437212090278035,0.017656683634608775
2022-01-03,0.0115731819417893,0.015465265754973262,0.015407300993154483,0.013184452109802585,0.01300633974769501,0.02006127915594689,0.017105721933247112
2022-01-04,0.012964232084062801,0.017860704002065624,0.0163705604965269,0.019107250175952942,0.02108938544798161,0.020609392052970167,0.018120500511900756
2022-01-05,0.01717924898117865,0.01931112365541352,0.02074575397904353,0.022970658697183823,0.019629464974343022,0.02150179193387734,0.018679534942759535
2022-01-06,0.017428930953949283,0.019583035822388205,0.02132840197722379,0.022080584513235916,0.018780565200278737,0.02106377773176254,0.018014056613404987
2022-01-07,0.01676844605743602,0.018660366966222284,0.02059331131016015,0.021531690844352188,0.021392034251528712,0.023787217633936635,0.020106634297852203
2022-01-10,0.016135899673886428,0.01777115981123758,0.019272849468197496,0.021328195107158235,0.020312590414375383,0.023559220596767717,0.020014421387814035
2022-01-11,0.015295209575753208,0.01700190811398759,0.01807320641753861,0.019690426492988335,0.018798103185397267,0.023236332171304653,0.01998475591378678
2022-01-12,0.014534122991474193,0.01651061710509917,0.017981777554467775,0.01826463176891042,0.01849822162169408,0.023052241282633692,0.01921379879928872
2022-01-13,0.013933253642118964,0.01867334429963411,0.019660298426205824,0.017240012926924356,0.017211463683321482,0.022577795821854724,0.019679299375978662
2022-01-14,0.0133240998779643,0.01778193329253179,0.018506719236565636,0.0161385015095379,0.016317138875274827,0.022214191229724026,0.019859437771966887
2022-01-18,0.02457939292659529,0.018726772236509818,0.021758037743900505,0.016788394724545005,0.016166796595373453,0.021730735424242115,0.019076907633965436
2022-01-19,0.0270795608710073,0.028402759325046364,0.026991749344904524,0.021034981431268997,0.018103025863526218,0.02185412378279837,0.02144562146619676
2022-01-20,0.02587113603274119,0.027395651473739555,0.025385049322893462,0.01934354142645266,0.018096364989013,0.02187003600677749,0.021415567983463685
2022-01-21,0.02439022495637269,0.025748357579978048,0.027341992673300602,0.01889806022397079,0.016887425948719323,0.02163467796794782,0.021599547696695347
2022-01-24,0.023621899668196646,0.024530985650023363,0.025232612566840222,0.019013755167475412,0.017493835413586192,0.02166489315410457,0.0226581579435137
2022-01-25,0.0221362873665591,0.023124575163597963,0.023344489895398023,0.01794349867491482,0.01675481652867964,0.022381227482828336,0.022598886735780765
2022-01-26,0.02101849066702656,0.02190255174633574,0.021748226277414975,0.01822251299352989,0.01785046543767022,0.022071965547567567,0.023474101722000595
2022-01-27,0.019939305598758228,0.020733885267912228,0.020495769154217594,0.01732469085044083,0.017041039943222765,0.022541183209502828,0.02247546971687751
2022-01-28,0.01972714397202794,0.019716374926027187,0.019354359299604915,0.016653802763399273,0.016402164969219115,0.02244073596947904,0.021424139225911524
2022-01-31,0.01874629102372871,0.019422721696561937,0.018659822052861815,0.015916113702662667,0.01570912674031031,0.02260533018044729,0.021593192536561924
2022-02-01,0.018139326879264835,0.01957654692068317,0.017700608422612576,0.015126980158746632,0.015009780957233343,0.023141772623234892,0.020759651524170204
2022-02-02,0.017905273590621096,0.02017179174865164,0.017345372607596124,0.015703745671298796,0.016494208704224935,0.024091134168388394,0.02103309125935999
2022-02-03,0.017153049940687795,0.019164534678909842,0.01646799686210261,0.014839073662903409,0.015630174147972586,0.023455945812097215,0.020751483060499662
2022-02-04,0.016495023326533916,0.01858895517261321,0.016777847852042234,0.014706880907263973,0.01590954791908423,0.02557501988298822,0.019915529352626714
2022-02-07,0.017582761207272583,0.01910087722261179,0.017034166282363462,0.020459708938367283,0.01686890338689224,0.026677295260406835,0.01921573479091237
2022-02-08,0.01662798368079243,0.018170480118200348,0.016532918421739373,0.018879845594978514,0.01586835615474563,0.025907657230813723,0.018967039004333792
2022-02-09,0.016772456228183893,0.017387559516493095,0.016189007956411115,0.01868979385304017,0.015544881989081032,0.027571173359296042,0.018525896288960085
2022-02-10,0.01590813141399481,0.016979430899420847,0.017197330792210884,0.017353332818294126,0.015206691681967217,0.02671251575105017,0.017894467006485313
2022-02-11,0.015179280125188472,0.016595336460782904,0.016832677283745177,0.01633524799806678,0.014555764543807668,0.02595292819558172,0.0173225885086124
2022-02-14,0.015137178775883981,0.017130243935874336,0.018992705533692898,0.01799406556493919,0.014026093003724411,0.02784502682997531,0.019155410629800976
2022-02-15,0.014774700830048094,0.016576394008120946,0.01917667407501896,0.017301490876761062,0.014057124812453671,0.026986944077365186,0.02158837535413638
2022-02-16,0.014749153880628167,0.016162875258192405,0.018182236282954654,0.016378979687965645,0.013754118143869017,0.026602940212130083,0.0213611488382951
2022-02-17,0.014043847853876688,0.015884140835005375,0.018966797815841093,0.015429254527957776,0.013188092755643728,0.02594386720061157,0.02057941094155818
2022-02-18,0.015562292701033263,0.01801534991267965,0.025325551862859078,0.020018371716907634,0.018530059374877644,0.025656118134039483,0.020932501786816663
2022-02-22,0.01482683981940807,0.017408018212108193,0.023410175047475033,0.018483976024813026,0.017603566745410852,0.025010494118070607,0.02008497596761433
2022-02-23,0.014138107907698644,0.01672234391474767,0.02175666587603937,0.017543539783141354,0.016517853122710667,0.025333571929331736,0.019279305934754642
2022-02-24,0.015293998730910092,0.016273115607359123,0.02072319434550083,0.017806556575146196,0.01609224173027187,0.025934214188538935,0.02021244397801194
2022-02-25,0.017371790292717425,0.015647809090380757,0.020476446152626022,0.019740443811322707,0.02222810833208953,0.03764905207155403,0.03106299205294468
2022-02-28,0.01798273782955502,0.017346378136409903,0.02153637605643858,0.02190667164377447,0.021976480925642573,0.03819570834690546,0.03187986978925215
2022-03-01,0.02213204660843687,0.01836969183777863,0.024784923034982267,0.021398226834058242,0.026996555300471358,0.041174803516069024,0.03305295733675423
2022-03-02,0.024419951327437146,0.02028406835690889,0.025952989872055753,0.025235199596982633,0.02496795078658282,0.044987649932517144,0.036538875766336854
2022-03-03,0.02374124643524921,0.02060031403807393,0.023912887725298818,0.023669695227179082,0.023628384351476673,0.04342700481968276,0.03586294921124847
2022-03-04,0.022392394094223916,0.019732707725818276,0.022173159220936812,0.022024939757645613,0.02530079652892474,0.04262695647016775,0.03495663749854385
2022-03-07,0.02309696874112919,0.019079213466365454,0.021382818251764406,0.024943990145907192,0.02419592138203177,0.04894282565912442,0.04240413322132321
2022-03-08,0.025331040371304,0.01959954378210444,0.02333796857337169,0.034472960584151925,0.023340890664938278,0.0481637250821356,0.04309060806439912
2022-03-09,0.02383986578045334,0.018630619435833475,0.021537753058034213,0.030992816096080206,0.02195735024464615,0.04914638024675462,0.042377518242525086
2022-03-10,0.02560345682543974,0.02099249480323677,0.02588006947567597,0.036586128255531716,0.021495830856073858,0.04925371813274512,0.04205551607259514
2022-03-11,0.024310486789319494,0.02019546602498925,0.024575550594966925,0.0329805229998367,0.021236696847256285,0.04727068769876135,0.04005885095811822
2022-03-14,0.024038737111170546,0.019368021096509935,0.02278702799878182,0.029829356906414778,0.02027263304334743,0.046653839325845714,0.03749601093799069
2022-03-15,0.022700718113865315,0.018520489410609516,0.021162662768312787,0.02804325306533498,0.018722255872705155,0.04884090606035013,0.03875764037236032
2022-03-16,0.02196979674550199,0.018036862877979155,0.02064612847395147,0.02545273740807938,0.018420365188033142,0.04706691902802408,0.036370518385586054
2022-03-17,0.02490622234510036,0.020105739768202166,0.028479854519362767,0.025892310943276927,0.020682902442795744,0.048204899420022,0.03652395598160384
2022-03-18,0.023615788063460163,0.0191948975196077,0.02703434985934071,0.02353742935308659,0.01933339431309473,0.04620350943035208,0.03431248485263313
2022-03-21,0.022126694017955296,0.0183347201261442,0.02490773011151225,0.02149674286610466,0.017911763901551317,0.044292662950057154,0.03223203619758523
2022-03-22,0.020801671509227224,0.018413764291987413,0.024403654506347846,0.019718189539414413,0.016912086451239806,0.0424864453573062,0.030788955013820035
2022-03-23,0.020621523865278837,0.017879954255710893,0.023150329397535526,0.02162365958359834,0.016188703148859163,0.04304420057332127,0.030225845423846723
2022-03-24,0.02056032916235565,0.018356974877043176,0.0225347682964428,0.022211401466908618,0.01723803459465079,0.04167604856577804,0.029264273841559465
2022-03-25,0.019410438492227386,0.017498999930295023,0.020871360537767072,0.020315626487534166,0.01611853546474302,0.04002693324191624,0.027605393603948678
2022-03-28,0.018450823549949008,0.016748395673575247,0.019432354593941735,0.01952016163510549,0.015297434850939616,0.0385334493159506,0.026083165138854822
2022-03-29,0.017610853495457622,0.016180521873255662,0.01875913826890002,0.0181218605564309,0.015620598681220312,0.03703575225107461,0.04297609056647307
2022-03-30,0.01663994100979778,0.015988133345540032,0.017742012041937507,0.016889937886582673,0.015182486064961788,0.036093621627591346,0.041667638629280405
2022-03-31,0.01585266401938744,0.01582186761901197,0.017941705240321914,0.01637681444543146,0.0179249481632246,0.03515880064851686,0.04048984999784462
2022-04-01,0.01820017114149007,0.016058388775448233,0.020534711954881858,0.02277088908248586,0.020284987271980127,0.03424881823655761,0.03859827068402936
2022-04-04,0.01738586662803972,0.01542111105171063,0.01923447691946351,0.02105628325207,0.020406957246730185,0.03402478166612353,0.03619404226705927
2022-04-05,0.01647006846297685,0.01498265950198436,0.018061768597075825,0.019349027639766817,0.019121458660483818,0.03279648725756727,0.034260025386817244
2022-04-06,0.016132878352338974,0.015027615717874754,0.01901116960161147,0.01918066303130697,0.02003114813786645,0.031956632476284594,0.032314553339857395
2022-04-07,0.016045730437992022,0.01630181622430175,0.02009016177387564,0.018321696033323624,0.020257492683014657,0.031533087587849895,0.03059146225748547
2022-04-08,0.015268199415143595,0.015789884473747948,0.018763571685048473,0.017338290787529825,0.019146493529423016,0.030644124532152116,0.02887003777191076
2022-04-11,0.015562625638845131,0.01663304428707678,0.01800739040096235,0.016366987031882847,0.01886170903484664,0.02978567433404295,0.027341983761369537
2022-04-12,0.014851663935685403,0.01595453811024418,0.017020234071269066,0.015410965066611566,0.0177180180985716,0.03283058847259348,0.02586268328069864
2022-04-13,0.014661778291513954,0.015364866470665105,0.016207530570144117,0.015248688454761173,0.01662579066970174,0.03222551402162585,0.02483096506039148
2022-04-14,0.01777135302991663,0.014926076792028408,0.015532202620741573,0.014939228423889277,0.01568458262661034,0.03142721958439973,0.024700667025284305
2022-04-18,0.01710930430069339,0.014413629746896346,0.015146393095251795,0.019292405921988512,0.01590412861132085,0.030524814241993443,0.02355917569691409
2022-04-19,0.01715532840541354,0.015867687234387227,0.016121811787798427,0.021916987849119312,0.018148782281907208,0.029516072061227715,0.022586733324503817
2022-04-20,0.017435718359664995,0.01618232514111441,0.018077593431120132,0.021194759964427698,0.017439817839944055,0.028619142067783206,0.0216625168514552
2022-04-21,0.016497084052969423,0.016159786731926487,0.018204353696737306,0.019450671607277644,0.01632707717361255,0.027872930743487876,0.020832500097630765
2022-04-22,0.015878375223677764,0.01671524909463673,0.018515814596056914,0.01956331999833027,0.01577403239322263,0.027037243428067383,0.019976215612750734
2022-04-25,0.017976164108550508,0.021044886657828155,0.02440302465914703,0.022895295617690596,0.018336356241368538,0.027337191214511825,0.02065794892138057
2022-04-26,0.01697174731125758,0.019985463617903477,0.022452475694069683,0.021126885963083722,0.017081604269466127,0.02745051351316124,0.019790190632117458
2022-04-27,0.018967200219709834,0.020625859525847393,0.023724800358970666,0.02145377219567994,0.017501514665606187,0.02908290387244164,0.023506126530619505
2022-04-28,0.01844543141755996,0.019552795612478344,0.02187210148201947,0.01981573718791188,0.01712569300667782,0.03288683684122338,0.022388428031094816
2022-04-29,0.018051496375057423,0.019201899791722963,0.02168704648180448,0.019128461246867484,0.016316436889643408,0.03180952756221473,0.024229171098630736
2022-05-02,0.02028200325516778,0.02226435782604674,0.02355742356014339,0.021639880872016456,0.01863217511090226,0.0318575856826893,0.023379429058379267
2022-05-03,0.019256557157960194,0.021572116999926557,0.022415787652774456,0.020367250740355825,0.017727093046615575,0.03110475939908143,0.0222761930077215
2022-05-04,0.019305711830639765,0.020801326812377282,0.021963890569497987,0.021346113437137076,0.01974177489902195,0.03111012346167352,0.02399878264659137
2022-05-05,0.020908905568251444,0.021615976059912077,0.024632695472095213,0.024674604512310384,0.024318491688264138,0.030405881291444642,0.0236938127410191
2022-05-06,0.021431537465695816,0.02307501807500423,0.024558981925974638,0.02513893816238926,0.02334760797604726,0.03415796761258386,0.026180542244799265
2022-05-09,0.020138447397865748,0.021787011632683276,0.022794313032780407,0.022855207764281304,0.021493039035700167,0.03292599301598488,0.024996923401901544
2022-05-10,0.019651429163385182,0.02101763697256529,0.024906762883334557,0.023926604645047856,0.023947543546990628,0.03283326105852777,0.024422740272243355
2022-05-11,0.020293313974964616,0.02029378974328212,0.023236055009752437,0.022847311872347887,0.02376928032538586,0.03216402983788086,0.023653563374910213
2022-05-12,0.01922644274009453,0.019594919621933948,0.022341598242351917,0.020989887215180646,0.023550324006988227,0.03150172262159026,0.02289906797187745
2022-05-13,0.018115575335009366,0.018757649485200572,0.020733699153300457,0.020130381914448995,0.023487165104647763,0.030452739684338526,0.02216121354066357
2022-05-16,0.01728980468003154,0.01935729143352948,0.020999322531024947,0.01855436801130787,0.023220239114757343,0.030172313204372424,0.023880943038094227
2022-05-17,0.01654512826509779,0.018763460749879873,0.019771405772129148,0.01773875352877979,0.021339881838395285,0.029160437775928208,0.023332808601372376
2022-05-18,0.018777051567330057,0.020126472373533436,0.022435134283364824,0.020826633336856668,0.03442623527690249,0.030124945478348767,0.025890633712240242
2022-05-19,0.018663894972963103,0.02009941151942846,0.022972027048185115,0.02286381094449623,0.033968795778271346,0.02992247444860258,0.026174820460261438
2022-05-20,0.018338151131376195,0.019119731073900727,0.021489115247277066,0.021493073689851164,0.030889249068870934,0.029628092471697974,0.025173354236975105
2022-05-23,0.01755231081141352,0.018248199385269698,0.02015221332372974,0.020918582506417416,0.027989855367106388,0.028644261271298724,0.02394531901866856
2022-05-24,0.025448576587433894,0.019793230142434896,0.02253598881360024,0.0293324833494419,0.03417021569328262,0.032602699386027084,0.025856313884013386
2022-05-25,0.024187390489319286,0.01898918133075495,0.02091161772314595,0.026582896391451435,0.030888228895969462,0.03188298978548468,0.026573577400139162
2022-05-26,0.02273270034657834,0.018083430552369828,0.019474229775946168,0.024130234777717596,0.027985654520004132,0.030889579600316533,0.025207767339457555
2022-05-27,0.021962443066920218,0.01909072802345304,0.021445385198296994,0.023583242112892824,0.027319790548448276,0.030047296131504263,0.02501596157270951
2022-05-31,0.021048821422059084,0.01870399486408707,0.02068375518630082,0.02175043062502481,0.025113291735659828,0.029061148805402084,0.024120928077564607
2022-06-01,0.019880791368119318,0.01780836208601376,0.01932494160859927,0.019978542168677477,0.022988785210221553,0.028146655168321204,0.023008317520377658
2022-06-02,0.01966608639190391,0.017669463506145264,0.01878039329914777,0.01933233487176835,0.02244443879657474,0.027622344707969662,0.022482576635737352
2022-06-03,0.019149137526137557,0.017005632495358625,0.017667863229494502,0.01800175958101998,0.02060009966632788,0.026812485578623715,0.021439705889538474
2022-06-06,0.01868455545687161,0.01714819670820935,0.017392505661188825,0.017704497043988573,0.020807227942917582,0.026128596856192666,0.0208148564904534
2022-06-07,0.01766608943555752,0.016480422580187712,0.016738960567944855,0.016506181670582206,0.01918437098237804,0.025759473208940103,0.021661644669839934
2022-06-08,0.016694188382873464,0.015821329965785818,0.01604028557988832,0.015596538582751318,0.01849483903075882,0.025013185055516102,0.02070190841007741
2022-06-09,0.01674295699060335,0.01660621850863923,0.017887021263484314,0.015648715367055987,0.018019510471667135,0.02541729395961541,0.020879901678191398
2022-06-10,0.01741811158533637,0.019022398169554647,0.019142469528967924,0.021484157214667406,0.02022718647465506,0.025318669462229125,0.021463960754660904
2022-06-13,0.02271976842563078,0.025415022170847366,0.024636926878678835,0.02521327038557814,0.026128076487468142,0.0278363594375994,0.02393701702248636
2022-06-14,0.02360350941550087,0.0242722359098236,0.024931138959114873,0.02686256296043294,0.029307851500422023,0.028272043805235562,0.025355752971574247
2022-06-15,0.022853407723546274,0.022900857888260354,0.02292199512815152,0.025348253082999924,0.02667979929423956,0.027384441003436552,0.024446260567899687
2022-06-16,0.021715195227744608,0.023013715582170153,0.02166043826223384,0.02402329912201835,0.027708737659773965,0.028264876203226305,0.02875846781380775
2022-06-17,0.02123116656861899,0.02242028524173676,0.022413385941376287,0.022034429347268288,0.025875853809110335,0.027630019526806927,0.029491992477751014
2022-06-21,0.019990898675197866,0.021948434667543103,0.021395085667749204,0.02016582000157914,0.023818137769172708,0.02683329679632308,0.027943304035580967
2022-06-22,0.02031726688416251,0.021417638499932935,0.021376678595844596,0.021522382202088464,0.024738634788900968,0.027032927268733076,0.02768983891298806
2022-06-23,0.01922141025782776,0.02027805004629013,0.019897146275246937,0.01999384756014596,0.023494831337930004,0.026204382763705198,0.026260335298100793
2022-06-24,0.018514803128182898,0.01930318553533027,0.018742571062942068,0.019561038039700468,0.02271543567511736,0.03798209818823852,0.02911467948028403
2022-06-27,0.01978298196678403,0.025017874950428606,0.024785825455637903,0.01822325635448028,0.024204937073195095,0.03779796574780419,0.02968792596596324
2022-06-28,0.01884264206702625,0.023657918511571126,0.022847456369553005,0.01692621896589946,0.022135740715553145,0.036382501604150706,0.027984116052134068
2022-06-29,0.01785482136119955,0.022364911907662197,0.021304316954815796,0.015899484365625265,0.02100928855466461,0.03530624087913631,0.02656296025147049
2022-06-30,0.016948844765372287,0.021457365189205033,0.019788978108054182,0.015851956034555255,0.019387865163596595,0.034566218649812616,0.025660530230312464
2022-07-01,0.01792007541682701,0.021318997714576664,0.021008001503249968,0.017626586842796204,0.020319738847656702,0.03386124261851286,0.02479206826671175
2022-07-05,0.017349071189840318,0.020294915841929842,0.01974515606491972,0.01717910777010937,0.020095594519761076,0.033536812711935225,0.02351785568513351
2022-07-06,0.016468812296648986,0.019377796215685184,0.01874897240337827,0.016611258755045096,0.01871757611393644,0.033301502103242835,0.025466407744244184
2022-07-07,0.01578373150311335,0.01878236027810208,0.01794667389357804,0.01597893450823612,0.01785159423747791,0.03281041687734244,0.02510105626094772
2022-07-08,0.016913024665964838,0.01852197587483731,0.01826098332211836,0.01841231990169307,0.017808859175934784,0.03183403128208586,0.02548683984068394
2022-07-11,0.016054925251787165,0.01779412570911321,0.017288763478244915,0.01712442073217542,0.016640502109999532,0.03149799001421712,0.024286012072692903
2022-07-12,0.015903945009964268,0.01734790785196668,0.017011797821369978,0.016591912753015848,0.016543887521658057,0.03228256818234799,0.023925154576366764
2022-07-13,0.015085030830510337,0.01660172887553714,0.01618874766945416,0.0156363123521083,0.01554143177144409,0.031208400849543877,0.02274749510840733
2022-07-14,0.014735761661630296,0.01612394879319827,0.016215183869682733,0.016268399076977153,0.0156969799037917,0.03018097086165352,0.021683406592847253
2022-07-15,0.018401781337901265,0.01803173376143806,0.015616523848831101,0.0179433847737012,0.01908879941390771,0.02947739361446065,0.023891633535728506
2022-07-18,0.022510011774394222,0.021472426355942778,0.021290713636419163,0.03106131283714255,0.05145737821996301,0.02942849962897712,0.026087121257175563
2022-07-19,0.021425339051841158,0.02163666505020491,0.0200518779162467,0.02794524488317387,0.046185697899445904,0.029329907245107395,0.025876389730455248
2022-07-20,0.021537587848895843,0.026212548505577103,0.022160870191133834,0.02823229158515458,0.0443207457476655,0.031470014926028335,0.027489314544954145
2022-07-21,0.0202217305981271,0.02485148872831214,0.020519689081840823,0.025492288297481337,0.03991242846228224,0.030935778022897778,0.02616956834058599
2022-07-22,0.019111884184750523,0.023866848490276604,0.01972491862655608,0.023327417736682853,0.0359586055976253,0.0308694598521326,0.02498736059209496
2022-07-25,0.018100542324237502,0.022656366112813374,0.018662532242328198,0.02145748912183652,0.0328807066942197,0.030960875458491847,0.024112266741263086
2022-07-26,0.017110084126020563,0.021403410753514384,0.01756263424188196,0.019920218800186632,0.029786845651426565,0.03027103125414855,0.02505823782467092
2022-07-27,0.017068732189160093,0.020970434479055063,0.018389803636206646,0.020127585510410245,0.027660239195290634,0.03053716363078815,0.025981965986062335
2022-07-28,0.01686944455092173,0.020622797847402882,0.018716407974564676,0.019483852829232973,0.026094822802664043,0.02958293386294478,0.027102493999722258
2022-07-29,0.016032709023993362,0.01997946571220156,0.01826426788116156,0.018318456283004908,0.023806287419698854,0.029660040023778943,0.030591688517144736
2022-08-01,0.015254118348099244,0.019341497378477776,0.018037618679192638,0.017836226604620628,0.02181484362590405,0.02877577774225179,0.031509332344717936
2022-08-02,0.014929544332943237,0.018434137462758685,0.01707905329847382,0.016664644947168895,0.020053727004399828,0.027926331198872827,0.030801757398679696
2022-08-03,0.0152046459162712,0.01801512321456374,0.01645375267903717,0.017612213988235877,0.02064323538740184,0.027248100277114308,0.029510201618854502
2022-08-04,0.014783538273744153,0.017825154299535278,0.016832240967466376,0.01772875166250728,0.020074989356621525,0.027097166048550406,0.029027324875558275
2022-08-05,0.014604701627349463,0.017064349593970237,0.016067767689260295,0.016798785472721435,0.018767574510689885,0.026377655502878055,0.027503985752223993
2022-08-08,0.0168095710627375,0.016504894601111698,0.015667760237710632,0.016898555171179958,0.017653872201371396,0.025704392715681115,0.02622339244868083
2022-08-09,0.016476893008170665,0.01582292962455205,0.015096347273093953,0.01682566579854014,0.016551835287728217,0.02496628939077337,0.024867778739518065
2022-08-10,0.015824721676520125,0.015296196973618692,0.014650762785511697,0.01642943914984405,0.0161646958302288,0.0242767623902423,0.023616502434990156
2022-08-11,0.01706473916857494,0.01775633995874122,0.017289537490323505,0.019970978666500806,0.017162303404778756,0.024211432087812516,0.02533760537308708
2022-08-12,0.016752314913271903,0.017239984856782478,0.017108049970797224,0.020448174080404048,0.017034593783140654,0.02357876694631092,0.02424131446158739
2022-08-15,0.016644541582153293,0.016573188209854386,0.01711180471366851,0.019207092616627498,0.016143814306446406,0.023726604322596604,0.023446985873747172
2022-08-16,0.015767395397496248,0.0159648867786528,0.01630491156962875,0.017775386091968257,0.01537925559493929,0.023799690052088818,0.02237240261446214
2022-08-17,0.015222594184676664,0.015362835314820104,0.015638723440394478,0.016993311481896294,0.014552278531896523,0.023233804237392085,0.021528871663435655
2022-08-18,0.014787452226101182,0.014845222089435384,0.015200310342565781,0.016132894202262306,0.014218351261138877,0.023378347065252145,0.02131630163781596
2022-08-19,0.014358382113287042,0.0143444746218555,0.014743592783505873,0.01527271882797998,0.013675231243462623,0.022803311624948846,0.020598347696048444
2022-08-22,0.01610119127447917,0.01465350432942142,0.015904535227854327,0.01703812047799429,0.014917882707564764,0.02515859952114784,0.022335547074697377
2022-08-23,0.01630608936664517,0.015445737911781865,0.01654580030644445,0.01817733773961279,0.017576219757866832,0.024767929424042923,0.02211242368550166
2022-08-24,0.015847900826253,0.015023632729845133,0.01582879885884268,0.017310595589240054,0.01659232291402746,0.024168712265238593,0.021284922729864816
2022-08-25,0.015042358796813737,0.014564810622171432,0.015237928522267897,0.016186281155859305,0.015568770980795071,0.023527898203236322,0.020443988491377872
2022-08-26,0.01609093292330498,0.014610914063847326,0.015500787267307725,0.016602105422384876,0.01662141478193196,0.023104538989212026,0.020612262608694865
2022-08-29,0.01890213984856542,0.016817840982023588,0.01951340666548869,0.020169260413850566,0.02357482665992851,0.02414424404696129,0.022499046653729756
2022-08-30,0.017844322050128637,0.016279969738777055,0.01930442195404276,0.01865750012573755,0.021852837940542175,0.02380629618578575,0.021443085946628745
2022-08-31,0.016848741891223987,0.0156252716786099,0.018553864294828876,0.01739168509921909,0.020241308630309485,0.023692715746903868,0.02089446188102884
2022-09-01,0.01609898973616422,0.01508663742335763,0.01771889471734831,0.017245879066107906,0.018840022684384342,0.023258540933988422,0.020001101075927275
2022-09-02,0.015383932934601757,0.014563577425861183,0.017150615635011298,0.01611720179011578,0.01749967385527639,0.02290002384809552,0.02053940203824928
2022-09-06,0.014841334049649125,0.014222097699636702,0.016314086421881667,0.015184058595785605,0.01634748086443478,0.022434922373575503,0.02019561184395941
2022-09-07,0.014125555698187822,0.0145747762426251,0.01654016013433091,0.015124393233022712,0.01621056719786641,0.02194179748427659,0.01988066715139457
2022-09-08,0.014691763262711426,0.014554412222087334,0.017170903754341132,0.015417892269226978,0.01555636272359734,0.021500801615447773,0.01968599103604102
2022-09-09,0.01574347777853063,0.014708473969653859,0.01738655460384498,0.0189079964345461,0.017696348420363783,0.02425836391014884,0.01963773107988094
2022-09-12,0.014993472993401822,0.014796961167061619,0.01690927411809799,0.01774732033196854,0.01749018001010411,0.024553713056392465,0.02004780136073505
2022-09-13,0.014695124106323525,0.014441394717350169,0.01627794201836716,0.016862279324147376,0.016385952245332652,0.02557186262326512,0.02136919426814204
2022-09-14,0.01833223801552869,0.01909130747392691,0.019984869904076847,0.02150645311829841,0.021367019827387132,0.026287959644043304,0.02310801212946321
2022-09-15,0.017323449618979282,0.0181975185880923,0.018673812540615745,0.01979029881383198,0.02023502014521138,0.02550817077473349,0.02202316161968046
2022-09-16,0.017003782608988074,0.01778084163658695,0.018021262255506963,0.01954039648486191,0.018687650695312398,0.0253831019989286,0.021253253726376174
2022-09-19,0.016274761721668564,0.01773405093258618,0.01740092954131459,0.01864996676933693,0.017590904624765938,0.02477255725539053,0.02069235796978939
2022-09-20,0.01565592144723056,0.01706554572842215,0.017198469012408138,0.018345470667290153,0.016439308766526998,0.024140406133052947,0.019881842453541746
2022-09-21,0.016342165634931235,0.017128123093272492,0.01753908196214468,0.018121478081264075,0.01752358415848776,0.024563265295159304,0.019767977132058554
2022-09-22,0.01835022591433124,0.01658017317904358,0.017017024530872584,0.020750804226700174,0.01815611453958831,0.025088334138091733,0.022586571142085097
2022-09-23,0.01777142220581321,0.01762163794310356,0.017555174644115518,0.020686732936944795,0.018132296112969203,0.02547311289152199,0.021522093493576634
2022-09-26,0.01797100315553685,0.020090890441490466,0.021737784366328734,0.021322698893444472,0.020522135373640296,0.02878178789864798,0.02821118452527698
2022-09-27,0.01850784044215148,0.020537506265759654,0.021639888269432913,0.02152640517964583,0.022187389831507257,0.028566659431514818,0.027817683744208482
2022-09-28,0.01773928520977861,0.019784405865821378,0.020130846960723852,0.020656460546455247,0.02073679387713529,0.03003454471617946,0.02753810575811688
2022-09-29,0.01787549993995333,0.02106997784096787,0.020563034590369945,0.019913674481176705,0.020416637031605185,0.02910289068809914,0.026161923812134256
2022-09-30,0.017869577783382214,0.020551291671656778,0.02049191115961253,0.01915673725341603,0.02105452936804156,0.028846104196360446,0.026202401619005312
2022-10-03,0.017726276207284224,0.01976169629571604,0.019521416902987605,0.018767731677979637,0.020581455995074344,0.027971830076078973,0.025097981439305066
2022-10-04,0.019318375033170344,0.01974440802089654,0.01915247535151901,0.02057806355970234,0.02062395827209817,0.02740024546143648,0.025877982455260948
2022-10-05,0.0233451407491599,0.024296611827017735,0.0233858462995588,0.024480205897568205,0.025126630849226724,0.032399572381618856,0.029393435882809106
2022-10-06,0.02230357011050269,0.02364057282974903,0.021908776900093536,0.023020498382475343,0.02352650270146071,0.03259172774389857,0.028891243262988354
2022-10-07,0.022066643327617673,0.022738008589373793,0.021799679262657908,0.02183393773692915,0.02271407431362541,0.03168102297842451,0.02987156054508925
2022-10-10,0.0218176855826024,0.02180139211767401,0.022852628939048533,0.022007113546270086,0.022377557938238514,0.030584476409312073,0.028472785330117163
2022-10-11,0.020749104715918336,0.02063461421331056,0.02126537447689998,0.020187538696569418,0.021316916751667487,0.029641422709075323,0.027146448795482055
2022-10-12,0.021848022721419853,0.020648171688068186,0.020838869327966174,0.022012361660614838,0.022565492023703677,0.03026297693462579,0.028136970914120023
2022-10-13,0.021090720355519857,0.01959864911423538,0.019508842859970357,0.020158206136927977,0.02100692105608144,0.029727413446116655,0.026799100184160346
2022-10-14,0.0263458372255853,0.02201587292340974,0.021799623031146253,0.029459302792775633,0.02745346738252945,0.03442639387880573,0.035911663351238535
2022-10-17,0.025150424466620608,0.0220396549653563,0.02736978553778597,0.026555063752255102,0.025079668510768306,0.033236216699712585,0.03424653716589386
2022-10-18,0.026949984391837715,0.021862758653899708,0.02627432201667144,0.03300541924517293,0.02309528114532359,0.03213685912636509,0.03399668691370115
2022-10-19,0.026423595270919184,0.021789994081495255,0.026022217546558292,0.032789012123845114,0.021699826767325705,0.031900741757299025,0.032332515748131715
2022-10-20,0.025609872470138142,0.020726672462832905,0.02522596938198213,0.0315014338523926,0.0212914592546855,0.030778218652076864,0.03210189359012871
2022-10-21,0.02399206523107568,0.019673265797455597,0.023672277699021457,0.028469755477524665,0.02000424261370455,0.02972188423013405,0.030196515180270094
2022-10-24,0.027828081452985695,0.023079066611861564,0.02462861295037634,0.02920933721677838,0.021936163450426108,0.029453477876046342,0.02876240124129914
2022-10-25,0.025992673799025784,0.02202548879645353,0.022633231087257823,0.02635767459399162,0.020190133130970855,0.02871581810488004,0.028143683980099973
2022-10-26,0.024311351295187404,0.02108307980692076,0.02138036887393982,0.02408902713767074,0.02018419397366763,0.028417467964974876,0.027941654661477883
2022-10-27,0.023018604970144865,0.02017301341350042,0.019904655231249853,0.022134982265229423,0.01865236177097149,0.027578136138336252,0.02638439522570237
2022-10-28,0.02159794702961184,0.01917937974058669,0.0186465172167357,0.02030291584547211,0.01732560140439098,0.028108721370901642,0.024967201107717458
2022-10-31,0.020583872810415963,0.01867753189473492,0.02001888947120662,0.018929880139697843,0.017160281423121516,0.027282661941135933,0.02388221474548096
2022-11-01,0.019363405181051306,0.01792585497612598,0.01870802629830727,0.017615457904483326,0.01624163327637145,0.02698851173539133,0.02269345110624499
2022-11-02,0.01905431296732915,0.017446216322903378,0.018669816399506867,0.016475729816112613,0.01553371572142869,0.026173215488994053,0.022089863612735856
2022-11-03,0.018253430177891515,0.01669601712455514,0.017731371339942535,0.015534645867925656,0.015811803764996763,0.025430081075931577,0.02199301648989987
2022-11-04,0.017222020776540763,0.016021800806797305,0.01712764562325155,0.014888941992328621,0.017209151791978242,0.024991410102754897,0.021947066541122762
2022-11-07,0.018373940816166574,0.0171848870133875,0.016976524382575596,0.01695592369799044,0.018477603724640516,0.0254925436589054,0.027706020450157784
2022-11-08,0.01738759216614878,0.01686699198663624,0.01637427791204539,0.01599000364516787,0.017877226980777244,0.024839138361117126,0.026182367857782184
2022-11-09,0.016431867543662552,0.016185014546207025,0.015730073128478416,0.015076762465538155,0.016950897721164895,0.02424960627088492,0.02502921061357788
2022-11-10,0.01622127844438205,0.01564202302105967,0.017055692366342644,0.015735488167654514,0.017221849344755128,0.024380252400611768,0.024867883947838974
2022-11-11,0.020050894527329256,0.020066680599845663,0.026857924220895422,0.02220187336195597,0.029982235165997205,0.027048433701654856,0.03002109895859689
2022-11-14,0.01886064184777645,0.01977718740485729,0.025634578610911448,0.020459941057915976,0.030500072753758944,0.02809179676144498,0.02879461073724683
2022-11-15,0.018147499474666838,0.01892942626372982,0.023834367709671046,0.02006454965680055,0.029201011004883495,0.027408669743974438,0.027682980262289283
2022-11-16,0.01733002523963667,0.01801439378040678,0.022072530934336566,0.018504737118696414,0.02650324262212715,0.026618064929151832,0.026145515421358356
2022-11-17,0.01637988109546226,0.017193440179007015,0.020649667771630666,0.017587327326810814,0.024754596233455186,0.02581985845819121,0.02497011408905306
2022-11-18,0.01561172908864008,0.01658533395402041,0.019585445026144562,0.01655161289833149,0.02264071387929949,0.025069779004363996,0.024216244055688736
2022-11-21,0.015099625750917835,0.015906118941683877,0.01834879070820589,0.015525839945448554,0.02100129359399561,0.024371771229514994,0.023133846598884653
2022-11-22,0.014529393100555064,0.015299272371795698,0.017315862941713736,0.014704463712478265,0.019412325990156135,0.023755279063176905,0.022030747645756014
2022-11-23,0.01457137473377608,0.015000408089899386,0.01656116254074505,0.014084552384424028,0.0182934860016315,0.02315818427481761,0.02103824074210898
2022-11-25,0.014237022529229,0.014578074534333525,0.015830459296079468,0.013522297662479487,0.019214560760296175,0.022906774390271646,0.02054796561302416
2022-11-28,0.013582857901498446,0.014225478784094178,0.015608421764614253,0.013047399758123024,0.017809530800650106,0.022630188885188376,0.02019141671175316
2022-11-29,0.01433194378157087,0.014753045849297009,0.015616891510256654,0.015579334269727203,0.01882144567818433,0.022903070109112487,0.020692245326616267
2022-11-30,0.01456112195811142,0.014282985437451982,0.015640386997095284,0.014764494791928295,0.01766347330279367,0.022364536841999474,0.021585364094071195
2022-12-01,0.014319166960433272,0.014341082651720134,0.016713247665041966,0.016440596766243678,0.017765217872223498,0.02187411972101878,0.021085316816528258
2022-12-02,0.014510181127773452,0.014025878545214771,0.015949581635826788,0.019344543077528954,0.01739669827491179,0.021914101156511618,0.02030514843962821
2022-12-05,0.014125095539956462,0.01387087997616392,0.01574970644414727,0.018656830574762865,0.01689940068951589,0.021629144183312028,0.019663770768445468
2022-12-06,0.016537907242439653,0.015389974378722145,0.017664418595748355,0.025036390751838392,0.020901094446883862,0.02119199915910639,0.0194992517784054
2022-12-07,0.01566178004087558,0.016515822846815728,0.019166484082774174,0.028567568720917588,0.020141510703357852,0.02099849858604881,0.019276022858356365
2022-12-08,0.01487481879835015,0.016052884033754256,0.018024820813423582,0.026004311966094068,0.0188309139068195,0.02058255790538247,0.018652420202811933
2022-12-09,0.014492303413898113,0.015508986072921878,0.017834578903812636,0.02388721684098944,0.0174787403157013,0.020405727492280736,0.017993668986785335
2022-12-12,0.013963456367835494,0.014947843065071019,0.0170946621291262,0.02176965223775166,0.016371750752850453,0.020129595546556446,0.018850166804379887
2022-12-13,0.01414655661049747,0.01479194761387576,0.01735734587299564,0.020306517254564026,0.01717403449070891,0.019805108982833285,0.01816631451032815
2022-12-14,0.013511411072066498,0.014963091432612834,0.01744645895279568,0.018686824607526503,0.017416601391166055,0.020575251586377026,0.018406647062034473
2022-12-15,0.013069904950351863,0.01607853549329221,0.01870452263962983,0.01830837668946464,0.017123272876816042,0.020872385773308303,0.018109766051162518
2022-12-16,0.015141241095031352,0.0179601980055621,0.020705435566636458,0.01820437577441994,0.01996682769429732,0.022400638302136833,0.021696616554445217
2022-12-19,0.014583191356638398,0.01742694936271776,0.01969453391541505,0.016949969217885344,0.018633690030472185,0.022454055111769452,0.02081797855064032
2022-12-20,0.01398775331936311,0.016736547425838848,0.019260560066179395,0.01637703867881708,0.01774618701271582,0.021939146645438768,0.01992898701931473
2022-12-21,0.013415845062443832,0.016032722993497183,0.0181615790938378,0.015432207792072869,0.016597942018945017,0.025775661171209704,0.01941666437196763
2022-12-22,0.013271645786030057,0.01613869622268057,0.01838633421013768,0.015626278898322486,0.017795344085726097,0.025284404518011477,0.01903306066999907
2022-12-23,0.01333272706007854,0.01603712348633328,0.01748374183076469,0.015235050485689421,0.018170539290486742,0.024612727880913465,0.018683596142852917
2022-12-27,0.01282682027525374,0.015403247549318832,0.01663286655611134,0.014448595192257403,0.017053973355201587,0.024051726299842546,0.01847614519829681
2022-12-28,0.01234143687071392,0.015189387737869828,0.016520896286869587,0.013793582884443788,0.015987283944359654,0.02342056464861077,0.01785238867969169
2022-12-29,0.01197076093086609,0.014684535231877703,0.016021867709842603,0.013496874718277452,0.015163251651074095,0.023076958622491803,0.017501809033097
2022-12-30,0.011654441080814124,0.014351775279825882,0.015644328942665476,0.013632421136350815,0.015046601568184347,0.02285961460227334,0.01714329901943378
2023-01-03,0.011417960792173743,0.013895476337506547,0.015108438921293132,0.013133347757153125,0.01426584791140064,0.022383861871432424,0.016648286707182762
2023-01-04,0.01126894844230478,0.013695297738788083,0.014847310737127924,0.013410085343009586,0.014337262596902782,0.022207760892002645,0.017580200924754347
2023-01-05,0.01126132643363682,0.01336138578847696,0.014823866733486122,0.014689778006807097,0.01678046639168211,0.026483627193047768,0.021067269820995622
2023-01-06,0.010923903668858464,0.013504114442502905,0.014754632459281214,0.014029349725016363,0.015846557643835656,0.026522651299565648,0.02044187772502331
2023-01-09,0.012144256220843992,0.01364277185209765,0.015662365940241535,0.013908245345776678,0.01558390558138302,0.02637560848858334,0.01982212588676896
2023-01-10,0.011818199169985333,0.01389403003455191,0.015075664114725478,0.014736020686010005,0.014810106286922952,0.025588769412395143,0.019069863393730773
2023-01-11,0.011707720768879017,0.013959480207323545,0.015355889172775632,0.01421477223546433,0.014959307019812733,0.025113222864914797,0.018362503203932793
2023-01-12,0.011511021211037203,0.014761885000160884,0.01492254835587432,0.013851773971806536,0.014737880780219554,0.0244194770705975,0.017979841177587427
2023-01-13,0.011156647714847251,0.014920496341491094,0.015008038622414599,0.013319108758494277,0.014285234781701073,0.02392459193532676,0.019139464877280743
2023-01-17,0.01336616424079345,0.014750061212553766,0.015091734590596208,0.015253648016541015,0.015028633844423631,0.0233593071134724,0.019392036152442744
2023-01-18,0.013881628462193518,0.02487268291354099,0.024580050708861677,0.016637553284279447,0.014525471011396316,0.023015410198984648,0.018735309504979484
2023-01-19,0.016762954830910993,0.023445369757921504,0.022680139256220307,0.01823756149671478,0.015533815831955605,0.02247890174379276,0.01806381391506369
2023-01-20,0.016539209515319522,0.022162740943593873,0.02288631480628362,0.01797459282539053,0.014685777208425288,0.021971820591138336,0.017741714649690817
2023-01-23,0.015669013120842682,0.022415634005263835,0.02238296856285343,0.018082567348582594,0.019192205033406927,0.021931399424340064,0.017239258665587117
2023-01-24,0.015675874963974743,0.02209923856939104,0.020909864607868194,0.017553472676510633,0.018955077483628825,0.021462814445255662,0.017255001660143324
2023-01-25,0.01508674157808108,0.020911922510829656,0.020408739976071913,0.016555480612197082,0.018133930291941217,0.02102051870320679,0.01743405659997666
2023-01-26,0.014402595168192114,0.01983825386651198,0.019031044927668293,0.015826815799599794,0.017226231251117396,0.02061051141300723,0.018424303051337538
2023-01-27,0.013834960533617215,0.019361754590990505,0.018093006072882837,0.01570967735103451,0.016226930747830916,0.020677150898055312,0.0186105920591788
2023-01-30,0.01322635081557406,0.018445024602033157,0.017114913540519854,0.014853503299655641,0.01548912895825504,0.020391657958734974,0.01795510534313238
2023-01-31,0.013038818950579907,0.017841864187751858,0.01628938608044876,0.01425572126859849,0.014668679324742138,0.02017159275312026,0.01739646635467769
2023-02-01,0.012610108703935268,0.0183697701881965,0.01627046107049229,0.013731874966133201,0.014335478148768477,0.01987659370214305,0.01687676072088866
2023-02-02,0.012174062829872203,0.017506727597368835,0.01582031842859036,0.01394651806533856,0.01368281495416151,0.019635859605276588,0.016585897408763567
2023-02-03,0.01186967458142407,0.01698833705478466,0.0155618987271732,0.013520446462776019,0.013123804652115757,0.025510726436177928,0.016373464592645694
2023-02-06,0.012391081551165093,0.0162598064480579,0.015001082551862645,0.01335261174712634,0.013997488093124767,0.02494490522136845,0.016563052807924077
2023-02-07,0.012032224887078495,0.015612224487182509,0.01469607024810956,0.01293040760976761,0.013411071352306457,0.024589921738095315,0.01630968953409427
2023-02-08,0.012166191168490895,0.015280531069021662,0.014312894118632055,0.013162080645787087,0.013029081228643696,0.02443927600287391,0.016843238314293213
2023-02-09,0.012007172110544855,0.01473006709284964,0.014031283577134951,0.013133081455144078,0.01257835670806579,0.023815617098655387,0.016412456077325343
2023-02-10,0.01278547190380957,0.01542852158107206,0.014195835648322963,0.01542696009509007,0.015305195031807084,0.02322517458573341,0.016002157184040317
2023-02-13,0.01232843829531361,0.015077482618064233,0.013927310268164432,0.014708169074722968,0.014500689375463805,0.02381710113381804,0.016459722448805458
2023-02-14,0.012297680032062743,0.014693277777449214,0.014038001496542513,0.014007764200821242,0.015331896911814389,0.023407538021491564,0.016348378196060095
2023-02-15,0.01189454232378092,0.014333827290693747,0.01423374938202589,0.013442550338131153,0.015166091424145654,0.022953700858927954,0.016184410712966023
2023-02-16,0.01152977250390308,0.014015138045886156,0.013929820956955045,0.013004102490894391,0.014427462945074038,0.022514095881353856,0.031585504720396146
2023-02-17,0.012154047827976609,0.014042759037596749,0.014451698144881685,0.013062112990020787,0.014047446340036171,0.022676914671292726,0.02971061542567448
2023-02-21,0.011730445178098603,0.013705563148197103,0.014100000211833325,0.01266895700414929,0.013432646146692352,0.02231534086904734,0.028015447999774318
2023-02-22,0.012988651580346455,0.01473062338635842,0.015476753966936879,0.015621595312963638,0.01789018237729006,0.02336297340038381,0.026658003285345767
2023-02-23,0.012770032614773923,0.014235943638273872,0.015004110747219156,0.015038925351674965,0.016728587190733127,0.02285869798392783,0.025224802038109444
2023-02-24,0.01247706909395038,0.013948869600483084,0.014689810696453339,0.014287217628022588,0.015872014262350558,0.022308788336487178,0.025159335391019274
2023-02-27,0.012285722056656725,0.013536399693773633,0.014329971131333306,0.013683839123151941,0.015058190823414783,0.02211603723517855,0.024089487976331293
2023-02-28,0.01209860580567083,0.013230530075504131,0.014522804890050221,0.013167404037269992,0.014416632969253334,0.022305387282684053,0.02333478029566073
2023-03-01,0.011911442138797775,0.017559701196074477,0.014184999460063604,0.012765424738297535,0.013813418701014607,0.022163266787223884,0.02258142868567148
2023-03-02,0.011689784428167906,0.01698750545654018,0.013948153841706373,0.01260376117111815,0.014522261437831425,0.021672216774902893,0.021517450998901688
2023-03-03,0.01188979217000622,0.016429874961475754,0.013702966386995736,0.013379951999519033,0.013853116469985462,0.0216277426545808,0.021207018757028444
2023-03-06,0.012788581196587056,0.01714059703885783,0.015575793301339534,0.014892218589060178,0.01497355543653857,0.021840527222499108,0.020453037076004
2023-03-07,0.012475798419515894,0.01639583968689463,0.015005283596359924,0.014195120981117327,0.01427426748600356,0.021371985722216165,0.019604158451043175
2023-03-08,0.01564685093107551,0.018439244994963896,0.01690752765623578,0.018785260802681537,0.016057159919622782,0.022245412977381262,0.022231582498032587
2023-03-09,0.015019272910710802,0.01777069588724281,0.016124307756061374,0.018260766702919803,0.015461829372854445,0.0219858248770786,0.02120470484370968
2023-03-10,0.02334913079502326,0.01815666873539069,0.020876790791403317,0.030439482764017117,0.02208349811281136,0.022828090349413546,0.023297005698134896
2023-03-13,0.023258097714054862,0.021795015585536787,0.02121837499833752,0.02766316344905638,0.02041566934974652,0.02764775176155695,0.024241081439419526
2023-03-14,0.022663176322259143,0.023677617947814738,0.021421263779830182,0.034422389892511014,0.03577846813361186,0.0273254738644594,0.026097630681994284
2023-03-15,0.0226988960124176,0.023181637766138227,0.02124623161085534,0.03102346031602766,0.03927587201849949,0.027779238580202877,0.02564787092871161
2023-03-16,0.026685408023788743,0.023933045795031842,0.02708135666425896,0.028195198033953067,0.04169328843282551,0.03165132811931188,0.036305236763237596
2023-03-17,0.025648891965756055,0.022728324045641554,0.025516049704242195,0.026203992365377148,0.0381200558702844,0.03082016629988539,0.035126561270065346
2023-03-20,0.02722455366687938,0.0243545536755705,0.026213882862648284,0.028684497041285905,0.036432521224960775,0.031445546842243044,0.03457959790189812
2023-03-21,0.025630084192263643,0.023679728755274507,0.02465684611241166,0.02591533287837006,0.03291214458871073,0.030352219520767193,0.03266093009856549
2023-03-22,0.025382987684287057,0.023529119267256034,0.02572595931671968,0.026072816159182884,0.03092587500215662,0.03331663232878654,0.03296923718480503
2023-03-23,0.02533565302476799,0.022493307959754304,0.02410999924985753,0.027203264473765722,0.030543893964344156,0.03288437951030057,0.031134329423230987
2023-03-24,0.02373031172039722,0.021278412643583128,0.02331437463148423,0.026510406676541424,0.027797908715096586,0.035111082590069925,0.030868381279796745
2023-03-27,0.022851736285062364,0.020282971205956013,0.02296428410374659,0.02409839396484505,0.025482139342962985,0.034632849419640836,0.0291459445400039
2023-03-28,0.023209017076488037,0.020042925390926038,0.02135501971945104,0.028761468799247097,0.027472665488271007,0.03510639895521553,0.028379100342309335
2023-03-29,0.021760848296688028,0.01902404702112859,0.019843450207426738,0.02650705934243742,0.025248014784997812,0.03397281283509007,0.026814573640797687
2023-03-30,0.020426201976524987,0.018212202251448418,0.019283295058542694,0.025068697337664935,0.023823582174982896,0.0334808400023884,0.027659071139029757
2023-03-31,0.01924501780194521,0.01736480191789281,0.018100643910820377,0.023386738830230944,0.021814544526196588,0.03235301783308796,0.02676947772618167
2023-04-03,0.018484545181052303,0.01747543741654362,0.018283176461008875,0.02165177858271066,0.0211401469436144,0.03145789285851605,0.0256989154545961
2023-04-04,0.01744303057475279,0.01671104762494108,0.017478089283278677,0.01983685276634874,0.019543374332224677,0.030613691292354462,0.02555932614076975
2023-04-05,0.017136583631037716,0.016444295325286764,0.019253537816270535,0.02026014719195945,0.01888413398067671,0.029623853010746513,0.024271945232775025
2023-04-06,0.016204534151664625,0.01581297546608162,0.018594110486990657,0.01932616212022065,0.017765650193099735,0.028730379744792665,0.02324315574438677
2023-04-10,0.015371387693800254,0.015216349907032078,0.01754814213752964,0.018029905535554412,0.016576049279064052,0.028141761903880354,0.023004642467408007
2023-04-11,0.01462364905532999,0.014841190246163182,0.01666696465815032,0.016797936321603233,0.016457472192208465,0.027292017737404733,0.02190428453704142
2023-04-12,0.01398879394107057,0.014485910287817018,0.016448715242102584,0.018795791332026766,0.016391155834710083,0.02676581160114519,0.020906640149264976
2023-04-13,0.013359990379003144,0.014238867204708261,0.015772014714378876,0.01774568990457347,0.015600781935473146,0.02596977175625608,0.020049365648357496
2023-04-14,0.012825276103991255,0.013886483858615316,0.015177390388155056,0.016542563248378633,0.015019851468588325,0.025224906460339702,0.019524448299716377
2023-04-17,0.026504739371513483,0.014126251200953092,0.015172832900576265,0.019974791787985183,0.022970422516909585,0.025845004412555737,0.020002979460966904
2023-04-18,0.024880470524882972,0.013893386082541884,0.017727469096030984,0.021317243813044066,0.021072958636343,0.02533748002636528,0.01969595771261365
2023-04-19,0.02352303104564573,0.014508265463519387,0.016886676381397927,0.019661192766179482,0.019620074311096983,0.02473557638999879,0.018994632072875727
2023-04-20,0.02204927799782635,0.014266973186873304,0.016210631163838654,0.01935179966224289,0.018300992266207242,0.024246248670320193,0.01833749600227026
2023-04-21,0.02072459616778531,0.013900492376299457,0.015529979346641416,0.018036761039421745,0.018819762662630052,0.02379471247289706,0.019153640847993883
2023-04-24,0.01949678432922089,0.013723239196794185,0.015152153820878526,0.01678322285043519,0.017747848568252754,0.023181489329241266,0.01843735962531843
2023-04-25,0.018353775424576797,0.013471087140440485,0.015153518922384757,0.01581566589834789,0.01655223057671776,0.022732068322103012,0.01836653089970278
2023-04-26,0.018855767691221013,0.01374516590715754,0.017037346882098778,0.01949351781243795,0.018104520721358507,0.02731642832978089,0.021882138923938615
2023-04-27,0.018797937554154584,0.013637820442597029,0.016252841602893864,0.018895393713948147,0.019000228696589638,0.027711933325050498,0.022356578679201843
2023-04-28,0.01817686123393839,0.01396696589696915,0.016988487861933594,0.01843112710484397,0.017666055566356427,0.027496812442103828,0.030868834513926274
2023-05-01,0.017334826834577,0.013634666002787323,0.0162456402044649,0.017793024545443573,0.01705624679487501,0.0267273639584799,0.029304381633615914
2023-05-02,0.01767088379127503,0.013526683104223731,0.017632520497647478,0.016933613957440766,0.016013370246046845,0.026323044634712908,0.02779654727924004
2023-05-03,0.01760756863937443,0.0147398817291012,0.018059614025263137,0.020062382046068045,0.01846711432995305,0.025617916808432492,0.027663582609940566
2023-05-04,0.01815554797798569,0.014926691262569925,0.018284114813512217,0.01901628213101428,0.017428286292416176,0.025461547942897674,0.02692408924259663
2023-05-05,0.017788478127379877,0.016042016703176044,0.019558001326089966,0.02168637128494568,0.01765549776949122,0.025117396032319397,0.026106283338047608
2023-05-08,0.017842546459271368,0.016283736964818368,0.02048102958149342,0.02221519954796678,0.020355700932642943,0.025974932711957124,0.02860618309660553
2023-05-09,0.016852556752198967,0.01563544921000635,0.019212154378748424,0.020321552459877656,0.018791951663144447,0.02521785867578728,0.026986872189401784
2023-05-10,0.01605499950898046,0.015144307028331014,0.018030402634604384,0.018713840457850395,0.01748298776389839,0.02451002466909462,0.025588499541623785
2023-05-11,0.015222427020551942,0.014769885376665026,0.01729466699871302,0.018082372588781596,0.016389904206988166,0.023845617855350505,0.02425296990550377
2023-05-12,0.014529007141137919,0.014388726271300376,0.01712861508683959,0.01682087292827532,0.015698057428517875,0.023409820349641577,0.023200628789750665
2023-05-15,0.014721091994224209,0.01398727243088844,0.016336169672347033,0.01640929568866266,0.015678468383802276,0.022847114373462842,0.022090769022788632
2023-05-16,0.01422680239848729,0.013764029900511765,0.01576534729316711,0.017208502233343855,0.015590218432384449,0.02262251738018433,0.02218363614017636
2023-05-17,0.013798387235890285,0.01343738670558883,0.015936688370541886,0.01667091095763547,0.01620508770149133,0.0226947060365347,0.022372209943161102
2023-05-18,0.01630409686557611,0.015669781393116068,0.017426918834836963,0.022767094812064233,0.021398347758381613,0.022612390404147736,0.023963667519791884
2023-05-19,0.015599400256031102,0.015088088189713854,0.016665076505360622,0.020852579375061114,0.02057560900268762,0.02315027509322359,0.022767196081852813
2023-05-22,0.014846197812041457,0.014925056870805841,0.018636326254729257,0.01986324560076257,0.019895952439777043,0.02258106961878272,0.021864761963490475
2023-05-23,0.014444585930780407,0.014462940382593716,0.017540214316354656,0.018533455144026784,0.01840128902152209,0.022119202224529774,0.02088704518417959
2023-05-24,0.014260061670633062,0.014063408546684126,0.01667362547530875,0.01744236830058889,0.017130065958131813,0.021692237788892062,0.020027462723048416
2023-05-25,0.0139940291287672,0.014128460502136666,0.017126961118151245,0.017677869923606135,0.020301011631115782,0.02152973619889931,0.02077053134961785
2023-05-26,0.013369475592891956,0.014190033042509235,0.01783361189929426,0.01648031882049032,0.018908372227180063,0.02107121397267707,0.0200280656186123
2023-05-30,0.013090034800817609,0.015619598860663473,0.017222547775253078,0.015550897674118791,0.017809236965720298,0.020649654455587786,0.019260084293851055
2023-05-31,0.012583435413777856,0.01507668863325896,0.0165220659769888,0.014728802699451078,0.016617306514358034,0.020265961967395683,0.0186382484926052
2023-06-01,0.012897897423366292,0.015154887329290547,0.017394692813263612,0.01560114543606401,0.01598267949917691,0.021160034193631164,0.020489578818345514
2023-06-02,0.013060318537988072,0.016317205805112422,0.016536047794942478,0.01497221240274986,0.015667654488200466,0.021194308516326928,0.020367133679885362
2023-06-05,0.014104017193078536,0.017050673045643994,0.01831509906824383,0.018948043406366574,0.019347676247710225,0.021716695353675944,0.02130888637454341
2023-06-06,0.01391196042134596,0.016420693378378277,0.01750109833764209,0.017731838016666234,0.017944021305324912,0.021774424142497414,0.020838413294905208
2023-06-07,0.013289490397311305,0.016390203208488267,0.018613718114303048,0.018806615391928905,0.018530282712485694,0.021686395918116563,0.020964236002923145
2023-06-08,0.013042627399476082,0.01767754553135775,0.017670552361903236,0.017674891550190187,0.018330327231124818,0.021220399583553044,0.020077439690630267
2023-06-09,0.012507386378896403,0.016883997557849046,0.016767190011408976,0.016860314773949774,0.0170577709580157,0.020986453783372508,0.019281892393441923
2023-06-12,0.012031922712811439,0.016167804903180774,0.01599970337901829,0.015784510337623184,0.016025672891300226,0.020626383669650354,0.018753684465350827
2023-06-13,0.01160691159179975,0.01580506655037511,0.016041480923607784,0.015046964236499516,0.01512006929332562,0.020252260380023635,0.018290843701225138
2023-06-14,0.011411236891656512,0.015406460062137388,0.015684595349283112,0.014652060285546815,0.01442615006019063,0.01989161552730268,0.01853759101739834
2023-06-15,0.011154314629457382,0.015310771427184573,0.015166632347165093,0.014527825623252716,0.01426152289718517,0.01961508530197957,0.0179063531627988
2023-06-16,0.011336856122665091,0.014788070978336176,0.015187179977077962,0.014178114521827436,0.013809310282390604,0.019403149781674706,0.01743398337225886
2023-06-20,0.010985006574346989,0.01435368174758054,0.015243946414441831,0.013833899232908387,0.01360279311378749,0.01958353827460314,0.016911399560816956
2023-06-21,0.010852378007806328,0.01557733561148232,0.015808437134897033,0.014062269963595126,0.013951534543422364,0.01993090980896334,0.01644299053717272
2023-06-22,0.010584462851223426,0.015925199043839818,0.015309821916668988,0.014166916818254776,0.013469782780200733,0.019726302023695273,0.018093656780700813
2023-06-23,0.012273396367206472,0.016199271634095343,0.01672703386681816,0.016121978096376166,0.014562530975419725,0.019569422139429943,0.0193220766503565
2023-06-26,0.011987355353980336,0.01627397229229589,0.016474264346832246,0.0155124120759856,0.01484693515361782,0.020078783989664273,0.019146990416185283
2023-06-27,0.011573690418924558,0.01580051101516704,0.01574464639601724,0.015319379402507301,0.014190261023270971,0.019761823711536366,0.018506512567194128
2023-06-28,0.011198161999888559,0.015217782539907243,0.015476693055313281,0.01461052438980116,0.013591298240729759,0.02037265404110424,0.01857502251087369
2023-06-29,0.010998718771068837,0.014667692237883416,0.015073641046914171,0.014173045052732662,0.013145264235269117,0.020003357810708278,0.018001847227830423
2023-06-30,0.015272144211548646,0.01672714812828821,0.015384244920390675,0.01564415376608893,0.012678000577704407,0.019884282998804372,0.018356718797181565
2023-07-03,0.015121943760538818,0.01603576411069909,0.014852681565746241,0.01477226684908593,0.012504647940116633,0.019883283854835055,0.01933321211275631
2023-07-05,0.014563360492011812,0.01583458898751804,0.014910758471621523,0.015507760729559637,0.01341515440253154,0.01983325084194025,0.019110695915359976
2023-07-06,0.014092907213628564,0.016475952569270452,0.01464161147144336,0.014783878120327627,0.012901174797921777,0.021932182859024776,0.022912594204291977
2023-07-07,0.013907492139995694,0.01724274204198091,0.017987780266459526,0.017968818454740965,0.017466690280000554,0.022587889915305904,0.022126699365201462
2023-07-10,0.01347480839756306,0.016604092506116462,0.016998470420451675,0.01700016109236367,0.016564610593254935,0.023025170296734555,0.02178723792636136
2023-07-11,0.012983932228315866,0.015950904933451165,0.016176178913711762,0.015966738766578406,0.015563375819140446,0.022556756647885493,0.020815985177253693
2023-07-12,0.01333548780978422,0.015857493391113288,0.016682635991655596,0.015713945476020747,0.01631473123054567,0.022195756332537918,0.0210993947012253
2023-07-13,0.012836008222080413,0.016057355208839795,0.016198223043993404,0.015421126101168723,0.016800151957752987,0.021731327483268004,0.02283916195909671
2023-07-14,0.012387635487418272,0.015547211888727213,0.015586834871029904,0.015070173714428522,0.01590554881892775,0.02236128267870154,0.022718899459286342
2023-07-17,0.012036397282564946,0.015161583960387935,0.015152018310214456,0.016258256900803524,0.022163475168636104,0.02187083368592706,0.021971051270209863
2023-07-18,0.01380814770278958,0.014639456575307408,0.014808430564729422,0.015689030859554122,0.02077090731235446,0.022246856370625054,0.021096305591835385
2023-07-19,0.013196339552395195,0.016818465907405964,0.02588984638559341,0.02221305892589057,0.02011792813501775,0.02175300756134257,0.021305366250351412
2023-07-20,0.012679508569136131,0.016348057949035977,0.024096087714774343,0.022678537068573843,0.018997718317008357,0.021621135284149516,0.02112076160334439
2023-07-21,0.012730395405189063,0.018051296581246566,0.022266973942655078,0.020775742874479405,0.017656418947087048,0.02116422129052456,0.020229476324257152
2023-07-24,0.012546181461634639,0.017236691836591843,0.02061203914771128,0.019358566214027942,0.016775865497517056,0.020747910423034203,0.01962038483962358
2023-07-25,0.013501805332077933,0.01748321333064367,0.019321777618660642,0.019498982345758514,0.01644830135581539,0.020354780479909643,0.018915829790536427
2023-07-26,0.013205964483271186,0.01711811741356127,0.01815524763054333,0.019081590280944954,0.01620152041236922,0.020696903491485674,0.018356710289390246
2023-07-27,0.012759892090747326,0.016536703718735047,0.017504251069026526,0.01787432509390971,0.015548226447082427,0.020323488235919687,0.018941502164681743
2023-07-28,0.012863751401606309,0.016086390678438606,0.01691181845439273,0.017642091452489354,0.01498506104767541,0.02360092114729332,0.03427847073397405
2023-07-31,0.012443760515058437,0.01549556729369555,0.016178534680325353,0.01646295698489952,0.014773993795084726,0.02302142371418533,0.03279945280956729
2023-08-01,0.012116818593298582,0.015067702978827025,0.015502699312181597,0.015478387375654133,0.014153280092943919,0.022460695013096194,0.030820797098341592
2023-08-02,0.011833825227840213,0.014604763543522071,0.015181356361199626,0.015455127244566557,0.01442834297305938,0.022113987524863182,0.03007198175581867
2023-08-03,0.012111152724462353,0.015271855439988815,0.016086761706214897,0.0156692578438715,0.015224016921078548,0.022412278368583963,0.030878873082047134
2023-08-04,0.011795302067092032,0.014807630773638798,0.01545604839444495,0.014990806574937206,0.014446899056019098,0.022465327626256536,0.029817476190541172
2023-08-07,0.01143448214911481,0.014301144673676058,0.015000118384998772,0.014331363152652946,0.013757111687844848,0.021977482906888956,0.02820197742856337
2023-08-08,0.011141385115326483,0.013975510624485146,0.014559864848735306,0.015308011580028274,0.013207380805913209,0.02155443371745784,0.026732509985449324
2023-08-09,0.011020169716571944,0.01501426599129948,0.014432219334501967,0.01647992808906753,0.014046862407150577,0.022436547070750486,0.026102460748679484
2023-08-10,0.0116922318482787,0.01533760874994994,0.014607113833138992,0.0164000452168754,0.014901896446577266,0.021966649159156523,0.024736913750337396
2023-08-11,0.011327426288789461,0.014934018488283757,0.014216626118330099,0.015415120618345546,0.01417940234534201,0.021692618412592332,0.023606571800733396
2023-08-14,0.01109086880401611,0.014414689824173064,0.013901380264709667,0.015140981258721275,0.013655570377763404,0.021222416225825623,0.022448508161221833
2023-08-15,0.010773373542038141,0.014231922753654185,0.013762324174933081,0.015144642188498127,0.013796404685083797,0.02081391562131797,0.021432374667164345
2023-08-16,0.013635812142733796,0.01472099351164512,0.01443215866992839,0.019365143167344726,0.01552948133356277,0.020577218650739214,0.021566893551838686
2023-08-17,0.013146477926587267,0.014533944776576354,0.014109561777972372,0.01996607628069639,0.015623123064520052,0.02028652683025037,0.020823125196246465
2023-08-18,0.013132530347304558,0.014148408631769764,0.013859479745868484,0.018403137940381776,0.014861286441507558,0.01992911919125705,0.01995310111643522
2023-08-21,0.012594320208839603,0.013948465526315323,0.014183512746674641,0.017270737712561487,0.01426475825858795,0.019587678898159745,0.019266731176625612
2023-08-22,0.012132153113067154,0.013829069159952306,0.014182262743892497,0.01612756341773303,0.013731850092746033,0.01927354344568951,0.018584709865346424
2023-08-23,0.013699249513787886,0.013814755861683235,0.014961006294489057,0.018129930906086878,0.016568738378852525,0.019171953220706656,0.01864254454862392
2023-08-24,0.013232778573658592,0.013799009932939376,0.014573545338268917,0.01684775097901494,0.015551014932588645,0.019020144477943656,0.01823662198421676
2023-08-25,0.012690728628294862,0.013612453362661637,0.014189701557267809,0.01590018928533663,0.014686249205105695,0.018748931860005882,0.01762371097754516
2023-08-28,0.012210529207531733,0.013237232465372714,0.01393286170299836,0.015110286461669113,0.014019779295459158,0.018500428182172866,0.017080562413112798
2023-08-29,0.011791250311869774,0.013968859154878348,0.014406695002550199,0.014690387503906008,0.013411889159110608,0.01901659181629373,0.017495072894637323
2023-08-30,0.011627755787746304,0.014800769377153591,0.014761557513064754,0.01492365923992345,0.013378349350023456,0.01928295826489074,0.018718326764903478
2023-08-31,0.011358465504256857,0.014350418714956022,0.01441800832313612,0.014325228873967442,0.013331186296026793,0.01899613718114297,0.018161598115357572
2023-09-01,0.011834147559084369,0.013924979610706352,0.014083489511943463,0.013842938633681953,0.012863415541534412,0.019555812191763274,0.018029489245011892
2023-09-05,0.0114540119750125,0.013521205852496826,0.013961685713192926,0.013848158857791398,0.012716419196498735,0.01924291871122289,0.017517800734931248
2023-09-06,0.011760902867015881,0.013625823614167466,0.014274297807898012,0.01412893382748517,0.012545188452507364,0.02190816665212607,0.01705876576246168
2023-09-07,0.011392012584498781,0.01350313331022479,0.014289321263606698,0.014067550429741085,0.012180419827442435,0.02163131964051844,0.01665464332412914
2023-09-08,0.011461234717917245,0.013156337400472774,0.014054203144366813,0.014028453143789775,0.01344116266886,0.021196657054809286,0.016862437112813506
2023-09-11,0.011095073867682612,0.013229005045434583,0.014389367298520181,0.013745746251165624,0.01301084956832941,0.02091671157490162,0.016601817759365294
2023-09-12,0.01082958201239577,0.012932393799615558,0.015325345761090634,0.013281288058525974,0.012564782556524566,0.021162031873987047,0.01694585595001823
2023-09-13,0.011243123406632274,0.013848401394175376,0.01688760757806089,0.014317262149921023,0.015866547113631745,0.020730114026252508,0.01842552216627558
2023-09-14,0.010902446332306219,0.01391866599915517,0.017376351728440514,0.013764695291497809,0.016191039973203248,0.021198331869742848,0.01833932290768296
2023-09-15,0.012168725116900812,0.015936547200417206,0.017879929051129135,0.013816490985584714,0.016689607351106542,0.021090590846263697,0.01834896841513917
2023-09-18,0.011792035063914366,0.015433207804377791,0.01715339364775138,0.014234742651651146,0.016179609154017217,0.02073631787298802,0.017760851935041285
2023-09-19,0.01139535852845725,0.014870831511373243,0.01632814488435462,0.01368378044765443,0.015239506502645418,0.020807325885799352,0.01805725849208401
2023-09-20,0.0110595270255665,0.014425910031158921,0.015659750240571,0.013286862286688832,0.014423329929867971,0.020400219280527744,0.017752902220320766
2023-09-21,0.010869702588585576,0.014759134013430417,0.016130476396509268,0.012950666627901855,0.01422406788724214,0.020034643607688977,0.017832754747798496
2023-09-22,0.010951385191388259,0.015480287166865597,0.018130526869262677,0.014486114679660678,0.014712114429929361,0.019686394768474277,0.017815592690251576
2023-09-25,0.011185628814571498,0.015080202687805619,0.018454762697984965,0.015085175290497735,0.015941936607262227,0.01936467771841006,0.01736142341407818
2023-09-26,0.010929691406094426,0.014563569064764637,0.017442760886550633,0.01433716974000724,0.015034219745146103,0.01907848772242884,0.016918377677574578
2023-09-27,0.011251072443080592,0.014883780382162424,0.017004743844077713,0.015131642984543378,0.016286863616406827,0.018911173937244726,0.01786168753701327
2023-09-28,0.011027151628285707,0.014493612499119821,0.016374748089674075,0.014392415063434177,0.01545419144596195,0.019798731566956603,0.017358046547998184
2023-09-29,0.0113420528019024,0.014321919690213805,0.015788626276275954,0.014260651930007164,0.016142374111994384,0.019486528531320164,0.017150925879183817
2023-10-02,0.012536137764805562,0.013967190585710007,0.015385454242937411,0.013931660588752918,0.01520931981109508,0.019209433994880076,0.016729261770521017
2023-10-03,0.012450577034779885,0.014424594424095565,0.015914719068923472,0.01676152018691007,0.015684826063961096,0.020703471526178685,0.01820013091098884
2023-10-04,0.0122794379751397,0.018538403242962725,0.01873214447093884,0.019773151663802824,0.016129223047945663,0.021026138967332398,0.017974233271424292
2023-10-05,0.011880404882735783,0.017809856111649338,0.01817568645252278,0.018234766318135743,0.015189338049505926,0.020784073275007912,0.017634427077459113
2023-10-06,0.011518043844463734,0.017087163615520467,0.017154398559266225,0.017000289415475336,0.014388402739421775,0.02040986517794369,0.01716140307697825
2023-10-09,0.012092714730428616,0.016445551572834317,0.017017311913468853,0.01590066975412334,0.015171087840874382,0.02035083511231668,0.017519921383041558
2023-10-10,0.011703000830259533,0.01576905301256476,0.016330253309925245,0.015335245264149571,0.014436261489265469,0.020260411360046245,0.017931826855596113
2023-10-11,0.011434145525396542,0.015287655535478721,0.015638089931247486,0.017585264642203724,0.015187686187958094,0.020546581070044388,0.01997322236007886
2023-10-12,0.011101437998656902,0.014843455048670578,0.0160977494033006,0.016390331079524468,0.014393381418735857,0.020177832053776025,0.0193270199047655
2023-10-13,0.010827797275442997,0.014692812246221286,0.01627036631314556,0.01552665154488778,0.013713634790439688,0.02041570694863176,0.02454841350683855
2023-10-16,0.01148310838494067,0.014214456121804449,0.015579418025129044,0.01486097559756008,0.0131946034632429,0.02045099173292336,0.02331109085036799
2023-10-17,0.011132104843044648,0.014595200520272493,0.015506057782696443,0.014446187366700598,0.013572390263215807,0.021041201146709588,0.022847226115912046
2023-10-18,0.010849776686709313,0.014985268500062716,0.016393182912341497,0.016292680119973844,0.01320898015416744,0.020647516583860406,0.021859429423478585
2023-10-19,0.011251764957176814,0.016289974039973083,0.029364295668600753,0.016018493429836307,0.014611342658101698,0.021521693610073653,0.023162586639854873
2023-10-20,0.01103888732708374,0.01590310985602882,0.02836636723506078,0.01599945951031001,0.014507878716665652,0.021190657678520783,0.023224187914267252
2023-10-23,0.01209436482393918,0.015299530941802197,0.02585371995182709,0.017986911551776185,0.014353343681745925,0.020946250826583506,0.022616379974756105
2023-10-24,0.012600586034000227,0.014773070778010494,0.0247448228694667,0.020260550545053158,0.015871344819795977,0.020550239357593054,0.021660459341110758
2023-10-25,0.012110451039871179,0.014271123985517838,0.0227451920092242,0.018738085614439265,0.01495690622772219,0.02027439388807444,0.030701472898107297
2023-10-26,0.011856817469390395,0.014066043053099893,0.021041337314134632,0.017382984879948715,0.014591126310948405,0.02612740577635581,0.028914576881715212
2023-10-27,0.01145927830413189,0.013640371554648216,0.019788990154879636,0.018215800819665985,0.015595611077804635,0.025515824295290857,0.027610931817241786
2023-10-30,0.01654461196967984,0.015224380114390495,0.020358691960783784,0.022448445453735165,0.018541072589584456,0.024784354909477994,0.027555230822429815
2023-10-31,0.016129638634787512,0.018408968376716982,0.019606934459718842,0.021896123034823054,0.018517726675611138,0.02434784439777171,0.027529100825611885
2023-11-01,0.015702380361424167,0.01774206393711368,0.018373334156304114,0.022147996195172874,0.018031056586103683,0.023756526098394896,0.026010597460948755
2023-11-02,0.014913708349681259,0.017276205373924193,0.01732288512203181,0.020263666239502664,0.016816688442201588,0.023166553648611213,0.025104432592239222
2023-11-03,0.015210787579543097,0.017690314206507355,0.020266650831194798,0.02543870319447132,0.022950576957315463,0.023363904081089938,0.027191739816124775
2023-11-06,0.014836553125166043,0.021326101647501646,0.02281702558483148,0.025489638996014866,0.02491147608527811,0.022962129833549352,0.027061942653413117
2023-11-07,0.014283933182498668,0.020508734634064895,0.02115656176624551,0.023174898191417066,0.022857052450456897,0.022480546315161734,0.025616128518056454
2023-11-08,0.01362884738032959,0.019446477385408875,0.019784225101600952,0.02130062992422519,0.02097938227827014,0.02215151038018026,0.02442322357149185
2023-11-09,0.013097365751522592,0.018486332727087357,0.018593204515454292,0.019951301539037146,0.019388590171787366,0.02165662838421757,0.02318755675352985
2023-11-10,0.012618679871690151,0.0179952716655288,0.019490931756014556,0.01915505362199758,0.01824029120856651,0.02129462129366054,0.02208366529790587
2023-11-13,0.012937910099563278,0.017701735305015138,0.01893670756180651,0.017803091953867103,0.01775735106528705,0.020981554723724885,0.02120257806761159
2023-11-14,0.012534577300653979,0.016941908877061106,0.017866706297173757,0.016572259019095505,0.01745282346150506,0.02058832423159633,0.02027478411819552
2023-11-15,0.013291799764829184,0.019408425844543144,0.02233080618110975,0.02573730586520582,0.021944587487995108,0.021074392490536553,0.02153211351410816
2023-11-16,0.012982133941140036,0.018481974447568106,0.021448883479598044,0.023863933076229794,0.020630550480712696,0.021082946888887597,0.02089229868224289
2023-11-17,0.01291026285956988,0.01763385962038585,0.019914650691530075,0.02176801891160727,0.019136619482870515,0.020656553287416324,0.02011864448764007
2023-11-20,0.012666119713354533,0.016974808226963775,0.018768892199233982,0.02066340239668607,0.018661441093459394,0.0214149119003826,0.022509549123168226
2023-11-21,0.012189123668682102,0.016245829608622468,0.01787545595627385,0.01899010805497815,0.017365623177278678,0.021138578230895856,0.02146896725954545
2023-11-22,0.011783376610627973,0.016139534491022352,0.017847745395805324,0.018238009684639993,0.016310148549671496,0.02091250900112337,0.020627943016379203
2023-11-24,0.01139095966558301,0.015817169612607068,0.016882196329603902,0.01695245943095298,0.015348176418689909,0.02059219623690931,0.019931155450468193
2023-11-27,0.011033637671401652,0.015208005150578529,0.016084834424257892,0.01589153419037874,0.014603947767239193,0.020235099599987802,0.020247902073747492
2023-11-28,0.010766583344150055,0.014728317994522084,0.01579617371964005,0.015191842287510604,0.01396866642880247,0.019905967856588005,0.019723834636415652
2023-11-29,0.010489653118390523,0.014231345856389147,0.016025852825321305,0.014415655947469843,0.013522868841715134,0.019614233788097565,0.018969352185573714
2023-11-30,0.010325581106613852,0.014565185720220024,0.01698001463188274,0.016923904840791232,0.0149834151098097,0.01972291027616498,0.018464417845374444
2023-12-01,0.010650910099206563,0.014120561493884763,0.01647403250707992,0.016635855002448935,0.014475994242345289,0.01945752961916607,0.01782225274014071
2023-12-04,0.01045779253632709,0.014922885239197013,0.017016784286135355,0.016588377700807195,0.016602045253841995,0.019336150742088356,0.01891806991075436
2023-12-05,0.010419367956091411,0.014420976957717163,0.016227048307562674,0.015694307576328906,0.01560426619233611,0.01913562093429692,0.022889930410222727
2023-12-06,0.01017966077830818,0.01555202240143504,0.016262417045575284,0.015189448212757792,0.015815771087453093,0.01886426021636517,0.0218657945157669
2023-12-07,0.010644321380847357,0.014966951768160605,0.015983824761532758,0.014427588059709763,0.01761508894818175,0.018606394476091907,0.020916767934700008
2023-12-08,0.010396093010677147,0.014611981631064362,0.015806227642728623,0.013835891629351529,0.017178090759531677,0.01843088984972792,0.020414565253066393
2023-12-11,0.01067218510293124,0.015087760563969257,0.017167991349105564,0.013736702726773164,0.016329817679609965,0.018758957872285903,0.021075076438565925
2023-12-12,0.010435288394678967,0.014566681831591983,0.016436895361776064,0.0133154757456815,0.016531281759033133,0.01852316528995289,0.02027045328806255
2023-12-13,0.010515732645078038,0.014098636606025863,0.015991570080503264,0.012977447111755478,0.015542460697521587,0.01833710831013117,0.01951102416766459
2023-12-14,0.01029001999100616,0.016083564879965647,0.017344192528035728,0.020232290344854548,0.017797276296935723,0.01823282702844856,0.020625421052934703
2023-12-15,0.011509005294413885,0.022808993487745295,0.026761340858514053,0.028936590521554915,0.0179555130419762,0.018204089159437255,0.024008849187451515
2023-12-18,0.011345458792106572,0.021686452361072136,0.024522254269996328,0.02644291535826967,0.017069982374712057,0.017998998536168077,0.02591972631097561
2023-12-19,0.011118921680154768,0.020804879390881353,0.022793796352944085,0.02405419324396233,0.016046084247259573,0.017855772726155624,0.02454144687665476
2023-12-20,0.011521246942466168,0.02027221440582807,0.021458305239634327,0.021897301362918606,0.01792946696628168,0.01797572340714171,0.02401557515849165
2023-12-21,0.011844303431881724,0.01965980591433156,0.02018581163742274,0.02107713472184293,0.018054886960665664,0.017810810587389467,0.022909459759821185
2023-12-22,0.011541414443036014,0.01881759239042123,0.019591603440842178,0.019476006493401813,0.017263065078873038,0.018064615259125574,0.022124681829210232
2023-12-26,0.011176980879469658,0.0179110315656053,0.01837570311429112,0.01813942199149636,0.016237795137569254,0.018037316793952585,0.021570032182707536
2023-12-27,0.010964574326517958,0.017102152874175526,0.017372093669172833,0.017490163804947823,0.01565517056769167,0.01788615910775385,0.02098981280406301
2023-12-28,0.010782882829614116,0.01650036048621811,0.01671743315361175,0.016318747573935286,0.01479008730032314,0.017719616665645435,0.020097603517146
2023-12-29,0.010591898572017935,0.015879217990282954,0.015947560857966007,0.015332392427834508,0.014046931996469196,0.01774776523633895,0.019424402647004367
