Date,BAC,BCS,C,DB,GS,ICLN,JPM,MS,XLE,SP500,US10Y,VIX
2018-01-03,-0.0033502126903173393,-0.0036329188471788077,0.0030882600205878285,-0.008833491757508473,-0.009352224579339713,-0.002116743029190096,0.0010186670227719723,0.002679199394407822,0.014865216138627152,0.006378433243936035,-0.007328977301869084,-0.06556267531195133
2018-01-04,0.013002508294085726,0.0054444409405580456,0.01225867322716979,0.03134113390010274,0.013879094044951457,-0.0074426569986166735,0.014223589025001317,0.015171732049219963,0.00601825737830122,0.004020542855326989,0.0024489978953913397,0.007621228933663394
2018-01-05,0.004626538390282559,-0.025665595066332234,-0.001324995536668424,-0.06369616868217849,-0.005113704628791595,0.0031967069626229585,-0.006440151166320569,-0.00037638957239220165,-0.0004001836240899108,0.007009145888585348,0.009332590056308774,0.0
2018-01-08,-0.006947897453103222,0.006478533549764039,-0.011738257873913166,-0.013568670930919598,-0.01462571256671366,0.014783569982264657,0.0014755779860826052,-0.004150945835490424,0.005984570175106923,0.001660963767296979,0.0016141845430808664,0.032019830357280246
2018-01-09,0.004967791749505046,0.006436602069787295,0.010411239490237562,-0.009332943896963378,0.008422986137248855,-0.0020986368927719853,0.005056382425058204,0.007722031286492256,-0.002522387451342567,0.0013020835172984225,0.02626493376571207,0.057158358186686756
2018-01-10,0.009207634168919579,-0.004593357999191663,0.004504471938983856,0.02020266391304794,0.0015347664220921391,-0.002102937695951231,0.010944140782847908,0.01175056024847975,-0.001197069727533423,-0.0011128458115206878,0.0015698388373135256,-0.026132163784968167
2018-01-11,0.0035939689222589735,-0.016713388768964492,-0.0011903209928354097,0.003237915187011534,0.0031407034053904425,0.019802406241910018,0.005337247585517254,0.004994157660659375,0.020287837256159114,0.007009025768882019,-0.007478898848380493,0.006091432053454601
2018-01-12,0.01713862371929025,0.006532716159155974,0.01679821063656004,0.007515040239314352,0.007419484240668813,-0.0031007783647522243,0.016375272504703265,0.016831653996415643,0.009603862459187564,0.006726926399094035,0.008262941797533438,0.02794590378897739
2018-01-16,0.001601965025999598,0.019346729683981878,0.0035076694882948413,-0.010212416852010743,0.005548222935810799,-0.004149050474669952,-0.003556490481166394,-0.009478638406801602,-0.012738554907995197,-0.0035307132616026696,-0.003139773180082221,0.1377057407040636
2018-01-17,-0.0019225923955321787,0.008177760371799011,0.004657556182030515,0.0005398924631851904,-0.01878557070531729,0.00621752527950276,0.0063927214131210604,0.013642436146556225,0.008726626400808018,0.009371006206502086,0.013276320911900416,0.02121420271955673
2018-01-18,0.009575698369264522,0.001808699966433429,-0.0010328601463693399,0.0005399550325999744,-0.01062200071159146,-0.00725756685906717,0.002386763205881748,0.008813951218996025,-0.008203577265605702,-0.0016176974974736241,0.012719381941342842,0.02569560503977075
2018-01-19,0.007594835372843037,0.006303515464003122,0.01168986115852073,0.01340137424893177,0.020312540245302452,0.0020787801648443367,-0.0022097393410404655,0.02859856406098071,-0.0013082777101978624,0.004375647986990156,0.009908626103305862,-0.08092960692565507
2018-01-22,0.006911903735217734,0.05245943708886334,0.0036968926721998594,0.031965042236524535,0.020864846767830337,0.0,0.011612502988483129,-0.0017416560906809541,0.0213724170796355,0.00803436438221324,0.010562104107288667,-0.021525559613488735
2018-01-23,-0.0006264368965540233,0.0,-0.0005091591465259878,0.004117322916081621,-0.005483055854783795,-0.0031200161204722673,-0.001050089615690728,-0.007876146756033828,-0.0015388974616094505,0.002172004968222319,-0.01550414460023998,0.006326333628840086
2018-01-24,0.0053116729450078445,0.010169594675300842,0.011392491079514282,0.013772096720631967,0.021264648792715286,-0.0041753714104806215,0.012702405615892556,0.005781876447466775,-0.0026991996784207313,-0.0005601325472320471,0.011368053735905447,0.03278981173697751
2018-01-25,0.0,0.0,-0.00012574657335978027,-0.005078753744617083,0.012530344094959322,0.0031331618320369014,0.00025929084305159627,-0.007540805762814467,-0.00788174855166381,0.0006024393988328895,-0.012512008449759636,0.00954451113451812
2018-01-26,0.003421932405897561,0.004207083991863655,0.00802398173842481,-0.006640797168477572,-0.003313708480537347,0.0,0.005344386862231638,0.013810420364512573,0.005433398073153087,0.011771638106084168,0.01552175377146859,-0.04413779112302295
2018-01-29,0.002481155853259674,-0.018644706242068588,-0.0014996745704596878,-0.02123893097700794,0.016056365719977952,-0.003133161832036931,-0.0010322787776906957,-0.002607852396183391,-0.015209986767213768,-0.006754736284863033,0.013803592460141791,0.22242128678125728
2018-01-30,-0.012468524696760635,-0.025997927887494155,-0.01690011392643391,-0.03842531264481065,-0.013076838167101394,0.0,-0.009424426049557384,-0.010544643011852137,-0.020379195035397223,-0.010958642805337085,0.009954068941521848,0.06638831292880744
2018-01-31,0.0037568003286696295,-0.001757509047734796,-0.001782733524397536,-0.0021786357033527185,-0.00391199043775498,0.001045142662368587,0.00485302712196485,-0.0008838452336975169,0.0006681341108697343,0.0004888658586947881,-0.00220346833641245,-0.08830300947669255
2018-02-01,0.015504268424835757,-0.0008799141969443616,0.009132783408755054,0.016761657213429884,0.01607068988698233,-0.005238133423232106,0.010321253425842274,0.015789903361336767,0.010234776523482137,-0.0006482983520233253,0.019297876495097045,-0.005183254420537541
2018-02-02,-0.017067797013342812,-0.034934364323923696,-0.023862567370281425,-0.08735255877726363,-0.045811760912441664,-0.02230576005191104,-0.022410910489053953,-0.03489251958509897,-0.042685970653675166,-0.021436680516698812,0.028791783811918305,0.2508193280893314
2018-02-05,-0.054345558123284524,-0.04188584291989944,-0.049913818044589525,-0.04182235241705134,-0.04294088353217123,-0.03164487965004863,-0.049140311842778096,-0.05425727858185752,-0.042859929023397116,-0.041842540938381426,-0.021247322383580985,0.7682450294663026
2018-02-06,0.03059157013381117,0.016965442273715887,0.020933944558207254,0.007900556255461233,0.03777441421348847,0.008830199229143887,0.029969411617154655,0.0333112542680678,0.007891879965504967,0.017290573348937088,-0.009349231649575754,-0.21899889039638815
2018-02-07,0.0016009358697424245,-0.007504777128622409,0.0022697026192870545,-0.026373800098452988,-0.006203931011246719,-0.005509538117795868,0.006755996728484901,0.0040411188804974785,-0.01686322844721508,-0.005014138223752627,0.027086550385585967,-0.07801563428568233
2018-02-08,-0.049526277833275144,0.0065695047907643606,-0.04249594544637589,-0.03800333227295818,-0.04271174644332755,-0.026877256980103875,-0.04521715080916328,-0.05192069962373818,-0.030698534292494795,-0.0382590522458017,0.002458287198102247,0.18783582507703145
2018-02-09,0.01964432738732954,0.005597273439961724,0.02487208958025497,0.005793242678033879,0.011903589209382063,0.0045300187970217795,0.019824359030851526,0.00673543400167677,-0.0007498214449517755,0.014825645199524345,-0.00774654371291516,-0.14098802843245245
2018-02-12,0.02571341974908863,0.0046406001094515025,0.014552033887300298,0.027225620426457216,0.015364828188897863,0.017917552091493986,0.015331074462217932,0.024439591866208896,0.0162169637459314,0.013818665678186272,0.009848871666349766,-0.1263797157203979
2018-02-13,0.0019260739882496303,0.004618701627829261,0.005602229936275063,-0.006894406576406329,0.0093180298780459,0.013230388373718363,0.006155844876966427,-0.00074859709330638,-0.004140798955668913,0.0026095219802775584,-0.005968140686313143,-0.025307847251119286
2018-02-14,0.02595903741684518,0.0254792017157524,0.02014675815533078,0.02238898322561921,0.027215744093103053,0.013058091530368847,0.02286213075547329,0.030618364032188105,0.014418160322835475,0.013313439808897013,0.02537949269344561,-0.25964465853909074
2018-02-15,0.006541255317769286,0.0125001074265458,0.004811790114212856,-0.009267879518255487,0.019236530070638327,0.02139118998131756,0.004164171595578531,0.006337830219475389,-0.0024860908994747397,0.01199686177677526,-0.007581040394460604,-0.0067726786716267385
2018-02-16,-0.007479151082631606,0.005309644557829973,-0.003379147176604259,-0.0018639550819641159,-0.00022421602545999266,0.004223871116185022,-0.007211396987487153,-0.004704277058487049,-0.0024925250269946103,0.0003733996499216942,-0.004854357195359007,0.017103290129086884
2018-02-20,-0.00125194565713743,-0.004422817871754021,-0.004697070810329123,0.023356845689771026,-0.010253180518047285,-0.0042238711161850595,0.000261197996804958,-0.0014517985286271883,-0.005446108274549184,-0.005858517106837343,0.0055458700407583494,0.05693006460225121
2018-02-21,-0.0018809344380774206,0.004422817871754043,0.007037616655001257,0.006660625971035803,-0.0056408485681313705,0.005277057100843819,0.004176094567536394,0.0007259875181546883,-0.016969950879586134,-0.005511664483310908,0.017135508727875653,-0.028559297561090536
2018-02-22,-0.005663906524691686,0.0304240422654881,-0.009525546139651854,-0.008484777506757779,-0.007507360452424613,0.002102937695951193,-0.0018246637209092208,-0.00436517191571496,0.010899426818452207,0.0009730774855778604,-0.008873785975388598,-0.06713936238272884
2018-02-23,0.010671699325346676,0.003418883405595646,0.010564147471584025,0.0,0.02022022014777665,-0.0063222400243087605,0.020061509845122526,0.021816424186729397,0.02144927888650132,0.015901278245121022,-0.01589529077153732,-0.12683831167819482
2018-02-26,0.012102841597568805,0.0,0.007367599892466865,0.0030386055104100673,0.016691259900968737,0.012604983908402142,0.012368884272769365,0.016625664419943103,0.005942084174459321,0.011688438620627399,-0.004188517077552603,-0.042744170586720996
2018-02-27,-0.002779793467380349,0.0,-0.01649065045199952,-0.004866290586525876,-0.012352272406675456,-0.01472172693759224,-0.01194267510405006,-0.005099644733261788,-0.013089277729992696,-0.012788311441467541,0.016993655048862487,0.1626138578366678
2018-02-28,-0.007140107586553523,0.0025564067653790707,-0.011720783020328905,-0.028449678693306935,-0.016034923676398034,-0.008510691607297472,-0.015975543219349336,-0.012418395684995571,-0.02325192590601088,-0.011157806083656078,-0.013850623669593132,0.06558021640940212
2018-03-01,-0.015757852850150664,-0.005945952315096116,-0.024540169307486506,-0.015170861433643415,-0.02366808885746368,-0.006430776644577472,-0.01808440107573885,-0.027691232468156243,-0.001499269370945746,-0.013413965854876449,-0.02256799957740642,0.12397702928809691
2018-03-02,0.00475335253784437,-0.004330885751272194,0.000271190794228952,0.005716112827145419,0.005205099148908454,0.006430776644577451,-0.0009703271754656611,0.004577652396883819,0.004641115644294499,0.005058785485198549,0.018725228836668863,-0.13716181589339477
2018-03-05,0.015684210475158784,0.008643202785175512,0.009993518639407683,0.00631311068071107,0.019185517406422766,0.0032000034618142677,0.01523796475617677,0.013608206936359024,0.010548877826542399,0.01097161761052657,0.008365308030004346,-0.04489274772965498
2018-03-06,-0.0006226165494789951,0.020443513311934888,-0.004848848521124641,0.010641692465369492,0.014376277191360505,0.007427431174673237,0.0008688124711750473,0.019099117151022946,0.0005907437592375778,0.0026353829319968104,-0.0013893536126914437,-0.01995207357997202
2018-03-07,0.0021777847259468316,-0.004224763271540079,-0.0018922065857679166,0.01667225776625271,-0.005936759094613907,0.002111819988792722,-0.0037408722565785376,0.005641432012901801,-0.007561549065497331,-0.000483991825716375,0.0020832658760248186,-0.0332256679843781
2018-03-08,0.0006212625206995933,0.003381321239900993,0.002566922012110668,-0.00922796800963479,0.0037240272088369924,-0.0010554090689436032,8.700805921767161e-05,0.0014055475213538711,-0.0002975701943208391,0.004453148208884627,-0.005914075486507061,-0.07116700550365268
2018-03-09,0.01602008138458579,-0.00677422025213438,0.026629162802590783,-0.0037152177130566556,0.01649583666224859,0.00736446599723147,0.028354714948593755,0.02957928476600973,0.01887672630928685,0.017229546741207587,0.009722339219067837,-0.12202421296368898
2018-03-12,0.0036605576476967734,0.008460393520424256,-0.0011833708442671787,-0.0006205018858061194,0.009593408391029614,0.00522751570012851,-0.0032241511577327598,0.0040826053414739745,-0.0002922498289220119,-0.001274797337998416,-0.008327656766607868,0.07498576651157736
2018-03-13,-0.014724243232533964,-0.009310182157457894,-0.014708818207134438,-0.02006337330383575,-0.017900142682490787,-0.002088019169668338,-0.012056020449387854,-0.015050944333438556,-0.007186374440959165,-0.006383910414314703,-0.007694978934322612,0.03548462217899347
2018-03-14,-0.006821770553683682,-0.009397890329310146,-0.019410309331754045,-0.005716112827145408,-0.01538655467924652,0.0020880191696683865,-0.011245901126980857,-0.01808422613602932,-0.0059047749266688265,-0.005740969825188786,-0.01094455321400006,0.05242410329726621
2018-03-15,-0.0012452333529881095,0.0008581289625253156,-0.0017709310933071557,0.0,0.008210421389347479,0.0010422095784438116,0.0025193830390498172,0.004027418564327895,-0.005195756918415896,-0.0007822363990965508,0.003189817739940175,-0.037851910572074765
2018-03-16,0.002178462605503604,0.008539761366784871,0.0017709310933072058,0.007614199820513436,0.0037065286454266598,-0.007318493190458232,0.0017341605504446705,0.005055615818170146,0.008879160941308573,0.0017019979472317418,0.007754735474059804,-0.048790161295187505
2018-03-19,-0.005923851947912634,0.04733121238542126,-0.010535728239735804,-0.017857499143810227,-0.019127713195853595,0.005232874903207478,-0.007914178077822706,-0.009785191130573996,-0.015571459668951845,-0.014306040541373417,-0.001053933327708285,0.18548112907998673
2018-03-20,0.0,-0.010599326175849577,0.0030211333298482946,-0.0012878919962284803,0.0025107148836671224,0.008315946297113292,0.0009602464136170878,0.00908946942141097,0.008414662757845056,0.0014807086617189258,0.011879916107820448,-0.04406944518223561
2018-03-21,-0.0034454905767315734,-0.010712876522854084,0.005470809228905032,-0.048178317739158726,-0.0051045045005184255,0.003100778364752222,0.0008717458602189755,-0.0062840493026260465,0.02584891663247885,-0.0018456921256294063,0.009678650142475405,-0.018858026379926878
2018-03-22,-0.042300233100385345,-0.02857324703882419,-0.04191941142786533,-0.041413817109657323,-0.03596434026131205,-0.017699468545958778,-0.04264318458826408,-0.0442129927877081,-0.02062532363510956,-0.025484886972854417,-0.026138461991946995,0.2676050237734511
2018-03-23,-0.04622406241178978,-0.012006983089964469,-0.03487788905533126,-0.03149861776499416,-0.02948835999638748,-0.013749671198982108,-0.02710319450380162,-0.048177542756824336,-0.006121945448966514,-0.02118980731175066,-0.0007064971968079811,0.06349365816409866
2018-03-26,0.042617078750539786,0.03226071407288241,0.027311219948357158,0.023006053228066807,0.03847387367015573,0.03454044318288787,0.03037223552951586,0.041935483499441206,0.017812715580842853,0.02679504070603539,0.004583125162347864,-0.16771226919475257
2018-03-27,-0.03068973741562918,-0.022814615442957188,-0.021730048853256786,-0.021552494752963315,-0.030352488453419584,-0.015552638560673588,-0.01959040714743535,-0.02140611504358211,-0.009460401942114345,-0.0174272856453219,-0.02025292970855528,0.06756528684500536
2018-03-28,-0.004413759506569977,0.005115121812145738,-0.00029329611232014696,-0.0007265945629589135,0.008497352020457259,-0.009448553458748123,-0.0015728638757778527,-0.004525778082190209,-0.019648477917550797,-0.0029209188994626773,-0.003956098584907775,0.016310735520134442
2018-03-29,0.02020956251649895,0.005088985247977753,-0.01119615906964636,0.015861958162473447,0.009935360202802642,0.004210420035515857,0.018076493152341947,0.01965080460943636,0.020835854610187454,0.013675777493843445,-0.012327987207727258,-0.135594931686637
2018-04-02,-0.022935154244072144,-0.011914907593134157,0.0031064140291444053,-0.021692760490396538,-0.01806878439030918,-0.014814973284313058,-0.019466340597947,-0.023248234402503537,-0.020230006540525407,-0.022590682343495868,-0.003288811457858139,0.16786273325597026
2018-04-03,0.009507827154824035,0.01444993123432424,0.011307726416577226,0.0029196907704065376,0.01297397237375308,0.023183335455657282,0.013629530784393192,0.00849940284693545,0.021119674418351046,0.012535961315741067,0.018854730798062665,-0.1128207877386875
2018-04-04,0.00975263565882584,0.0067283261369740464,0.012047275652961821,0.011594335306195261,0.008107993473180778,0.009331106374614609,0.015069218043707347,0.009359890998005271,-0.001334798808740968,0.01150010234644679,0.0014358175119233985,-0.05054530265037734
2018-04-05,0.014618358049141997,0.008347190003006391,0.013043705140474994,0.031208155864954585,0.012548540580644214,0.007198195576595881,0.01304497945366209,0.021930326371484704,0.017798512208803616,0.006839421401651201,0.01565865068352258,-0.057451639955505604
2018-04-06,-0.0230204360114621,-0.010865297493607875,-0.023340382521374214,-0.031928911247765174,-0.023093562962528,-0.014448024416018135,-0.02525367372087518,-0.03373788170404778,-0.01824400076416367,-0.022164067057064987,-0.020332400327923127,0.12631158404852685
2018-04-09,0.008067644649614724,0.009201465645709077,0.012170553722789423,0.01004313828362084,0.00884142037712158,0.013422689306837222,0.011936773752521113,0.005827337130559937,0.004740222787836189,0.0033309949675928295,0.003956098584907689,0.012945196269927605
2018-04-10,0.020215928652475797,0.02304634771480274,0.015291315498352755,0.004983996420265163,0.017218936425298974,0.006134989911209807,0.018932357026725178,0.014699433416720335,0.03256585821501357,0.01658859899631407,0.003940509520518522,-0.061572530144520216
2018-04-11,-0.019212197128864298,-0.0024440537208404935,-0.008831796304277916,0.007782050783095128,-0.014249171425772145,-0.0030626806903119625,-0.016941439165257297,-0.026198971737273653,0.010387564155360246,-0.005540685772461173,-0.002505807509941367,-0.011299533018332213
2018-04-12,0.02477410829473817,0.015378472384996143,0.03154753751853204,0.015384971167718099,0.025950981052299663,0.0050993417163683556,0.02455573540582155,0.020828265100282854,-0.00014141901043860332,0.008216898697657044,0.015647598143327376,-0.09043080009052253
2018-04-13,-0.028124395406750526,-0.019465318348025965,-0.01564919314591116,-0.0020840060289518693,-0.014238723007439495,-0.009197818518136738,-0.027452733383120258,-0.01628802426967721,0.010983011541945847,-0.0028907998267066345,-0.0017658893328475094,-0.06018528800463542
2018-04-16,0.004353088785444865,0.00978007117323942,-0.013326302303607809,-0.0034832017858486505,0.007629674556511598,-0.006178996446464,-0.0008164316432567701,0.00789640339550463,0.010170623762993243,0.008076336801563068,0.001059890921958477,-0.050054628308458644
2018-04-17,0.0036684870248827463,-0.011419252907574298,-0.004720772249621151,0.0034832017858487364,-0.016617811289766464,0.007205164027334545,0.0,-0.0030008923434558387,0.0038736291322382524,0.01060507161386675,-0.006376261835759682,-0.08241061365383635
2018-04-18,-0.017123145357798283,0.0024581730955067754,-0.010957181131544275,0.004163753696368548,0.0014575752127164972,0.009188428063802155,-0.00810808115724757,0.000375468444801731,0.01561905693445832,0.0008310204075532664,0.018659302768977197,0.02269143565525821
2018-04-19,0.021772714536844127,0.004083203066553932,0.018670885471504133,0.0013840741581374405,0.0006691317986212672,-0.0010167771265360355,0.02171639819944387,0.026678125927190082,0.0012227998239708543,-0.00574258179583257,0.016260496728670686,0.022814655703145195
2018-04-20,0.002647200883963336,-0.004083203066554018,-0.003992286175196432,-0.013927786161173726,-0.008732824014344293,-0.00407747850697696,-0.002240267707978572,-0.004397073949579318,-0.004763616789070066,-0.008573177188352708,0.012617368003534652,0.05604384503836758
2018-04-23,0.00198100107691137,-0.0008189913611720419,-0.007456165084841428,-0.0007014652968595017,-0.02121888311626688,-0.008205176041832959,-0.004856035170872472,-0.015171467300126034,0.006120523797445859,5.623011118453955e-05,0.007427473138053944,-0.0325133406800305
2018-04-24,-0.004296899375382049,-0.0090495494693077,-0.005194926350784872,0.03651788182272599,-0.01709107668048988,-0.007234841981432336,-0.004698768503337966,-0.01068333116457303,-0.010769798727179872,-0.013470888006475166,0.0033579582637014303,0.09786617881312008
2018-04-25,-0.0016574594679780172,-0.008298905570730283,0.0034663049574434066,-0.012253231717951047,-0.013535023043150926,-0.003116885293425676,-0.0038113202843584226,-0.01959948924634974,0.007918244632640363,0.0018353742328236348,0.013650916019876776,-0.010039141878284853
2018-04-26,-0.00232512922377502,-0.01257867728297603,-0.0025989067989004295,-0.017968648961221672,0.003588173111116565,0.01240923155020284,0.0009997078583477788,0.003070263092243569,0.014444879054372941,0.010380144187376953,-0.011307044387876676,-0.09396581506517351
2018-04-27,0.0026567953294214844,-0.012739130701313685,-0.002750173911262633,-0.031883815200352016,-0.001208508649265008,0.017321082978309255,-0.0063782021048875955,-0.0017341593436927324,-0.01064448985227227,0.001113005271363815,-0.011098143916546547,-0.052460681209673184
2018-04-30,-0.007657746476862453,-0.013769710014727588,-0.010491141972493376,-0.01669715199117202,-0.006148725401938896,-0.005063302505697082,-0.0056833748735203565,-0.004638778084615323,-0.0001355447096008384,-0.008221192548921247,-0.007127098893737621,0.033187503649106796
2018-05-01,0.0010022848703656851,-0.011329164061078948,-0.00029312088149634566,-0.0051377119957016605,-0.006989583799231997,0.001014713540822127,0.0,0.003674745451195891,-0.006115532812121067,0.0025458021710273926,0.013531992902664061,-0.02800950342658224
2018-05-02,-0.012431093455020461,-0.005272223800492199,-0.003816511297301649,0.002938917886941987,-0.011132160114349388,-0.0050840047660255265,-0.007937210066548501,-0.0021256912889897756,0.004081101703441899,-0.007231951201402355,-0.00404043775521504,0.030517339294898603
2018-05-03,-0.0129296785030182,-0.009738810967344786,-0.0007354710903784359,0.0,-0.0027380237574037513,-0.0020408174809206678,-0.006320973846473756,-0.012064880597599591,-0.0023103185124329177,-0.002256217585064076,-0.006091351222157662,-0.004392893713193908
2018-05-04,0.0034186976615665434,0.010619502222869226,0.004721112269425349,0.010945067709951614,0.006533528145642658,0.002040817480920614,0.011035425378461187,0.006245148615650177,0.004886527529564041,0.012729810028334959,-0.0006791488968888165,-0.07372095769828975
2018-05-07,0.011537398685162485,0.006142999112038163,0.008208564355649125,0.0,0.009573568976550635,0.005084004766025537,0.008631825050970234,0.019077411105880706,0.0013531619964694467,0.003451980554989958,0.00203598370544026,-0.0013550447502601436
2018-05-08,0.009736571790716355,-0.004384049299710799,0.03584608755367124,-0.013883985596893475,-0.0008437241646717836,-0.01224516225810592,0.014703550656533953,0.018720626242454887,0.007812507257403997,-0.0002656766117338216,0.0064200433142475285,-0.002715545579214714
2018-05-09,0.026052636395256297,0.026020656275436573,0.013291731318026311,0.013883985596893425,0.01976129953246677,0.009197818518136645,0.021569290064778496,0.014137111319551266,0.020189022075201703,0.009635647934868785,0.011719486928660958,-0.0917813999779858
2018-05-10,0.005518503826693375,0.006825922345156369,0.008579969725618473,0.007230720807369368,0.007049271272503955,0.01814587707404293,0.007729580958880308,0.016486993398903308,0.007467373179788121,0.009327011603848374,-0.011046135043879553,-0.01425919370219339
2018-05-11,0.0009706041869193058,0.0008497886370335086,0.003988336189360348,-0.0014420306286594357,-0.0021381795116389777,-0.0080243309816157,-0.0037694206125160465,0.002902762693820959,0.0014347476439462166,0.001706139270961256,0.0,-0.04482975850861594
2018-05-14,0.006447712952408579,-0.006819998040907628,-0.003299542093847427,-0.015267411472074353,0.004066887815380737,0.00502282797785915,0.0003516119778799158,0.0003621448516295574,0.006883428956043775,0.0008830995101265589,0.008045611642026279,0.02189303136809524
2018-05-15,0.0032080395138707066,-0.010318170021157194,0.0008258727271263409,-0.026727634446311495,-0.00968133313491235,-0.003010754430847776,-0.007667850814975186,-0.006723016608609954,0.00025889867068149935,-0.006865655043990812,0.02798537885796642,0.12352400646846437
2018-05-16,-0.005137918161738567,-0.008680718089552387,-0.01009463654825778,-0.02206249369184593,-0.002487002136227769,0.0030107544308478214,0.002738745248217685,0.002185179180446745,0.0034877914763721874,0.004052339847514407,0.0048583431658538855,-0.0863280856257502
2018-05-17,-0.00808143070762114,-0.0008721331157598793,-0.005435211075695374,-0.0007695637348930314,-0.007749044601933033,-0.003010754430847776,-0.0033580708498616965,-0.00182063629964786,0.014974367078093683,-0.0008562387886101002,0.004513205266666295,0.0007448960299561571
2018-05-18,-0.01801289091789675,-0.006127086520083331,-0.022613060979238566,-0.021790771960358203,-0.008821899235639212,-0.008072590958570892,-0.016333653216868742,-0.017465093500248757,-0.007779332561475388,-0.0026356652545503154,-0.013601264122247514,-0.000744896029956075
2018-05-21,0.009538252525141669,0.0017543212624743642,0.006696230192678112,0.0,0.002949467087269837,0.012084847726508176,0.009136727665340226,0.008126732933907801,0.010189873799003256,0.007359604547933372,-0.0006522684678280014,-0.02566179703244607
2018-05-22,0.011067630608915986,0.0069872107018140684,0.009186476602013695,0.02025003405838462,0.0012611375518505874,0.002998502996256633,0.007639316246712055,0.009520450881363917,-0.013395578433155825,-0.0031406885928751895,0.0,0.010646514426208504
2018-05-23,-0.01467461427016579,-0.014023257025059657,-0.01188777265176528,-0.0069634429811939,-0.0007986655498531789,-0.004000005333346128,-0.004611917955270264,-0.009704371605951957,-0.00012816639172776278,0.0032431452068987514,-0.020435792069347775,-0.04962260941479785
2018-05-24,-0.007585118813512733,-0.01332738695061878,-0.013328956238882337,-0.05014975992571619,-0.007216301661294423,-0.012097030330317067,-0.011264300511106723,-0.006460497683005987,-0.016578945849334236,-0.0020252629577225518,-0.007352999207268695,-0.0039824976107742825
2018-05-25,-0.0016561335067195114,-0.001790555218651192,-0.012631671343596584,-0.005874713830125747,-0.004627685930324873,-0.01224516225810592,-0.005137649339605231,-0.018503415529106497,-0.02633255488218026,-0.002360003054185922,-0.016915137004044546,0.053605107025572064
2018-05-29,-0.04060083447928753,-0.053370599812725336,-0.040706604685937765,-0.06426200410905478,-0.034545986322804555,-0.015520008839602847,-0.04368406635467264,-0.059257806102555884,-0.0030890927058743758,-0.011631572511792225,-0.05721866267627388,0.25265829541846974
2018-05-30,0.018135612939180163,0.015009454968470596,0.014654100573135048,0.023612602410455284,0.01286855116484041,0.016546176420473267,0.022588223039851103,0.02001454922517423,0.029813504167255055,0.012615875351923801,0.02638303525919375,-0.13034699842298353
2018-05-31,-0.011299814158702974,-0.005602163844802668,0.00014990845381272877,-0.043273686023490424,-0.014416756276034719,-0.004111003611543699,-0.012444442304956555,-0.016418353356587884,-0.0076009347188817035,-0.006903333243434208,-0.007062169466406977,0.032271534535272615
2018-06-01,0.01232066767538425,0.019472471910597408,0.00880821710059596,-0.0036166655781617965,0.010875781701916368,-0.005162635220623546,0.012905912613977511,0.021115865805283043,0.004724708044978353,0.01079079970923988,0.02553924154351703,-0.13659135910246892
2018-06-04,0.0,0.012773645718795594,0.0008912458206374776,0.015281301706522253,0.006721424269121161,-0.023037673234705364,0.00046117039347613373,0.006617462692341171,-0.008678651736529621,0.004469594898352221,0.01440356011894161,-0.05497569487227085
2018-06-05,-0.009569418898275506,-0.025713149262346382,-0.00865014006121198,-0.01618751559550837,-0.006765081504683132,-0.014941468251874849,-0.0056407563878963255,-0.015050017553804028,-0.0023799774698457497,0.0007023462695756739,-0.0061476033944913,-0.027050190331106984
2018-06-06,0.031104413399338234,0.022989746916630527,0.02178019313018861,0.028599011644305866,0.016892323426739533,-0.001075847457426699,0.023099226039042783,0.022009310876407864,0.004754445532295607,0.008530900637311972,0.01900294578032779,-0.0632489700489296
2018-06-07,0.0016631180932452016,-0.006384129143779687,0.003219133348461956,0.013998480213657493,0.0052396129457217295,-0.009735069898551437,0.003978977030156123,0.004420836623519859,0.015037956528226345,-0.0007144436219845289,-0.014218187031905733,0.04123426059212118
2018-06-08,-0.00266213558862708,-0.005504738566645517,0.0002922599976411977,-0.022848156470475153,-0.0002570234022484656,0.007580243006290547,0.00279378945188486,-0.004420836623519778,-0.0019489382283352835,0.0031210289077513477,0.0013628446460691604,0.004113554946738901
2018-06-11,0.0016646270748198115,0.006419369795497116,-0.005271760869109977,0.01587336353763482,0.0029947613710472713,-0.006493760380169599,-0.0025230208926797716,-0.0025077448898427127,0.0051882885718864125,0.0010681370069403208,0.006786582120118208,0.013860806624989432
2018-06-12,-0.005336864797307204,-0.012879753784906583,-0.007368148702796509,-0.0017513260393608417,-0.006256303485976305,0.0,-0.005791471921541524,-0.008923469827975586,-0.007662194382725188,0.0017418672787038484,0.0,-0.0008100631196740042
2018-06-13,-0.002008939017677023,-0.0009263779064347145,-0.004744137540322345,-0.0035118804525665556,0.00514513181333812,0.0,-0.0019982657132039798,0.005441093555473577,-0.003787305344129785,-0.004034254541411457,0.006740834717349898,0.04747722580233045
2018-06-14,-0.011459410600315233,0.0009263779064347827,-0.016935756327978262,-0.01328030772253839,-0.0007700919262209752,-0.002174146980782633,-0.01779881268952916,-0.0056356292196792085,-0.0014407830769174183,0.002468500522503687,-0.010467729685796201,-0.06546628544603085
2018-06-15,-0.007485461511322605,-0.02058075470751096,0.0027170412423794506,-0.010752865758231277,-0.007431919858497333,-0.003269641522651751,-0.0012040994350062564,-0.0029280316175019972,-0.021711497177784193,-0.00101762031549408,-0.007495801339612348,-0.011618416722202882
2018-06-18,0.0040900718461212415,-0.0018921953375890504,0.006161128233372329,-0.0018034394852780823,-0.0022879590480387483,-0.005473350491914181,0.0025914443230696076,-0.007652322727255079,0.009927342816169226,-0.002128391180886516,0.0006837926458485917,0.02717341980718159
2018-06-19,-0.004773496926940661,-0.017192354260553707,0.00044940863978633534,0.00808989078101718,-0.013356168990841629,-0.005132353781203346,-0.005840353844322848,-0.01688362692785861,-0.002271943238505163,-0.004031517951391294,-0.011342355917959577,0.08110443913694274
2018-06-20,-0.0006836581535281085,-0.0019286890046233088,0.008944330601295838,-0.008089890781017255,-0.0021923962877071347,0.0,-9.323461707999845e-05,-0.0006012511518361997,0.004405224484326566,0.001710690224112545,0.012025599883803698,-0.04285280081258066
2018-06-21,0.0017086596894191107,-0.011650545492677994,0.003703510193844453,-0.01729676597415941,-0.0036939885213319863,-0.006734025793835646,-0.0002787899970293776,-0.0020065924109957584,-0.018689647254213872,-0.006365728843220268,-0.010643842514902645,0.1350939193759841
2018-06-22,-0.010295475760280701,0.012615175127204932,-0.006378264798160591,0.010959089554301388,-0.0042385808241880716,0.007851869474851645,-0.01650620406426667,-0.01824108762191279,0.019755328651624646,0.0018602032551338834,0.0010350254134230768,-0.06126518600006092
2018-06-25,-0.01774865767178797,-0.012615175127205036,-0.021813622124119265,-0.01095908955430144,-0.020020107190692235,-0.005601993612917629,-0.009119622982723013,-0.019831286297892763,-0.0202980431464613,-0.013819722967770653,-0.008658095628435463,0.22994675334098222
2018-06-26,0.0021046100216877924,-0.001954840230019315,0.008480970150468984,-0.010152342077630763,0.0001803034050625187,-0.009029436596261285,0.0006680459868035059,-0.002925329647241622,0.01255002054405135,0.0022021505056967236,0.0017376596349698986,-0.08486291411652427
2018-06-27,-0.01056746385633316,-0.026774141446896917,-0.012901396613810841,-0.03781174611758346,-0.006338177704212739,-0.01830714785928677,-0.01556982888510372,-0.01263416880705816,0.013321101043779345,-0.008641586313141117,-0.018574289582020773,0.11778302234434666
2018-06-28,0.015112167568716679,0.014962810196911005,0.021460822636614092,0.008633207148044776,0.014608119231446988,0.0,0.016237068966728718,0.023042443594964938,-0.0013239340879013255,0.006159680019031288,0.007049723126665745,-0.061008528115393416
2018-06-29,-0.016884252174761676,-0.006954809477077629,0.0005977067836532385,0.01422498684645862,-0.012838244899432675,0.008050840322537202,-0.006981342653266139,-0.018602228621601137,0.006208000928193551,0.0007581158875170001,0.0007022800530820923,-0.0461527089498326
2018-07-02,0.0031877047212390984,-0.008008000719833272,0.003580156429101967,0.0018814811156265708,0.012121969300861374,0.0,0.008409555563053858,0.006728274995327644,-0.014858379951940873,0.003063260834293461,0.0059492599621739466,-0.030927031779012053
2018-07-03,-0.017838843416098246,-0.005038107691221983,-0.01651458778002484,0.005623296310178737,-0.012983691859597649,0.0045711496651069244,-0.014087944573023667,-0.014777494726688668,0.006261908546017348,-0.004959629280533677,-0.009817707872011187,0.03402968631704133
2018-07-05,0.00502717106339243,0.0140425835366118,0.007540382779492042,0.03940039784855993,0.001632138747834747,0.0022780633218846403,0.006480779286484603,-0.006828885962945227,-0.0010628486269214188,0.008583856745537827,0.000704422378867417,-0.07525240875658754
2018-07-06,0.003932231851980643,0.000995545009392104,0.008676243384869546,0.02921846155262853,0.004745333838907246,0.010186655284085602,0.003272626492749439,0.008316164434283473,0.006097577713421895,0.00844551760058016,-0.003173984155653248,-0.11303483371481093
2018-07-09,0.03574303431613266,0.01186944107328071,0.026456776218263794,0.006956598203177415,0.027570834613349464,0.01342312502339825,0.030474731578753248,0.027646027073886897,0.014822661089765201,0.008784290785341506,0.01019155035659162,-0.05219913389474765
2018-07-10,-0.0076020938670125545,-0.009881381194946135,-0.010352195882922483,-0.00957775539732616,-0.005013010782379702,-0.0033389566191457257,-0.00617132850509572,-0.006424396570188323,0.007394763888174194,0.003467249318821859,0.004535159314688068,-0.0039478327792526555
2018-07-11,-0.00521634867273287,-0.0029836048877266833,-0.0047013629879303085,-0.024802056355584187,-0.005259206926906216,-0.012338938770298496,-0.0021593644479573266,-0.0073031324605674925,-0.02142486875259683,-0.007119486371916502,-0.010848715107242194,0.07540683822437215
2018-07-12,0.0031331685578737003,0.012864986082672782,0.008796370732574875,0.004474311570302704,0.006889025729317859,0.012338938770298596,0.0043144276264029235,0.005638443896802718,0.0017150884398407149,0.0087109915801719,0.003863013798822902,-0.08016500889710042
2018-07-13,-0.0076764446279954275,-0.001968553836608846,-0.0222869234887141,0.003565090905100753,-0.003571102329684955,-0.005589822562253971,-0.004596385709737775,0.0012491258544173006,0.005259202325114279,0.0010786555366086475,-0.007741008362860325,-0.032312957870359635
2018-07-16,0.04218026475893058,0.018546323289240173,0.03605836295224166,0.07702692024294532,0.021973358176848156,-0.004494345841998722,0.03890968750139428,0.016911000208433166,-0.01160645091510518,-0.0010286646208985384,0.009492055727096061,0.05199088534378457
2018-07-17,0.007693699583779303,-0.025466755075023467,-0.0015848676095231555,-0.02249146173774446,-0.0018167519432714001,0.0,-0.0007238696119044796,0.005709402397375224,-0.003987826445361742,0.003965824343443431,0.002097184212783557,-0.06189194658789122
2018-07-18,0.003990323083546604,-0.003976000460280653,0.00718401523280539,0.0175368341016753,0.0009522522383507137,0.0022498758619338434,0.009277992299737541,0.027673820970920592,0.0006653764255932055,0.0021581820767374625,0.0038333965140465004,0.0033112580359921082
2018-07-19,-0.015384674991931852,-0.02012134052457745,-0.012388636717306148,-0.004979118315549325,-0.006987077405308218,0.0,-0.014813546360100136,-0.014142427621280002,0.00026665098233811434,-0.003960826849049506,-0.009786906820385122,0.061693528586848276
2018-07-20,0.015384674991931817,0.012121222758070408,0.003328442904240606,0.0008314267730077118,0.00893080042584856,0.005601993612917757,0.01256953286572434,0.008390351432595512,-0.0034659697651387637,-0.0009488977712743676,0.01671933700760636,-0.0007773206034422148
2018-07-23,0.020368814818057947,0.004007996930043506,0.014200828895964525,0.012391818647703003,0.00889501275955323,-0.0011178436810160089,0.018431138883929808,0.009306239944268836,-0.004416334954762999,0.0018363623432315187,0.023891899065197873,-0.01883884406767623
2018-07-24,0.002598228927443799,0.013903127598326745,0.012174600742616478,0.008176628768517796,0.009028154273437398,0.012229254313117381,0.007032880953364052,0.004718660435849451,0.012528537969217131,0.004769518886053562,-0.005410913768836917,-0.016780261123892023
2018-07-25,0.0077544994361494765,0.0,0.009104058529041704,-0.008176628768517795,0.003427823740204155,0.016438766945798784,0.008982651203636267,0.0011762648650661357,0.008309862228800396,0.009060435070372713,-0.004417941951038778,-0.009716666446916437
2018-07-26,-0.00419283872784689,-0.007920845070692049,-0.0053120692137232145,0.0016407894532557083,0.0017732695426136052,-0.01312939362473131,-0.002869286398311689,-0.0009800932080190968,0.010843429640319816,-0.00303690274886736,0.01319585915945589,-0.012280106562395527
2018-07-27,0.0038710548499562725,0.010874824391501559,0.004894173436611143,0.017871984451081877,0.0022326733169495748,0.0022001413845642334,0.010221950415465886,0.0011758460680240332,-0.004297431695932175,-0.006583834644845457,-0.00505472571785329,0.07074855673172394
2018-07-30,0.008016540523905762,0.012701819657224576,0.00833428322497363,0.029355571490787914,0.0054971668875865775,0.0021956588970482595,0.006014770466532112,0.0029514074097401815,0.008187755806050667,-0.0057707893155871425,0.005054725717853446,0.09020406039340109
2018-07-31,-0.013828645803024018,0.003875949795406748,-0.005548418028854457,0.020890651597077373,-0.006381393142735503,-0.0010972268338961145,-0.0153661575369343,-0.006702027449705035,-0.0018133939276713824,0.004872837219303094,-0.0037043040120069964,-0.10567225835575152
2018-08-01,0.011910774445976645,-0.009718249703777628,0.0005562704162110763,-0.008458476887636613,-0.005871650346849249,-0.005503566129894454,0.006157500115564899,-0.007544278208473114,-0.0139721757770576,-0.0010408930675711336,0.013072093058512244,0.0246355569336504
2018-08-02,0.0009594684689469129,-0.025718554837438398,-0.0012522675254804108,-0.03217222084248345,-0.008722730547220557,-0.004424976527954514,0.004227660205686225,-0.007400837307220089,-0.0055378785467919515,0.0049143495822087,-0.005677076430379147,-0.0758058205445158
2018-08-03,0.0073258866076679335,0.006989594015304071,0.013910512666864912,-0.0031949129737486918,0.00042718597958303286,-0.00555851581363514,0.008060165455264492,0.002005589674797542,-0.005170043396374808,0.004633432065347987,-0.0111130935431814,-0.04616843727177926
2018-08-06,0.0003174065563272649,-0.011005638853666507,0.00013783057346212994,0.0015988187968815947,0.007829482255511073,-0.0033501426104170224,0.0002564438343122936,0.0016013704702473438,0.0037147258221056044,0.003531982650801626,-0.005092560597365941,-0.03230310312879455
2018-08-07,-0.0003174065563274171,0.0010056179988846188,0.00013842222301337323,0.007955374127270608,0.008020946722776959,-0.0011190946540338006,0.0036647319622028535,0.0027970284980129013,0.007388028317427324,0.0028202017464857678,0.011842495279547985,-0.030633038560200505
2018-08-08,0.009161474643951093,0.013972319295831195,0.006607140410373276,-0.007955374127270732,-0.006157769714987463,0.0,0.002039386346997066,-0.0001996033758936858,-0.007255664835252901,-0.00026241439329510795,-0.0006729789817109558,-0.007346214964409838
2018-08-09,-0.006309158738779087,0.0011040476820692892,-0.012563288278687827,-0.009631046310369446,-0.011017948148015839,-0.002242190582281175,-0.0077556648293062224,-0.013660307010669765,-0.009310866039301558,-0.0014427146770399496,-0.012191147930566535,0.03797925352461052
2018-08-10,-0.01305959375013039,-0.02642449080541342,-0.024185537373012714,-0.04790334552978966,-0.017998247630204703,-0.019264012066916678,-0.009887792059695522,-0.021466687678889214,0.006128093030100967,-0.007139312263244473,-0.02693527114680815,0.15503754563276792
2018-08-13,-0.023026899785335484,-0.016615061507715148,-0.015780116996532974,-0.03180340926790168,-0.012049170413720915,-0.010350918889440909,-0.016026783371866287,-0.02172631081616941,-0.01283250944691047,-0.004014037665980266,0.00697595441731299,0.11609298315080728
2018-08-14,0.010119278474209188,0.0031362087195656203,0.012215188435542972,0.003487386191886819,0.011831432718537292,-0.016317155050346806,0.006651204418910421,0.010713329989686124,0.00241877987726626,0.006368930016417421,0.006236987381868005,-0.10475923351971028
2018-08-15,-0.014064065649968231,-0.025371176530091275,-0.019616870919015393,-0.026456562976183737,-0.001351222332886254,-0.01539440836210033,-0.008320775672886686,-0.008603552082792855,-0.03551805032881388,-0.007631208581378815,-0.014964602553261088,0.09524186805072947
2018-08-16,0.011788130883266622,0.010649604736230512,0.013168489585296896,0.0017858236456699886,0.01622523793638658,0.011862546162169448,0.009366494400120662,0.01775484858201939,0.007205191026296839,0.00788821455263811,0.0066399171931007615,-0.08477844011735569
2018-08-17,0.0006508064205528297,0.010537513342654872,0.0015802106836091828,-0.0008925614556668709,0.001629782784099528,0.005879133765878242,0.0,0.0014483748481806636,0.002482224646157088,0.003317606375263089,0.0006963283902924484,-0.06211267598649599
2018-08-20,0.004220133928684347,0.0041840584512057065,0.012268354585903819,0.001784230570815588,0.010231033423702162,0.013969883484399485,-0.0013076880350714685,-0.0016552449741333258,0.006725358780044127,0.002425074902128281,-0.017556614410818783,-0.011938110068042226
2018-08-21,0.004847182003877421,0.010384507809002555,0.010016417457178047,0.028121269611791913,0.012098866051233451,0.010350918889441,0.006088536692714547,0.005163581997961103,0.005049117697047491,0.002066399954627058,0.007411414429968619,0.029193386300245622
2018-08-22,-0.0012902764656592945,0.005151871910567417,-0.0016858574802233078,0.006047576441166369,0.002887049426066527,-0.0022909897272890586,-0.003039430373829758,0.0012350783238009068,0.011906181684633565,-0.0003982310542435054,-0.007411414429968608,-0.04859575512178875
2018-08-23,-0.004529419532256391,-0.01762615646923575,-0.004368268638402252,-0.027064067683432495,-0.012613729695935962,-0.012694824784271768,-0.00208970600637847,-0.009717888649481471,-0.00471812536418398,-0.0016926939235351061,-0.0007086658774895986,0.012976649930220439
2018-08-24,0.0016200112402060681,0.002089776749665723,-0.0019791484415340368,0.007933106187922227,-0.005217776491382709,0.009248529626018694,-0.00043585784454708754,0.00020785545875718435,0.007270663650997215,0.006179705928285333,0.0017708083099034465,-0.03442963697092799
2018-08-27,0.013504912607813224,0.017589744858539834,0.024047034173028736,0.02941371457801097,0.03136043158461752,0.009163837788968154,0.017546366728739066,0.035707311001553665,0.007351108583101113,0.007641141407110444,0.007754735474059804,0.014078914039646118
2018-08-28,-0.0012781721253665224,-0.013423056051223271,-0.00013852834795057787,-0.015464054000638853,-0.0009483988861072932,-0.004571149665106838,-0.004895738610392138,0.002202117312149417,-0.00427012606131913,0.00026924207759835515,0.01256123028510464,0.027576780318580765
2018-08-29,-0.004166111895802234,0.0010390129280026627,0.0020707649485151194,0.009478715688550837,-0.0007040276525311102,0.005710769861313366,-0.0032773275474380346,-0.0010002483058811646,0.006133207861682707,0.005685242468911669,0.0,-0.020202707317519466
2018-08-30,-0.004183172784229998,-0.01886845942408408,-0.014862631261845283,-0.020798026235772517,-0.008319534885531298,-0.014917091989073296,-0.004936015087788024,-0.013098394761753201,-0.002795286350330545,-0.004440172044458075,-0.008356653095447603,0.09938348545590657
2018-08-31,-0.0025834223608853487,-0.00956953655093271,-0.003083364951588378,-0.014109583702928119,-0.006663663268180904,0.0080599291621518,-0.005309653458653205,-0.009579143698209445,-0.007761574490983035,0.00013446846730492032,-0.002450541993731215,-0.050787730334117834
2018-09-04,0.006766595145115486,0.013793552924849066,0.002243352121454254,0.014109583702928112,-0.000631088852463312,-0.015020384159379088,0.0049620651274190995,-0.0024606150671260623,-0.0021516419484895093,-0.0016556920488793076,0.01702909121516613,0.023060222189821785
2018-09-05,0.001283944293225001,-0.00952920295658451,-0.0032263602777749863,0.0043686627638592785,-0.0004211243916367097,-0.005837762829849643,-0.004874949778405798,0.0002052826668154216,-0.0013471579207420792,-0.002807062801265972,0.0,0.055426080663350606
2018-09-06,-0.005817961023524916,-0.009620619372003628,-0.015006334660292883,-0.007877367562067694,-0.012878908564081352,0.0,-0.004285338320158496,-0.01634808074662156,-0.01864108490309008,-0.0036589910366181576,-0.007957143630979907,0.05183231445848943
2018-09-07,0.0003241832439357469,-0.010798850726641078,-0.006726032750577724,-0.02221331993340407,-0.0026046407176683706,-0.00587198030319935,0.0019264489141038205,0.006032566558265687,-0.00013716210168927102,-0.002215797895014484,0.021646598614228837,0.01557772767168095
2018-09-10,-0.0012971427869775517,0.0172229791334795,-0.00014371683870688422,-0.0017985740547612882,-0.008586925751539461,0.0,-0.00535041722744243,-0.005823843892891651,-0.00041247841912996075,0.0018960282146933797,-0.001700927801186599,-0.04959695960627505
2018-09-11,0.0009729595430418651,-0.010729658533531082,-0.002876206108428339,0.011633224533060463,-0.007357563714075111,0.0035275225658452846,0.0063117593872494245,-0.0016700045706130567,0.00943703787403644,0.003732865689715426,0.013527416837468189,-0.06869022286720176
2018-09-12,-0.01370781779539527,-0.010846100816479482,0.015435333238079255,0.0,-0.008988705391476975,0.0023444577373541563,-0.011867574680493211,-0.007971787462964302,0.0051596845997722626,0.0003566083498935524,-0.004713792846130832,-0.006069815437863327
2018-09-13,-0.00957578030079388,-0.003276997073772862,-0.005118357655411636,0.010619546806773413,0.0007885744423773494,-0.00587198030319935,0.003883185235122908,0.005042301585136572,0.00040635817909927626,0.005268352159391334,0.0,-0.06038686203162
2018-09-14,0.0076020908997981125,-0.005485414131030927,0.005543718887968842,0.0035149664912689257,0.00397778087095103,-0.002358655316368295,-0.0001759635529172596,0.00980067360230406,0.005265746003724609,0.00027544390076635555,0.01040798343536893,-0.02455116732729373
2018-09-17,-0.0029678198168476,0.0076711822857755685,0.0048084812247147415,0.009602933514978696,-0.0059065062424836345,0.002358655316368401,0.0029913019836434276,-0.010639276872483412,0.0016147606184386625,-0.005585290991549207,0.002335270324348351,0.12521192467696143
2018-09-18,-0.0023145262193030327,-0.006571487350384907,0.006749142966422624,0.0060631974834611645,0.004378413980621842,0.011709743133049032,0.00403273041042056,0.0035589177812077695,0.00656598296731671,0.0053546528676252396,0.015540127432166439,-0.06727132189438621
2018-09-19,0.025814281699495137,0.024960509407702544,0.0325365045557572,0.03145174871470628,0.02880909279733152,0.0034861609224291854,0.028632404334845516,0.02578801792706842,0.003067210510061521,0.0012524880331719868,0.011417461223989036,-0.08481037201802095
2018-09-20,0.0061104251438778645,0.018056833799113513,0.014410197435675634,0.024794740983967032,0.007695858223015262,0.010386939058660526,0.008550523830223186,0.015761241463819527,0.0002661896563771054,0.00781001418532906,-0.0016230732378280407,0.004246307045422489
2018-09-21,-0.0051431123248102395,-0.008456675872046546,-0.008594023695487658,0.007320044070917115,-0.00871520342914053,0.0034382739055783536,-0.0065968886501811186,-0.009467420689805432,0.0065862691076912,-0.00036860093700704873,-0.003254148730509347,-0.010221544107446391
2018-09-24,-0.009389749332819788,-0.007459051263509662,-0.004189525874857244,-0.008136709603207516,-0.010422110107589354,-0.009195437084217998,-0.0096347049467618,-0.017352501634304147,0.014541067609648555,-0.003521882314013849,0.0032541487305094282,0.043557932577061545
2018-09-25,-0.0022797775102382438,0.001069000545064414,-0.004479263099651537,-0.007380069338607761,-0.0017189560589129648,-0.004629775880021056,-0.0028312944172425728,-0.005783146841821389,0.006409803692773463,-0.001305948493117946,0.007767006414611839,0.017872146542956775
2018-09-26,-0.017763892236352614,-0.009661799530431604,-0.014524688119929019,-0.02079091365155204,-0.01569217068806254,0.0,-0.011840597137400148,-0.01208591870371364,-0.009696200891476025,-0.003294699681159941,-0.013305368658759194,0.03714376093774751
2018-09-27,-0.006325699349158247,0.0010780224959741256,0.006877712498030062,-0.0075915485247703965,-0.004993335495164949,-0.0011606015473218391,-0.004356690020673816,0.0014664801228762333,0.0,0.0027594762285113967,-0.001634826048834192,-0.03794925666495328
2018-09-28,-0.016161927913571787,-0.03620772985864868,-0.016726154413889513,-0.038848390141161725,-0.015487636606214219,-0.001162318630617758,-0.014778677722768257,-0.025441236210223782,-0.0027686930968527567,-6.870144138179519e-06,0.0,-0.02364561572210813
2018-10-01,0.006428741522090809,0.007790778833438424,0.002645284355195144,-0.009730256464227642,0.0048489424250681935,-0.0023279593210096755,0.005831892335894991,0.0012873933276102614,0.013768129286450602,0.0036344923421985013,0.007822702782844436,-0.00995032141084811
2018-10-02,-0.002363532524899076,-0.016769754948328525,-0.0018088402635518298,-0.010723940820845192,0.003278563757623677,0.008125173573747396,0.004132541274938747,0.0,0.0010410498829784489,-0.0003967689102790794,-0.007822702782844446,0.004158025977282852
2018-10-03,0.014098953423626801,0.01566036927548942,0.0077689119045916445,0.016926832210955475,0.0075357384668217325,-0.004634895622119909,0.009344572463016,0.010241433228000765,0.00803305066969229,0.0007112667367183715,0.03378156802540665,-0.03719790962678013
2018-10-04,0.014231324839905843,0.006637115919735494,0.003586561008974725,-0.010657272637756858,-0.001317971165079012,-0.014035302508156279,0.00897576213936241,0.003390264292313975,-0.004137759894099241,-0.008203035421009815,0.011324440972901575,0.20278267701498873
2018-10-05,-0.006594195415063193,-0.005527730246896307,-0.002757552323823525,-0.0071684422420548585,-0.00781132393021535,-0.007092282997690673,-0.005654768908515124,-0.011061770212320507,-0.00012983219207439976,-0.0055433145846221455,0.008720042246253633,0.04132815612229089
2018-10-08,0.0013224424801380752,-0.01227015473985338,0.0023444445331200184,-0.006314904599953149,-0.0015961801256836666,0.008269341281628935,0.006088616149491572,0.00575908897364973,-0.0007780424240570145,-0.000395194708349698,0.0024775904560687696,0.05704594072494537
2018-10-09,-0.00962656333881173,-0.009019190912636062,-0.00968986359779047,-0.00181160729783343,-0.010886817818449876,0.001175984795991157,-0.006961557289948225,-0.018459340071572173,0.008909751630088798,-0.0014189098341542976,-0.007762838370481097,0.016435277271826917
2018-10-10,-0.024992860333740062,0.010140882974212293,-0.027356604216936753,-0.010022933070776317,-0.03664183469643466,-0.031029066582197944,-0.026993865034750052,-0.03393133789725282,-0.03186886285197355,-0.03341638904260208,0.005285247914412169,0.3642947143039256
2018-10-11,-0.030557812950310834,-0.020385798324131777,-0.022700013587501327,-0.008275768024227857,-0.008974761084919911,-0.01219534851102687,-0.03042137900383219,-0.025651506030386295,-0.03442803971007418,-0.02078757997254153,-0.028941941581209392,0.0843219547957439
2018-10-12,0.0035196319311843255,-0.0057375367897362015,0.021126273938501562,0.0009229413547412299,0.00421684203323719,0.018237827274830292,-0.010972621146832942,-0.0013807379662715159,0.002743549913699909,0.014106235408376288,0.0025502517844022653,-0.15889906532306058
2018-10-15,-0.019156521854645885,-0.004613495153354489,-0.009061481063305264,0.017375759740263053,0.006292569389444784,-0.003621193532952681,-0.005720269825618611,0.0009209601167618951,-0.008391136226748898,-0.005922482291300048,0.006979747212935391,-0.00046938415253863173
2018-10-16,0.02161319297685259,0.0,0.007198389021881419,0.011717204777163936,0.029664554807755514,0.020347948882600206,0.021214172993172256,0.055265031851743876,0.008254032158961259,0.02126782803490127,-0.002215607139826156,-0.1896723687590015
2018-10-17,0.012885392403963044,0.009206084823005034,0.0018630920414238758,0.008920630818163286,0.02924782008150965,-0.002372331547710316,0.011078264952372064,0.02684561221978623,-0.006321937512974371,-0.0002526942626648821,0.007261279776764467,-0.012564483840687984
2018-10-18,-0.022748175386525352,-0.026699040726727085,-0.01762271313132157,-0.026092334066173117,-0.014695050886691343,-0.010746676479182475,-0.015969760648056233,-0.02488848771869607,-0.004975952463345585,-0.014496490575341185,-0.0012590334033437019,0.14225757161384167
2018-10-19,0.002474830210154822,0.003523229066168057,0.003491400059502806,-0.004568434599930735,0.008895612989848985,0.00359509417521126,-0.0016663634792801476,0.008437025516497158,-0.008907476407327506,-0.00036123513527937907,0.007217982771539745,-0.008510693731249819
2018-10-22,-0.03375549844303109,-0.0047003785497157806,-0.033521021055470994,-0.01848464321414744,-0.023899829718678184,0.001195414150042494,-0.014468143620252205,-0.02862639758660141,-0.011105909516564752,-0.004308797096477868,-0.0006255411604668331,-0.012648790330171394
2018-10-23,-0.013235181462530903,0.0151960512339397,-0.012998909642246237,-0.0018674269969931163,-0.013813065918113408,-0.01930089969687324,-0.010490989300987248,-0.013165132900475794,-0.02650011018760124,-0.005527076180694164,-0.009431132420366846,0.053048359351117784
2018-10-24,-0.031199982984297665,0.006936434483639616,-0.029802348671112998,-0.06765869698697852,-0.04386564133699411,-0.023414433798372394,-0.01879818012575644,-0.023407873532744265,-0.040283873665100396,-0.03135077386114084,-0.013354671338644824,0.19741711330886696
2018-10-25,0.015157467361991804,0.01031536863552456,0.018172348516121112,0.0,0.022827530881992217,0.014851612494759277,0.015085756584367472,0.02408109536202174,0.012166960668411629,0.018453717978714167,0.0038338211568797985,-0.0408550347347463
2018-10-26,-0.00754984310534306,-0.023069230687886137,-0.011766773670982968,-0.03355690788877834,-0.0077398351069628306,-0.007398235201556232,-0.013827658382234521,-0.013104268582435658,-0.00749273373362054,-0.017479138010003174,-0.018993011608711523,-0.0024803430237041024
2018-10-29,0.008302009335441517,0.02192827254440911,0.002178049059438507,-0.003107110586293689,0.00998018119419154,-0.021263980172836757,0.013732320782115491,-0.0004548660670616717,-0.018828471539980907,-0.00658120829519397,0.00324464619320195,0.022104907771277688
2018-10-30,0.0063682544122900765,-0.009174410492047553,0.0027933200538830857,0.010320080441794334,0.022086433156089092,0.013810602879633904,0.01749049031511213,0.019285571620242335,0.022881565077101023,0.015545322971877482,0.0074229815403032,-0.05620627407022853
2018-10-31,0.026530471276263026,0.012593177556082573,0.014309124599911127,0.0030752588483385634,0.0273938711060798,0.01115936917954948,0.021510106444969337,0.025733455711118017,0.006123238875569853,0.010792878754571094,0.015632804001190298,-0.0951817462988885
2018-11-01,0.01120970268327139,0.037950887412708044,0.005636552511477288,0.04796146058533378,0.0070743718096978265,0.027965299590082305,-0.0003668485636732169,0.005024553282392975,0.008451785797923,0.010502498868529206,-0.004759604907561177,-0.09323975623814611
2018-11-02,0.0028724040198286937,0.0010946782853833569,0.00822528656424414,0.026000366633001995,0.011912705934545591,0.0,-0.005521090322628109,0.0013068359741991817,-0.00251338705126408,-0.006336721055879746,0.022020371607644793,0.008751668451629042
2018-11-05,0.006077116930785457,-0.0032877037448496545,0.020718174303757535,-0.005719891568482556,-0.0042318510474380275,0.014286006208677517,0.006529856668220713,-0.0028331565023475484,0.01658760034382372,0.0055846936971941175,-0.004053009919627316,0.022803058648679618
2018-11-06,0.0053314213971937694,-0.003298278094999526,-0.009254876495074692,-0.0019137860643171655,-0.00227606849109178,0.010582345932965583,0.004664020136706104,-0.002185025795564754,0.004647701841397001,0.0062397877444086355,0.004053009919627221,-0.002508114602990564
2018-11-07,0.011630072214145158,0.0207090797301016,0.02341879713279048,0.016152277519888097,0.013406503672342985,0.027683334919455082,0.017008075109088635,0.019279336338954345,0.016241961750657403,0.020987078560774024,-0.00031116462476990677,-0.1963827419300698
2018-11-08,0.011496367144328985,0.00215514831008185,-0.007056847453199839,-0.02577695342677042,0.0015985686639052338,-0.006849212986991421,0.008040816297729637,-0.0038691307354952655,-0.021909212540605655,-0.002512068988491457,0.006514652592253871,0.021766198107086673
2018-11-09,-0.012197411737407933,-0.015184764925277476,-0.03025545600119452,-0.021506141558742375,-0.0396267578454768,-0.00920632212776005,-0.009746621802591147,-0.015191539913485434,-0.0017503637865008952,-0.00924158591537243,-0.01401239719257255,0.03756317780146399
2018-11-12,-0.027369639075003487,-0.0469885200365352,-0.023852723616916788,-0.03929981949970811,-0.07748194356782945,-0.0034742940747981726,-0.021250537627902626,-0.03561428688728731,-0.020947820159700436,-0.019898150985467496,-0.000941108324285823,0.1638141754056591
2018-11-13,0.000360146096442798,0.04698852003653515,0.008837954764309762,0.013272253591896049,-0.004864929420903592,0.0,0.005857309059591966,0.012385771610520936,-0.02322513869809101,-0.0014830188221738934,-0.012952361524093715,-0.021251123043970206
2018-11-14,-0.02001180905725809,-0.016529247185203544,-0.01995708032013125,0.0010136918316615393,-0.012563573776710578,-0.002322920177939558,-0.020838113990877705,-0.018751206383327793,-0.0016799711427944906,-0.007596188818450545,-0.00798091894609338,0.05962509861803324
2018-11-15,0.025042319166822556,-0.05246345186068631,0.017174644059660172,0.0030348153764467242,0.006154294457297483,0.006952696057960697,0.025208309199893596,0.010210028187292582,0.014565449036473185,0.01053803274264194,-0.0006411847184750612,-0.061625145061113364
2018-11-16,-0.005390656206007191,-0.010594660304633005,0.005403307325059941,-0.009132327225093016,-0.007983189975065145,0.006904447356928942,-0.000727168037260232,-0.0038445934144857564,0.011829145691530596,0.002220837537483983,-0.014212173776351505,-0.09661233926904576
2018-11-19,0.0,0.008249876630579009,-0.005093748366314406,-0.0030629210727555053,-0.019483967433692555,-0.010374783503688562,0.007608177578993128,0.006324531349829653,-0.0002977510828482194,-0.016783161235721437,-0.005545589319143025,0.10260042300335638
2018-11-20,-0.01342322841095682,-0.034630442012882484,-0.03287763096353147,-0.05788049914646941,-0.035325716651104455,-0.016355343788739533,-0.02170815735302393,-0.029941697618844586,-0.033305953372769675,-0.018317995556585972,-0.0029483475889419334,0.11190617061871413
2018-11-21,-0.004025451685892149,0.02756328398371865,0.0054227471519591825,0.02249708802905902,0.006563724742891977,0.01867019813027625,-0.007496968786268574,0.014511467668838388,0.015579920801022416,0.0030386693107672014,0.004256025742013749,-0.07767305463484726
2018-11-23,-0.011062083346543366,-0.009501149031057725,-0.017975122047995937,-0.020332569819611332,-0.01833951934253704,-0.0011566350801078785,-0.009240068829609953,-0.01497499179120645,-0.031875679335241124,-0.006576419711855615,-0.0022895211604099953,0.034029806537639325
2018-11-26,0.02164034125327219,0.02939646664101967,0.03156130096353716,0.05059046843486598,0.02733327118370217,0.0069204959696373,0.02417830518076662,0.027473890043683905,0.01490929350250515,0.015412975845366429,0.005876649657468656,-0.12982085468311622
2018-11-27,0.0065096547444038755,-0.0034822616554662125,-0.004245483219113082,0.011241781997195235,-0.00355699551279562,0.017094354121916348,0.004200906368451626,-0.0052078260261984415,-0.002778628424593221,0.003256384364612641,-0.005549209502426702,0.006329179302721405
2018-11-28,0.024569769630001355,0.0034822616554661253,0.03286092044850585,0.005068578921486103,0.023980663653890042,0.020134711507018913,0.011058087748954988,0.02820227889683714,0.017013356298318887,0.022714051303113776,-0.0036072039257679838,-0.02826104816438351
2018-11-29,-0.013812772119315737,-0.008144292431864049,-0.010423013894671445,-0.04868916569660778,-0.013761550907094926,-0.0033276110962290727,-0.007963853871015792,-0.017814034096313654,0.006513632768179879,-0.002185494545393453,-0.0029609577578211858,0.016094829129201856
2018-11-30,0.012756709228502779,-0.03446549900793883,-0.0016967433326060962,-0.027988869295246525,-0.021580822227550523,-0.0011118647745306319,0.010214784393025748,-0.0026995762475973827,-0.0018135853705267709,0.008137547716617559,-0.007275188845351492,-0.03907177443394828
2018-12-03,0.00491774437461026,0.007228789041966616,0.00569464923827569,0.024799051920282932,0.00491738695381703,0.01106224327745133,0.009398734491989597,0.02271807256781753,0.021991951944071032,0.010882001794362436,-0.006994169410099231,-0.09453566560231473
2018-12-04,-0.05584012757092371,-0.053000766264892765,-0.045526545785671294,-0.03577612644927957,-0.03894754705190793,-0.013289335122066403,-0.04566326133981431,-0.05174586165045731,-0.029126644078786613,-0.03290022883855611,-0.022989544168767077,0.232346769652323
2018-12-06,-0.021085278575121012,-0.003804653224056861,-0.035974994805626805,-0.017817966704466587,-0.0011943077728491112,-0.004469237264450847,-0.01920783449372517,-0.01189737985008386,-0.018605883564255014,-0.0015233879141442856,-0.016552135710143672,0.02146520571788001
2018-12-07,-0.03287851989242852,-0.017949228979470322,-0.02888471146645525,-0.019285795189214427,-0.024302923701989256,-0.023797192376487017,-0.018227872959351573,-0.030742192037388396,-0.005602943965152861,-0.02359633545632224,-0.009081453839090542,0.0919151295931136
2018-12-10,-0.026699979705320072,-0.011711204146238493,-0.022180853703937305,-0.040917419879848344,-0.004686429523938729,0.0011463929656083055,-0.01886204594036723,-0.014873176253793103,-0.01573121246581111,0.0017606032229163218,0.002103064959539438,-0.02572630070061568
2018-12-11,-0.007296578684147527,-0.02384207441232836,-0.015005913178292418,-0.005984564281893367,-0.011416155962964709,0.0,-0.009814637813802585,-0.002213221851403589,0.0003170566824766041,-0.00035640967530566644,0.008020967964592927,-0.03964479386978198
2018-12-12,-0.0024441336233749274,0.06487339158286994,-0.004278123716775026,0.08068897062730611,-0.0005657765693240646,0.01478109790503103,0.006455015823442063,0.004666935815409122,0.003954791773590413,0.005404871010351243,0.009334536619187853,-0.013882737965695592
2018-12-13,-0.004906076688351417,-0.006301223046861745,-0.0037585513201267946,-0.017877634363208692,-0.004424343132536213,-0.012492971516015043,0.0009893559932092932,-0.005159234102045052,0.0031523274593977515,-0.00019995031241503897,0.0017191389884119055,-0.03847539360658156
2018-12-14,0.003273760042909773,-0.007614240399785831,-0.013539261582214303,-0.007922945781178903,-0.018067681457033576,0.0011421631623139356,-0.008242214857339222,-0.023929223050038872,-0.02308440019616663,-0.019271212268699812,-0.0068941951000080146,0.046365900231525356
2018-12-17,-0.0004089114682395879,-0.03500016570223315,-0.014093518994978073,-0.02298948821647643,-0.027938138580265996,-0.02426441148379356,-0.012844727382355526,-0.0010094382487388519,-0.018367190293713764,-0.020992284828576645,-0.011830311612671937,0.12540792857154523
2018-12-18,0.0,0.002634774750495075,-0.005916352065363747,0.010410495228508752,0.020560164240592642,-0.005343102891609746,-0.0047584846862877405,0.007296337486552818,-0.023905445198360714,8.639685378910398e-05,-0.011263781159758342,0.04232166343113211
2018-12-19,-0.011921850363396876,-0.01859253718448425,-0.020796855169256518,-0.03751893597939773,-0.013206593185473573,-0.011976021178272159,-0.01276641897976719,-0.014901167736991957,-0.011830509307784879,-0.015515459175936802,-0.016777095263418956,0.0
2018-12-20,-0.0028990696390189014,-0.0067249789037406105,-0.01046721192258231,-0.03774025841134829,-0.004975458806744205,-0.010902867044155773,-0.008671526787610278,-0.009973116771999068,-0.028102831690079638,-0.015897809484103957,0.0039518347410623725,0.1038738489924655
2018-12-21,-0.031173488526638458,-0.008130364703735269,-0.03961126722346513,-0.023855659291549244,-0.0509148744241605,-0.022168250762095425,-0.023923027899252877,-0.03212155063981352,-0.009754499259183976,-0.02080312049854063,0.00107508375617266,0.059172720603768734
2018-12-24,-0.0277677638084828,-0.013698771238237983,-0.019699038931185586,0.005069823148219966,-0.023389186459449506,-0.002493757631398665,-0.021792450727262384,-0.017941888301462462,-0.04129728277279511,-0.02748657287831441,-0.015520969162625754,0.18060412369042553
2018-12-26,0.058941252335121305,0.023177655381845394,0.043303544741330476,0.031116399929991177,0.04122349075534037,0.029522457740861832,0.040622443077937415,0.06003655571327508,0.06036224709047696,0.04840317767080503,0.01731015412167969,-0.1706899897832085
2018-12-27,0.010726013996806477,0.0013466207994025738,0.006394803093803222,-0.04383923702648632,0.015106468355216887,-0.004860449347367623,0.011191815007739674,0.009118486173987077,0.005232041073427648,0.008526228968816992,-0.019495166589378627,-0.01490836858088965
2018-12-28,0.0008203608276823397,0.01469648254465442,0.0011586187924140193,0.030267132481179865,-0.014493110333158893,0.00243308257656871,-0.0021665351981724488,-0.007338867997448583,-0.007682986450221974,-0.0012423539102312722,-0.0025552010126122394,-0.05558888844397321
2018-12-31,0.010198173039731437,0.0,0.0044274780667703925,0.01234572167425898,0.024359008787933935,0.003638686276757841,0.008125469123618811,0.007086731127177948,0.005244846636902722,0.008456625862206874,-0.01844388349130468,-0.10873797088407904
2019-01-02,0.012903293115474985,0.007925893304295772,0.02784549254562535,0.006116335841013991,0.02937596220391073,0.007237578173287854,0.017163863488472094,0.018739022541242673,0.019511850858224874,0.0012676930626261643,-0.00935114156416574,-0.09052232206419511
2019-01-03,-0.016155576198307493,-0.003955053671030031,-0.018287101283545302,-0.013505383667559236,-0.014757358877413142,-0.008448897679246769,-0.014313814861364215,-0.01798250373393883,-0.009967438299499361,-0.02506833181891511,-0.04104127823669399,0.09170182627605764
2019-01-04,0.04069159825430053,0.04013500655818893,0.04773870171886499,0.05178770335974578,0.03216002933877105,0.029852914789855068,0.03620220196373548,0.04001513402113003,0.03345818805331343,0.03375939906034647,0.04028936335721476,-0.1742599066308067
2019-01-07,-0.0007822706240169515,0.010100901511226768,0.008669007022231055,0.020906514558722406,0.005525767101096683,0.008201599910740038,0.000695007982731529,0.009878171226928443,0.014756113595264927,0.006985975995229761,0.008612673568133543,0.0009350378584183692
2019-01-08,-0.0019580922254071108,0.0062618427366530425,-0.002701039013756682,0.004587133997738975,-0.0036996349314244396,0.011601195878941047,-0.0018875094937985282,-0.006252879660274311,0.007705584589520581,0.009648587336497393,0.012597483489872515,-0.04443053807291186
2019-01-09,0.00975260685112298,0.0,0.016452508073885312,-0.020809957016203317,0.006252824382071318,0.008041248640923418,-0.0016915924929145573,0.006971878113373922,0.01571768479016795,0.004089671332822161,0.004408473521870144,-0.024228615819893357
2019-01-10,-0.0011652540389909404,0.01240711573709327,0.0010635005945990204,0.005824105835971455,-0.00266675928588599,0.011376881191125659,-9.969217056166927e-05,-0.0019180617390772644,0.002889873224411016,0.004508241374462229,0.0010991102227793194,-0.024317284739611384
2019-01-11,0.011591885845957257,0.0,0.004419878587894398,-0.005824105835971453,0.0052702930938214225,0.005640092281123013,-0.0047929685783592345,0.0019180617390771948,-0.0059491897022891215,-0.0001463085444824661,-0.0110457573058326,-0.06954244367971371
2019-01-14,0.012977281161155851,0.018326806332146287,0.03875246131201982,0.0023336765222496084,0.01006604015446907,-0.0045098090738950845,0.01025684216192349,0.01757374556846708,-0.002421592846471209,-0.00527139458724949,0.0033265833376348573,0.04724438171941504
2019-01-15,0.006802882425827177,-0.004854471006052378,0.04073380563599641,0.005810694780387704,0.00663643743066188,-0.005665657816043219,0.0073040503939358625,0.009372165451241702,0.003550127770492899,0.010664618879761001,0.00036890888448203794,-0.0249548023811221
2019-01-16,0.06911830471461738,0.015691370113285363,0.013109970926273863,0.073694071740602,0.09115283139022307,0.003403339728964142,0.008032461353842833,0.036858672045239176,-0.0012897977766442067,0.0022195205290883643,0.007350265083715659,0.02338047621935703
2019-01-17,0.018802763233232014,0.0023924645145688784,0.004492440768191512,-0.040642588028616346,0.010147187150640478,0.014615449505697584,0.00408892109959988,-0.04505468316194722,0.009151650175873221,0.007562730706235749,0.006569412612605102,-0.052842559030095146
2019-01-18,0.01063666813681441,0.02361364597181185,0.010351198044841588,0.024364426272860343,0.017180678267057336,-0.0011169817441976193,0.016096063796857938,0.026909861045825444,0.02009404463075036,0.01309691283985578,0.012651478148730563,-0.014501103981270722
2019-01-22,-0.0071927593010652794,-0.018846258199154465,-0.020325685548837055,-0.03224290692686352,-0.024288101177011218,-0.012366432881648976,-0.01590158996254653,-0.029735406284372923,-0.022013817536627324,-0.014258476827972471,-0.019587097514023325,0.15575453559121874
2019-01-23,-0.0058613854646383905,0.011820549449201776,0.004516923405151006,0.0223472706745618,-0.003953489149815628,0.012366432881649021,-0.0025290426079642137,-0.006149466561382554,-0.010300822937331314,0.002200489919450871,0.009115867960736797,-0.06351334559153629
2019-01-24,0.00551736459556805,-0.0035318135070769377,0.00929200706689104,-0.02121807941253687,0.004560298429374753,0.02210026672744381,0.0005841308410198397,-0.002375163956988962,0.005324769058853359,0.001374780110977555,-0.01573115345086159,-0.032806955233365256
2019-01-25,0.017047756270323313,0.016374949825751592,0.020674428262881683,0.04199505604435085,0.014754521308766371,0.006536287465673117,0.0063066674917777905,0.02187554006744072,0.012632964167371993,0.008452867700518018,0.015004903088182456,-0.0810136733985566
2019-01-28,0.00168874699712616,-0.017554732750067647,-0.002658918401331662,0.0032416333102913497,-0.005094509311114399,-0.005443935031485423,0.004728367397865029,-0.007707557867975229,-0.010061673468674221,-0.007877775848708898,-0.003274539210065955,0.07995442805090369
2019-01-29,-0.008132659528911613,-0.0011812489861697448,-0.010074064785362491,-0.004324478057285624,0.0038983132541125344,0.010858055974882678,0.0027875219524374426,-0.0037586192170190377,0.003045097072159753,-0.0014573079351148383,-0.011730363878116445,0.013684335727209264
2019-01-30,-0.010947905248873239,0.0023610319104856834,0.015852232013367683,0.006479666123238114,0.009826486864204044,0.006458443415799772,0.0023012148759000628,0.014121243450010479,0.013983932144394591,0.015429609891560045,-0.006288151103169794,-0.07995555304664195
2019-01-31,-0.020855755603417767,-0.01425193407628498,0.003730149205886886,-0.04513694758011854,-0.022323395609848536,0.018075862763407995,-0.00875362778697876,-0.01151743008568235,0.006449344435422942,0.008560648809767757,-0.02251500121613039,-0.06370837351439929
2019-02-01,-0.003166172912008988,-0.010823571664041586,-0.0053256176908925024,-0.0033841211025009586,-0.0074515818735101345,0.0010533469793584003,0.003664890958641128,-0.011412739965235898,0.017253784417547584,0.0008982065848071141,0.021029687700396024,-0.026293187995383722
2019-02-04,0.01746467119261107,0.004824969564271384,0.006106499091388695,-0.0056657149709790815,0.005985939269359741,-0.0010533469793583391,0.0035554187399687905,0.01518789165379389,0.002308971436031627,0.006753381117479676,0.012188513810384632,-0.02573093705684819
2019-02-05,-0.003468759624909352,0.0036035658028103833,-0.003910215348110462,0.011299388868037871,0.0014656426041504368,0.007349361146182428,-0.004422299973406746,-0.00023539816010034035,0.0015360355948759617,0.0046973704373502,-0.008109176347871347,-0.010223721723207882
2019-02-06,-0.0017387450418114968,0.0,0.0012529544546100453,0.005602415412427046,-0.007044472622186044,-0.006296014166824115,-0.00048209402319685467,-0.0016502295211753225,-0.007395768405527247,-0.0022269157175087858,0.0,-0.012277994727274234
2019-02-07,-0.01720244351229442,-0.023045320984678007,-0.017048685471201558,-0.06819532827983187,-0.018220296889363323,-0.01058218060806385,-0.013196244851830014,-0.021465286608495955,-0.02236377726200279,-0.009401193202230233,-0.018678149912858218,0.062382471131200955
2019-02-08,0.0017690475744410218,-0.002457050829512771,-0.012818661821582552,-0.020544345460042242,-0.007277935359746321,-0.002129918447169052,-0.010012826475793303,-0.01628414113096297,-0.004597066144973571,0.0006759725660127,-0.0075700517558733105,-0.04051663866196492
2019-02-11,0.004232734624272244,-0.009888641897528444,-0.006471402818688403,0.015748334273099882,-0.0017753631589399624,0.008492699303116025,-0.004746900226590029,-0.014811587507966741,0.004755026282601295,0.0007088518038183947,0.010957995144758105,0.01577817495994682
2019-02-12,0.009807548289670334,0.009888641897528328,0.017058542564782564,0.026098740486780642,0.016381339621861876,0.008421180324598954,0.016906318653476297,0.023108300654546225,0.01257098330321965,0.012807852902838604,0.008606227781523723,-0.034398292794423094
2019-02-13,0.0003483027405098515,-0.0036968193923152485,0.005886867306961528,0.0,0.0010279046488709284,0.0010477196550733776,0.004764508602763759,0.0009714392832559024,0.012414509058454756,0.0030194315937109753,0.008902109829683908,0.014157206457949906
2019-02-14,-0.01086001072652551,-0.00619182250521313,-0.009883984259314624,-0.02369776242891621,-0.011156880420161492,0.009379863795635898,-0.006520410745615653,-0.01147630013295369,0.003541083791023212,-0.0026551633836986214,-0.019012643439365078,0.035774113742904706
2019-02-15,0.025044808768733506,0.01724160707956824,0.029207418600796974,0.05368855712844489,0.030537095592932776,-0.004157885669980035,0.03010293251303626,0.030712418555852324,0.016007821313175474,0.010820004664957538,0.003381489076462668,-0.08421288781128672
2019-02-19,0.0006865163686714919,0.013341686803642974,0.0017098930948530092,-0.021827553553669485,0.0008561919626512204,0.0072648049930554015,-0.003511903205840516,0.004040378331010636,0.0030200458828689367,0.0014976213265920058,-0.007152228914118205,-0.0020140814468496415
2019-02-20,0.00956629495833484,0.010785028233868716,0.004030539633262738,0.014985851180232037,-0.0003522640324039184,-0.005184080793832173,0.004837235579113045,0.00614792582151378,0.004213083442606446,0.00177553356074094,0.0026410010922206686,-0.059533122838663
2019-02-21,-0.004088518784741102,-0.0023864617468977063,-0.004962784494060988,-0.009195469236307258,-0.011343229071239738,0.006217938481904176,-0.0020835046568918577,-0.010903022992149002,-0.015586414068569497,-0.0035326693258413886,0.012729456739487747,0.030901305111517216
2019-02-22,-0.007195456801200835,-0.025409789643691973,-0.0028024892360347642,-0.001155347204167217,-0.0018349036349507158,0.009254690214491348,-0.004466437059438415,-0.0040596756171953,0.0028934568962481117,0.006390638694710404,-0.012352765260978931,-0.06795605045495379
2019-02-25,0.006512305922341825,0.013390407618147377,0.006062114244144879,0.013777580382803802,0.013429775449512713,0.004085685260896966,0.01042162804109005,0.009526437229850002,0.001671680155648401,0.0012311044497517107,0.006756829630472752,0.09456972202313751
2019-02-26,0.0006831508788591286,0.044924509719408305,-0.0063739285286644855,0.01695913405609052,0.001257716213084459,0.0020364405988065873,-0.0076637103709526816,0.005200752280409161,-0.0031933823858766057,-0.0007907696728402984,-0.013938888021938933,0.02131990745279988
2019-02-27,0.008160619241999767,0.030736830267222463,0.004357254115161382,0.021076729479794363,-2.7088917880817314e-07,-0.007146240951000995,-0.0012352794596881148,0.003530477672664379,0.0038003206328384455,-0.0005441974362980739,0.0213932573417343,-0.031472317580175706
2019-02-28,-0.01026382344553937,-0.00587216069399265,-0.006543059405937603,0.014169037172578126,-0.007092047074018879,-0.006166598681367448,-0.0076363931358439515,-0.013721418189910494,-0.010064265911935676,-0.002829507598950442,0.006661714984275906,0.0054274166436240725
2019-03-01,0.007878408336581705,-0.011614254187000775,0.007629506819584114,0.005396821376243709,0.007597218136980288,-0.0010316172469013762,0.0006705748933325,0.012310744643783343,0.018223541131773408,0.006871656588713028,0.016099926291764863,-0.08541344609537987
2019-03-04,-0.009598972986295203,0.004662026455221428,-0.011230822958772308,-0.009735135958970046,-0.011264322166811284,0.002061848970263312,-0.002301039204916434,-0.011834398281963423,0.0018043944365031923,-0.003888107395255168,-0.012050622658625504,0.07521277149660467
2019-03-05,0.001720564649713581,0.010410472542584353,-0.01294623609079862,-0.0043572175931275115,0.0001021294539632628,0.007183549401793777,-0.0007681615760425079,-0.0023837793122498266,-0.0033099677349886997,-0.001132173489706859,0.0,0.0074906483788717325
2019-03-06,-0.008287105689677731,-0.008087758287574336,-0.006696490842639245,0.0010911150496637678,-0.006449377611524524,-0.01338156958033163,-0.003753093814340495,-0.0067049266711502005,-0.012741006517642473,-0.00654547360412503,-0.011082482295262312,0.06564035721459394
2019-03-07,-0.010106530674296496,-0.023475043580986336,-0.00980616205629313,-0.05722271676090965,-0.010167710318957983,-0.014614309858079723,-0.007256981173534516,-0.010871329411997198,-0.005971267983495499,-0.008158911138331157,-0.02102179366388739,0.052594884952091095
2019-03-08,0.003496663486658441,-0.01556017425045962,0.002581281279477597,-0.0023120933629108445,0.012732023988624197,-0.0010520191629095836,0.0003884515601930806,0.004604634298590026,-0.018912044093947023,-0.0021339641314536495,-0.004181689482867723,-0.03309131135908011
2019-03-11,0.010071352598881702,0.01674710357398832,0.004020334346192104,0.05406717186241067,0.003731820210324656,0.02289362798921988,0.012924340202326929,0.011777541567108113,0.015528250056000063,0.014559535563489445,0.006833697000596259,-0.11335356552484627
2019-03-12,0.0,0.009444985890578055,0.007992270507569805,-0.028923000656751085,0.0033624013790955654,0.00819705771039517,-0.0029752647430336798,0.004291897867014926,0.0064505477925319915,0.002948965727805163,-0.01448191051697727,-0.039862890531896955
2019-03-13,0.01202143499379422,0.017472641843648707,0.01328510256488725,0.02232244933950058,0.003148109303526362,0.008129989432993727,0.0033585801834053893,0.009000555818110328,0.010053452839569266,0.0069255467570192835,0.002300630565946305,-0.026491660069189443
2019-03-14,0.0057871716488818595,0.00460845531446916,0.007201191478578498,-0.016694994118285653,0.0011147193535082803,-0.005073718024075034,0.009059177136861636,0.0065804398684007805,0.0010603492898287972,-0.0008683993315961826,0.007250576610176928,0.006688999529461137
2019-03-15,-0.005445893344168085,0.008013958373147919,0.01670584586945709,-0.003372525380738664,0.003992500897902793,0.0,0.011421531157684267,0.014880548119707331,-0.00039697282727152927,0.0049725194084307206,-0.014168408156387115,-0.047013955883011826
2019-03-18,0.017591787960280113,0.0,0.01128722371711335,0.041902537947593535,0.021012422442741072,0.010121718249416602,0.005988296068568361,0.016025904354419224,0.013795646004050779,0.0036990967989080333,0.003464897810339802,0.016936529765559972
2019-03-19,-0.005717182163402719,0.007949973958731623,-0.004560637148688468,-0.0229393883755328,-0.006689645717212662,-0.005048000225341564,-0.003644881922745691,-0.0018184366385145586,-0.002713926711346876,-0.00013057007992675946,0.0046012672204139736,0.034512054130501305
2019-03-20,-0.034658008201820516,-0.027524615378127962,-0.020473240190340934,-0.030288315018987,-0.03439552642314503,0.007060170710473097,-0.021579825656548965,-0.021155231133030344,0.008717690728256532,-0.002948696740769673,-0.03068797567629018,0.02548368150826399
2019-03-21,-0.016191594946355727,-0.027108486749742394,-0.006083712580163741,-0.04067972702508715,0.001336910093762094,-0.012133888734548197,-0.015912328444735818,0.0023211431682525186,0.0070096120928502354,0.010794015494689354,0.0007885864095473657,-0.02033474086100378
2019-03-22,-0.04240532483948631,-0.024184902985846,-0.046929990473923315,-0.02644383659598876,-0.029307836687626005,-0.019517593085342233,-0.030698480360097515,-0.03323787102488544,-0.027419922872010585,-0.019156827134273257,-0.03285552714143321,0.1898742425997099
2019-03-25,-0.006313769809863583,-0.004907926131272653,-0.010716531001560817,-0.004884048450030361,-0.002384492411406552,-0.002077161470756891,-0.008354783049487838,-0.011329790058403358,0.00045840922787923654,-0.000839372833310059,-0.01435915847450175,-0.00914359439404098
2019-03-26,0.013690821782113316,-0.0012309020923547372,0.014644657473302545,0.01337402123790809,0.011498171223048553,0.0072502976768292985,0.009957149947376615,0.015157548839281668,0.014249030577784996,0.007157052947934055,-0.0024824347975263873,-0.10651785833545223
2019-03-27,-0.006636610155915584,0.013455846347940188,-0.008036246451666862,0.021506289977617648,-0.0034672277827317195,-0.00933102187605254,-0.003408580122227965,-0.01225264968497193,-0.0070992939524394776,-0.00465514327659887,-0.016708810179582992,0.03151446280094769
2019-03-28,0.011037304140113158,-0.025847354861881444,0.020373885038107612,-0.032435239230382475,0.006033443987679439,0.012422149636008527,0.011283852370096556,0.013445650268658202,0.0037825152979485024,0.0035830547152617266,0.006298516077351454,-0.04869111284137581
2019-03-29,0.009468630476252581,-0.002497149364524431,0.003864793764955659,-0.008583736292381969,0.004227943295308844,0.004107088168312902,0.005150176906427868,0.006418840211947315,-0.0015111637024754305,0.006711706043324668,0.010410294102231465,-0.05118389757783938
2019-04-01,0.033853207541465445,0.03801819977794797,0.033815603590600235,0.05160115751439254,0.02443982627881888,0.009178966624854295,0.03313054180817598,0.031030096680451147,0.013072115306611887,0.011502195518044496,0.03380486599772732,-0.02287081786766748
2019-04-02,0.011496298331627547,0.00958101105169308,0.0009321924058440053,-0.005865223243782218,0.0038554094066230674,0.0040525697343999165,0.004766948930875838,0.00389750039283885,-0.006890647603904783,1.7455554858152623e-05,-0.006428319711457056,-0.002989536078286712
2019-04-03,-0.001039758824759407,0.023558072341621356,0.009885467728846591,0.010532582201225353,0.01686952562093507,0.0010105551293767322,0.001995302360174682,0.015441017007525265,-0.009666230062127431,0.002146072420089187,0.014406017055899934,0.028046127725448067
2019-04-04,0.010691519920356924,-0.0034984337888024418,0.011613876939934969,-0.010532582201225339,0.006797526233978539,0.008048409011419805,0.009614118541197104,0.012316900975025932,0.008312704716386829,0.0020824652429942735,-0.0019884182247375593,-0.011713153623697148
2019-04-05,-0.002404414230679063,-0.01293380387569228,-0.0041103239498418865,-0.01780461968151242,0.0007413094760855305,0.011952496670628436,-0.002370993302879035,-0.0006683549500753845,0.017456601455455984,0.004625717623099122,-0.004388659099550196,-0.05759168882457858
2019-04-08,0.003090362244826969,-0.0011842604741657682,0.007901282800510421,-0.0035992440236161877,0.0007904840171190155,-0.0009910510602905553,0.003223392075423067,0.0017801015059370061,0.004427272431124529,0.0010469117505236662,0.007171395656274197,0.027694124540959833
2019-04-09,-0.009645422086584237,-0.007134237205901134,-0.01325527581819679,-0.009661912173685231,-0.009524982726919401,-0.006961350748087566,-0.007410452687957194,-0.016136365688462034,-0.012297358559874207,-0.0060859764356695385,-0.007971337715533195,0.0801593859831212
2019-04-10,0.00621119912871674,0.007134237205901193,0.00489596634749991,-0.003647445634527534,0.011694694035476223,0.011904755235150062,0.00447180360645316,0.004283744062848425,0.003720195504266887,0.003471837754499924,-0.0088425311189164,-0.07109588864326666
2019-04-11,0.0,0.009434201562674596,0.005934810784395088,0.021687616482660065,-0.0007392056807151691,-0.009910951956126835,0.008413382459267527,0.007842980453997804,0.0007422112407659894,3.8122340342693696e-05,0.010841282934193926,-0.021277377629752393
2019-04-12,0.03714148202849904,0.017452448004328897,0.02265170000110642,0.02588372295819264,0.024400669540372663,-0.0019938032790232873,0.045813521422963514,0.041322006682256704,0.0026676087555679833,0.0065875783895457275,0.022117803468336108,-0.08074701678942574
2019-04-15,-0.010998349897100256,0.008041370564792205,-0.0005935880232848681,0.003478288581013727,-0.038901281227006604,0.006961350748087688,-0.01148533289832807,-0.013150793897698148,-0.005938040290904598,-0.0006295672443571088,-0.002738108339795138,0.025484278185115075
2019-04-16,0.001339434110570519,0.0011434969114634116,0.028240731492298183,0.02627221075383466,0.00960819033773529,-0.000991102559252156,0.010496035178085792,0.020193702979549324,0.006530202204408088,0.0005092283251399622,0.015160653633533593,-0.011428645997378716
2019-04-17,0.005007820882712585,0.012492982237978466,0.014893869011456652,0.0067417058109798126,0.029581710650317825,0.004948088215664397,0.02839605343305571,0.026030263360277108,-0.0013321638194363282,-0.0022764008207388597,0.0,0.033901556895573656
2019-04-18,0.0,-0.0124929822379784,-0.009713216394824224,-0.01693998096560494,-0.009618054034573305,-0.0029659345961217426,-0.007376475345238529,-0.014821264473822341,-0.004751471831522058,0.0015778468242496745,-0.012422545293738466,-0.04131816698510587
2019-04-22,0.0006658535689348688,-0.0057307431919312295,-0.008359453502646226,-0.003422668918611396,-0.0063823594744396505,0.0,0.001233170456316809,-0.005483023799532997,0.020913930225645562,0.0010115058169329091,0.011650606432454828,0.026929405400460925
2019-04-23,0.0006651113734423919,-0.012724275712667517,0.0015908385871537816,-0.024292796407471104,-0.0022507351958517426,0.008871236025795617,0.0012313287835538946,0.0012677775931544512,-0.0016045260604223358,0.008802351174995391,-0.00775196964062084,-0.011336181674183099
2019-04-24,-0.0016640955145168143,-0.009356821445450345,-0.00536114469796251,-0.004694876781652071,-0.017792352523938727,-0.004918882599023564,-0.0016715895766806735,0.0006334853853713225,-0.017673620174424677,-0.0021941686030362366,-0.018853605893753712,0.06768913821054837
2019-04-25,0.0019968217936981976,-0.028607303534386775,-0.0014540197429906102,-0.01780461968151242,0.004279013064318869,-0.003952353426771965,0.0005283381778118743,-0.0019012629785255656,-0.003125115352530843,-0.0003690417402728576,0.004746783247624326,0.008336513247703608
2019-04-26,0.008935866248596686,0.008428605772545181,0.011284912963633655,-0.019347578296716017,0.008306904935885838,0.0019780262409870926,0.0075412093043466895,0.012607794937486858,-0.013052504382610897,0.004674350323304823,-0.011510270063609237,-0.04003617582235681
2019-04-29,0.0137436677830959,0.0236979314271903,0.021631927697327566,0.015748334273099882,0.01873265160443523,0.0,0.014311154444558027,0.01811610751906117,-0.0009065815147164045,0.0010709485042338864,0.012299261617918743,0.02941389497788062
2019-04-30,-0.006193766411192943,0.0023391539912993664,-0.004657165698618769,-0.004819385020335015,-0.004844475544687584,0.003944866785567227,-0.0006028957524106225,-0.004342828616326911,-0.0007558242328319167,0.0009509646987914453,-0.01070374936876828,0.0007625032055570149
2019-05-01,-0.010519635322899904,-0.009389908753309204,-0.010522021046278016,-0.01582508625645504,-0.0057958707354557855,-0.003944866785567258,-0.0076983867519559,-0.014193683502608682,-0.02016890889204236,-0.00753044585029134,0.0007967550417920271,0.12048941886424806
2019-05-02,0.007899898601299069,0.007050754762009782,0.005701419890565945,0.008552341704262771,0.0012691495586690707,-0.004952783779895707,0.0021684140636031583,0.0050325425876904025,-0.017594628559910473,-0.0021262446486827887,0.016196335907224562,-0.02601105650991488
2019-05-03,0.006861575598791752,0.008163142352572003,0.010812255633622522,0.0,0.01226679474374665,0.014785873583940685,0.0061328684407632155,0.005215370029684756,0.009225206855210555,0.00959212747891747,-0.008262941797533533,-0.1137171244316781
2019-05-06,-0.007845665924176909,-0.01403521950086219,-0.00368569336454751,-0.013472368842935128,-0.005266548811065794,-0.015779256298332947,-0.008909524472644035,-0.007309177592027602,0.0009332764732377194,-0.004481013189072523,-0.012323709748302656,0.18206250470341528
2019-05-07,-0.018215284150239267,-0.025045942933687643,-0.03247732169242465,-0.036413158311921455,-0.018579688670513805,0.005946166494288125,-0.016470053595612592,-0.02118279058597227,-0.008745810491238156,-0.016649488088905522,-0.021019385923572016,0.2241792955691415
2019-05-08,-0.004019059618810931,-0.0024185690620036684,0.0008797686100492375,0.006373345243430433,-0.008325605024325038,-0.0039601798605298395,-0.005313933008687955,-0.0038608561357434505,0.0,-0.0016067153894199682,0.013793386171706098,0.004132233417370653
2019-05-09,-0.003024552202586183,-0.006071591169605559,-0.00868605639128104,-0.011501527304114141,0.0033783985541561493,-0.00796824335361957,-0.0007996126728959833,-0.0017207436249814915,0.0,-0.0030259986619282898,-0.01012363159662216,-0.015584691381073544
2019-05-10,-0.004385306882476257,0.008490160231609239,0.003984467828294938,0.011501527304114093,0.0020807855200772464,0.00796824335361971,-8.86858877386608e-05,-0.002371082213381418,0.004694792100688472,0.003713394069918638,-0.0008143703561471115,-0.17460269550868968
2019-05-13,-0.0460050685532849,-0.03690462549674574,-0.053233084751486234,-0.029660387127107446,-0.03566963632697199,-0.028170874009054322,-0.027574370221402838,-0.04773350846401561,-0.017323074006926113,-0.024426469138497504,-0.02057683850794089,0.2477752443001041
2019-05-14,0.013012393048866092,0.016159262873542295,0.013576303520984316,0.005221980105800882,0.006696545545213279,0.011161867471671865,0.007917589919596655,-0.0038550176149184535,0.012157530973867138,0.007983987523216093,0.0058043029074489935,-0.12916138539869315
2019-05-15,-0.011597227089908593,0.00614644826105379,-0.005994091354730749,-0.0013029407762540548,0.0006110467360257877,0.0020161221866634893,-0.003814755482435602,-0.0025028109248239148,0.005165543033059153,0.005821994327723055,-0.016673984895291784,-0.0939820963042524
2019-05-16,0.010548774157518412,0.004889999622880382,0.016966655707511737,-0.0013047112360261022,0.013854723032498992,0.008024085456802638,0.012748296406971157,0.00861884924954788,0.005449504064399152,0.008855957116499086,0.010869681987842793,-0.07251840466721576
2019-05-17,-0.006668174202804983,-0.02219561120538939,-0.013888502405418142,-0.010498715184465171,-0.00862388380713191,-0.01307208568214422,-0.00486307989575707,-0.009074385623772037,-0.010144296165087507,-0.005854437174043804,-0.005002129761490803,0.04288657696574975
2019-05-20,0.0,-0.010025250318998988,-0.001691885773905192,-0.019987335068034007,-0.0009625744763429733,-0.0030409923502216925,0.0052225063954445625,-0.00022805939157924732,0.0004703662036935155,-0.006772257975405369,0.009565472383480728,0.021692789476915577
2019-05-21,0.010159560804501068,0.006277483952411147,0.017094974755782495,0.012040290070938466,0.009435990370653069,0.013111533875196379,0.003406850428302681,0.011783698477798973,0.01153559420495601,0.008459949093190606,0.004130624983389296,-0.08706709681022891
2019-05-22,-0.006995637141911011,-0.03308187864790818,-0.02172360775415114,-0.024227243611318047,-0.018194630309533694,0.005993898141273519,-0.008177883543789066,-0.020483126732353182,-0.015620590356744117,-0.0028283923638994365,-0.013696097366869905,-0.013468204292681689
2019-05-23,-0.025957008720012536,-0.01959566079741243,-0.011823642065745224,-0.015099910690714997,-0.018323541024480906,-0.019105432016470095,-0.019867703432610774,-0.018098131132258985,-0.03410754326783222,-0.01198569224128196,-0.04137928178131488,0.13725327590134673
2019-05-24,0.015016528013210826,0.006574566381337737,0.007639101293678837,0.010219185433402292,0.005350853696675032,0.005063124863776678,0.009800966825389069,0.005836650263113449,0.0037393861050809257,0.0013526437720373175,0.01212130798637407,-0.06532683429639556
2019-05-28,-0.00998581443985576,-0.007894761766426008,-0.009361991801611763,-0.02253608276913655,-0.018617811435849743,0.014042307152693358,-0.010906386932663218,-0.018560939162091967,-0.010440486860644145,-0.008410950000260244,-0.024391451857619022,0.09903135653868825
2019-05-29,-0.005391008961133001,0.010512611224475605,-0.001254672239725647,-0.014347491079999504,-0.0028674256057336684,-0.007999804755232712,-0.0027681871441963247,0.0004745588769239067,-0.006416101567046938,-0.00693591016723137,-0.014209753658094801,0.02259981060608287
2019-05-30,-0.021490368391729346,-0.014483448781249797,-0.0015708978506432407,-0.001446059264614588,-0.0036225887944094813,0.00799980475523269,-0.010776702390029832,-0.008569435776093693,-0.012789693097162517,0.002096272674997037,-0.004033195170668356,-0.03409423413236527
2019-05-31,-0.020834164468481613,-0.009327230112050352,-0.023219944510084488,-0.02046853278987211,-0.02638983962468619,-0.004992451692304342,-0.010327872508773688,-0.027631503181161893,-0.017708730906060198,-0.013283205250452958,-0.03891543409270487,0.07835163395029686
2019-06-03,0.003002751646230945,0.008000105946328091,0.007374268496549985,-0.005925960533005429,0.0038283538409390793,0.015889261630104953,0.004707910485731108,0.0009824697889893239,0.012681124719271495,-0.002769070654307939,-0.028891362836531435,0.007985218214052996
2019-06-04,0.04542929846996402,0.03778944731198333,0.050909842748867895,0.04928532642150988,0.03586848720994133,0.011753274608500293,0.030344479564969058,0.04206860077235864,0.01715686207287159,0.021205927081077776,0.01809566899405147,-0.10559627078371787
2019-06-05,-0.0003582302593688335,-0.014166428502504078,-0.0015189690081013174,-0.021444773834017668,-0.007612449240161226,-0.0019494129205929215,0.003547607092715269,-0.0011777752853772785,-0.011126986781312947,0.008128726978813691,0.0018858792148889613,-0.05324906829612693
2019-06-06,0.004313421123705055,-0.007812445862507313,0.010434803344427963,-0.024873261445182673,0.00724353396365862,-0.0019531185555411717,0.0021769357495468587,0.008915904726191609,0.018367489950769797,0.006116840676004416,0.0004709988051621829,-0.009993827408434465
2019-06-07,-0.012633018579383658,0.0013062419383062314,-0.01180399754323593,0.0014804682241760703,0.0,0.017442340288570012,-0.011023536186455943,-0.0025724002143263326,0.004580291721127248,0.010442979247260026,-0.019011960528913335,0.022960917927357844
2019-06-10,0.01942485712781859,0.005208360752720556,0.021535378370204628,0.01904817271768138,0.022453187388590062,0.0,0.010751522251010304,0.01372273418070521,0.002933494038967507,0.004649220074765499,0.027917487004555434,-0.0223334139693071
2019-06-11,0.0060379814800835254,0.0012978431714805493,0.011259099455548668,0.012977793397865988,0.003137521255960713,0.003835181631958121,0.003076675788637484,0.008739229335333212,0.0019511182507313382,-0.0003499414579512858,-0.0014007859248723548,0.003131865494494718
2019-06-12,-0.010322063152301275,-0.017004861701894615,-0.01588860421785591,-0.014430230739029225,-0.02343298930607023,-0.005758151676238012,-0.012821243327451519,-0.024337524122825423,-0.014231335043955129,-0.002039657827237423,-0.006093297896441775,-0.005015679772797037
2019-06-13,-0.0003579233600406888,0.0,0.004033417068683684,-0.0014545499842468427,0.006445549381047139,0.010531561663297223,0.002467790502645049,0.007713136197939726,0.011629110172869479,0.004089010502850191,-0.0170701214003004,-0.0056728897100014174
2019-06-14,0.0035728436018115524,-0.007947204241188763,0.005945161654499466,-0.011713199302802433,0.0010962153041066257,-0.007648191082449425,0.0025531670549963498,-0.0030311418639303264,-0.0065349163067066045,-0.0016128117861529605,0.000955953722039804,-0.03473017678633634
2019-06-17,-0.003930574798817983,-0.0026630855457705103,-0.014027896035679709,0.0044085433696793115,-0.004340018263356934,-0.005040900389591464,-0.005478668445710598,-0.007266317174664391,0.008324609625502877,0.0009313154323528439,-0.0033500723595438755,0.004570732621987078
2019-06-18,0.02440422427508251,0.01324530559551748,0.021410287407367785,0.037414394460739735,0.02151405960147942,0.017341605962538583,0.013550049733734767,0.01933668447460392,0.013722039700823271,0.009670489592970687,-0.012542385095587716,-0.013114992108796132
2019-06-19,-0.010537669382316659,0.006557400030828969,-0.0057537081144157995,0.012631784599728453,0.0033793256902341414,0.0028611879103683352,-0.007252034293288784,-0.004625256572830196,-0.0011229774040273934,0.0029807167930238428,-0.015162872559885333,-0.05564527025984878
2019-06-20,-0.0017669270141524604,0.0,0.007517478271179642,0.0,0.00030651355183662795,0.014184708619314406,0.002543998729453294,0.007390413497534114,0.021909220051590895,0.00942760533587314,-0.013896063084599713,0.028887846269819783
2019-06-21,-0.005320147584929325,-0.014483448781249797,-0.0019108738138652376,0.0013936585505260606,0.0012257517402118395,-0.0037632062393790026,-0.00682955079824697,0.0027569949536439035,0.0072002834633095375,-0.0012600162797279978,0.032934975081038584,0.04312440186299271
2019-06-24,-0.004990903606350188,-0.00265617129932621,-0.008273105331519622,-0.011204558349622659,0.007879441630672347,0.0,-0.007152902372849049,-0.011771473190496172,-0.009008320452675874,-0.0017333884605870258,-0.022989601340347856,-0.009132443793701085
2019-06-25,-0.007894180700131643,-0.010695241134814551,-0.012990078418746645,0.0028129497880826923,-0.007267355792169983,-0.010421502379935535,-0.008316965970049712,-0.009565149425188935,-0.007969781232641355,-0.009541775640387554,-0.01344974262509366,0.06470236189651536
2019-06-26,0.005389276653743131,0.013351412434140689,0.010167488632317073,0.034509937829796306,0.004833985384408922,0.001902986336476872,0.006659148099856379,0.007706151028012552,0.015245647604518641,-0.0012346956788039985,0.027209230862367616,-0.004309123483222575
2019-06-27,0.0106912439011559,0.009240878737854286,0.013740467705173207,0.022804473618687853,0.011656997445940032,0.008518516043458541,0.003312891928408284,0.011563519005895624,-0.007434990014517773,0.0038158857925908473,-0.02170776352175157,-0.024353336219410073
2019-06-28,0.027619350602269145,0.0,0.027212317458975614,0.0118657686933218,0.026145361952226685,0.0028237801755287223,0.026832774843731665,0.007331260525162583,0.011524488155458128,0.005740941840599626,-0.0024969372763501614,-0.04790558552847331
2019-07-01,0.014378787194731573,0.009156422244041439,0.01008771757293962,0.001309692140880548,0.010985196412049928,0.007490426938683487,0.01667596709843534,0.0031901233359603667,0.0009414098348993875,0.007643018610953927,0.016857077681642095,-0.07003544129329606
2019-07-02,-0.009219586250073348,0.002600750490380766,-0.004250110464370778,-0.006565961448952485,-0.004263115612080017,0.002794748921651979,0.0010552706497262735,-0.002734179744591746,-0.016124198552994826,0.002923847276988696,-0.028929683529975575,-0.08378369984131953
2019-07-03,-0.0034365594475184594,0.006472669144521638,0.005803795085220665,0.02857331918250811,0.00029121554862893075,0.00925931031819185,-0.0015942715531809782,0.0036438078465062507,0.003975867520916528,0.007643095660684157,-0.011707948697633122,-0.028237218061863478
2019-07-05,0.007202710235798727,0.011545851644528902,0.00773302588242664,0.027779579955832003,0.008986815666328711,0.0,0.0059207215227369756,0.004988747271039785,0.0014278046282079112,-0.0018075342045486649,0.047497128660732794,0.054946125616645816
2019-07-08,-0.0020525194596431144,-0.005114962305513439,-0.003788847647762598,-0.06296239852358985,-0.010395360156695666,-0.0009219105074355533,-0.0054776581649825535,-0.016419759234076917,0.0014256056222896108,-0.004847173010123794,-0.006859496433124115,0.049936976126120906
2019-07-09,0.0051238783646448405,-0.006430889339015487,0.006027230686181159,-0.035091282046916916,0.009769976474060738,0.0,0.004243610761362658,0.006645618855916889,0.0007907269987093722,0.0012357930584538906,0.009784804977470682,0.009269236673287863
2019-07-10,-0.011307297898980318,0.0038633709946642738,-0.006027230686181232,0.01634918654403105,-0.008701148474966613,0.0009219105074356687,-0.0029157586071032896,-0.010792925525996996,0.012729242500829569,0.004500546936082614,0.003402291439806769,-0.07821096609673715
2019-07-11,0.011647953035201436,0.01657147338511596,0.0067254554066432165,0.010752752213732794,0.02578477391081431,-0.0018452454828554866,0.009510388036520889,0.01988815923018033,0.0020277996695768157,0.002282619578948549,0.02822468004348953,-0.007704154257454149
2019-07-12,0.003060837291515197,-0.005069734270324324,0.0022318938265185276,0.025083828025041832,0.012180351029845108,-0.004627489056347184,0.01046228237604356,0.015497434499563237,0.004198767764904181,0.004609534302066538,-0.006625646349432297,-0.04266049303519823
2019-07-15,-0.007840601865938386,-0.008934220770440501,-0.0008366366943250528,0.012953518944218409,-0.011092526855335296,-0.0027865757789892523,-0.012216340889116401,-0.00985454466310669,-0.009041362974848125,0.00017585372838413283,-0.006669838503307665,0.023136249725853965
2019-07-16,-0.00790240873344244,0.0,-0.005453140612698212,0.025414403953262957,0.01845039833664486,-0.0009305868249988417,0.010654133744793322,0.0,-0.010705173959171962,-0.003409584555010327,0.014238480454884192,0.014095719035954694
2019-07-17,0.006875041111361548,-0.011605715312056644,-0.0070351070281760904,-0.011356689898547611,-0.010353763678493888,0.0037171626039880805,-0.009864558591180322,-0.014966169360555415,-0.011461746798353222,-0.006552665466093182,-0.029167675645633714,0.08279050027079138
2019-07-18,0.009886119601248628,0.011605715312056768,0.013603563051130207,0.006325150915265858,0.005703211905237926,0.006472734539202727,0.005947892900887173,0.014966169360555321,0.0001602831358363696,0.0035755977088190827,-0.011222367448361081,-0.03200276993667353
2019-07-19,-0.002717450058952553,-0.003853676691357735,-0.012192685269803038,-0.026838684807012816,-0.004672447293852135,-0.0036935189745242814,-0.009903302289310724,-0.0009006156642034181,0.004631399538769384,-0.006195889464844692,0.00489476746420748,0.06578497891215394
2019-07-22,0.005765544081492442,0.0064143898818052915,0.00267552783903444,0.010309468873227578,0.0022455094579221816,0.002771608467088657,0.006408869947667941,0.0024750069075783775,0.004610130335598063,0.002824701686250326,-0.0024444472416434273,-0.06578497891215396
2019-07-23,0.02273577152368387,0.011443241850317233,0.012299079628595723,0.019048116541182495,0.025057300526696295,-0.007407678172527396,0.018124568279238744,0.013392876376463912,0.002692549080854128,0.00682414513927642,0.015059745356129323,-0.07041929969604431
2019-07-24,0.01378877443558411,0.008810674205105203,0.014069112511389953,-0.0037806671249515406,0.011779049462799875,0.0018568541407603845,0.004031242149248363,0.008829790026536924,0.004261809383349279,0.004677192813475714,-0.011639282899229986,-0.0437671129249845
2019-07-25,-0.010817857513783058,-0.01897589944507228,-0.0224383394571992,-0.0025285211101337183,-0.00927576789392557,-0.005581324700641097,-0.009632812907941005,-0.013942512983269104,-0.01140521832071657,-0.005276296483599537,0.01163928289923003,0.05402362235279604
2019-07-26,0.014073337670870241,0.005095490969642837,0.010728201460138613,0.003790287627688162,0.009770978529328551,0.0018641620966530447,0.004398057710228266,0.019203818318785277,-0.0051110141919629495,0.007360535770783042,0.003369537700331592,-0.04659476818873525
2019-07-29,-0.008158218892872776,-0.012787897461798198,-0.005558910369957649,-0.01269049628247076,-0.008226506221187611,0.000930586824998896,-0.00318877099784392,-0.011212658990933376,-0.004011118972388165,-0.0016174219290574364,-0.01257271005607507,0.053634308691343335
2019-07-30,0.012050509381293767,-0.018182333941255843,-0.0006973017524550136,-0.010269628885978465,0.004889762925743938,-0.011225582702068937,-0.0022468481988491113,-0.004690382276668544,0.011191082350271633,-0.0025819853720443708,0.0029154742254111038,0.0829762025497312
2019-07-31,-0.0068217015578253245,-0.019855052680015743,-0.007698997311489127,0.007712075086118923,-0.005752542051300308,0.009363156178866251,0.0035407234124163792,-0.002465129129659566,-0.0031846224205222796,-0.01094520695213996,-0.01959896153809187,0.14529841390935702
2019-08-01,-0.039559631773687196,-0.016172826156524028,-0.04028932182962101,-0.025941661141545197,-0.039520587956342605,0.0018624265232028512,-0.026733417743869666,-0.03726587263325917,-0.022908064645277396,-0.009039527568806017,-0.06490137015954729,0.10306258699448623
2019-08-02,-0.0037371784956653463,0.004067672217258197,-0.003396150336985373,0.03613286251004138,-0.010594723888167453,0.0018587720173559902,-8.878420609044012e-05,-0.019048188729889278,-0.014464352148602186,-0.007309388539565105,-0.020806316619624524,-0.014656418967104897
2019-08-05,-0.04525651687055919,-0.038625358852695475,-0.036603067820747716,-0.030890441051698983,-0.03742077116345592,-0.03688363038365165,-0.030204422954420496,-0.039467946921605254,-0.030254650278272933,-0.030230182169694777,-0.06687728469775593,0.333872905265896
2019-08-06,0.012035461561418537,0.011188877162682274,0.01628273267532556,-0.0026178101912333923,0.02124229057515149,0.01339738628697326,0.00781824369209175,0.01786898003744511,-0.0011952889376382883,0.012933023911166613,0.0023027923405497786,-0.19814350668471745
2019-08-07,-0.018824872608186813,-0.002785567219350739,-0.016896827497691017,-0.021192908819415168,-0.0013113728229716334,0.025341471507886473,-0.02197285169016344,-0.01614125084446548,-0.007545566564111076,0.0007665823338588767,-0.03213828910322158,-0.03429485397274899
2019-08-08,0.017416588829886004,-0.0007119698598098916,0.024265868548970233,0.025116989345183787,0.00610565374942664,0.018366054035923857,0.016797937990858523,0.017353542186699256,0.028342772919991214,0.018588462466865085,0.018824053398671853,-0.141996347888958
2019-08-09,-0.0017635035470285898,-0.011461423996476193,-0.01039255335527245,-0.017116922865600896,-0.0004834128316594311,-0.004560058421321287,-0.0010928413016060208,0.00555721875548161,-0.011105237851438634,-0.006638593133657111,0.010434881379007981,0.06079850869785085
2019-08-12,-0.02465722636829167,-0.020379148651741383,-0.02778596414526104,-0.08015340021195323,-0.026346632668730316,-0.008260684724974763,-0.018950372545353835,-0.027853789025402812,-0.011915209883824092,-0.012393809115915354,-0.05634452440348654,0.16009533914095592
2019-08-13,0.0028899941994377015,0.0,0.009142537489767377,0.03672732555707197,0.012770193767758729,0.010087298639294239,0.015298585059768433,0.008142954727913893,0.00920395802917889,0.015018346267301863,0.02470742693831939,-0.18545589008945726
2019-08-14,-0.04803246104665672,-0.02682735048338672,-0.054195839691408815,-0.07485514746062619,-0.042791829087498595,-0.025879751993996097,-0.04240834795767856,-0.03399503554486143,-0.03998084999629709,-0.02973035245453567,-0.060736222665848084,0.23223451414847213
2019-08-15,-0.006455604821862678,-0.004542025202687256,-0.0014667346857492943,-0.038085368690735595,0.0031653785562661867,-0.00563353666804979,0.0038092502849451006,-0.005865328515497461,-0.006199830844905826,0.0024612366981802422,-0.03344358388959996,-0.042520271202843185
2019-08-16,0.029281422789578113,0.022506682023232596,0.03461876269761084,0.07477330123855844,0.016380792538676203,0.014953255483549133,0.0236722345641508,0.021256203389552197,0.013062705577825174,0.014323058172245003,0.006518921526674645,-0.1369095975470489
2019-08-19,0.008839530072583097,0.008862693662841347,0.012990328389372365,0.01572588891007142,0.013844027641068124,0.011987559385255602,0.008964244022944783,0.010708558893688205,0.02185700997460664,0.012033175564397505,0.03762000121237608,-0.09001831758469704
2019-08-20,-0.020374545718303654,-0.016308808378164633,-0.013935843984360834,-0.011412502058465591,-0.01104004301588422,0.0,-0.012777902376656934,-0.011710279677921804,-0.00844321451800505,-0.007946215312115467,-0.023426243564313096,0.036071441479277
2019-08-21,0.00782842157741623,0.0029851375292456322,-0.002684165958589323,0.00572256950288686,0.003494381914215844,0.01455875350729872,0.0027918526761684655,0.0010017207842336234,0.00638232201631261,0.008212979557352937,0.010197687076935318,-0.10219092882472047
2019-08-22,0.00960836975106395,0.011852056822157274,0.010380700320809988,0.02256794542223164,0.008633156043684751,-0.010899216896215366,0.01026192831061918,0.00822869691702397,-0.004480618765656497,-0.00050620295927854,0.02070986599162457,0.05420046312176289
2019-08-23,-0.02683714342737086,-0.016332847751106556,-0.03114814814670483,-0.02829051492511855,-0.03121029371823527,-0.024030905255352536,-0.025147859410198814,-0.02361957179107884,-0.03408046918760956,-0.02628888112283785,-0.052274499009604486,0.17500068357341925
2019-08-26,0.011643328315097698,0.0014956533997034212,0.012352583311799824,0.014245373460526194,0.01743109967197485,0.019454055576727317,0.007985329479271054,0.020883919605277683,0.004279812974699702,0.01092311273079789,0.011064193700854983,-0.0280702858114059
2019-08-27,-0.011643328315097751,-0.004494393145635952,-0.01704479782580887,0.008450779191011887,-0.007945161590784499,-0.0073664669928993065,-0.010629787705988703,-0.009255587445247005,-0.006247232041790028,-0.0032083218005562386,-0.03624775621492008,0.04997253630846539
2019-08-28,0.014253874452961118,-0.006024148959586337,0.011288453218482325,0.0041986102584663475,0.011794553903677436,0.0009237097315327658,0.009974689860278727,0.01471896841605623,0.0142225024725448,0.006524151530562512,-0.016238549565062585,-0.048420910107000954
2019-08-29,0.01771897571703135,0.009022888705518773,0.02439533335857177,0.008344997225455477,0.021212293085620334,0.006442757261366653,0.022406410107730923,0.022285653397755352,0.014545025960379035,0.012607482441094399,0.033537731815849986,-0.07900971638161233
2019-08-30,0.006564693692227749,-0.006006322146159871,0.007017458136138123,0.004146601764687518,0.002307852131882258,-0.0027559507827902016,0.00584258693160525,0.004832186938807128,0.0,0.0006425807598767749,-0.006618151367957693,0.059703046255193064
2019-09-03,-0.016862618876098474,-0.0030165665593588167,-0.01455741641469902,0.006872899373567706,-0.02452466242880953,0.006419123729253689,-0.01190396596569435,-0.012124419457265279,-0.004883217484415037,-0.0069230093326854165,-0.02691958044789222,0.03520033789411415
2019-09-04,0.01613535108539591,0.010518542105222163,0.013469336649071082,0.0243583717997205,0.013776021326732474,0.014519213758836913,0.011994899223069039,0.013087882233749633,0.013889063650849217,0.010783725278421427,-0.004786313134998973,-0.12614700763258888
2019-09-05,0.02922801878944895,0.022173960649611503,0.031544446931053974,0.044451756391797985,0.026030374848492552,0.0,0.022499087048225844,0.02238202857115392,0.012337524488341137,0.01292591292175976,0.07013459689690452,-0.06311614995870446
2019-09-06,-0.01396625182453442,0.004376377598381736,-0.005592897472826122,0.003828988666345882,0.0007724281894943527,-0.00904963364965921,0.002133821675894587,-0.006852054822680532,0.005265460215397589,0.0009101908043767861,-0.009630960387242324,-0.08127274826417982
2019-09-09,0.03194042603749519,0.013015292598186814,0.041858131579369455,0.03504736361551491,0.02275919820790971,-0.002731050520928842,0.02447348202525309,0.021809102934371098,0.019792444572078734,-9.401467889992668e-05,0.04540504259059061,0.017839948106305046
2019-09-10,0.024837431923812246,0.049063889308903194,0.0027584877214770196,0.020694652839649608,0.017071652581780523,-0.00640170253471244,0.01265792393225686,0.010843141923523309,0.011723023562123203,0.0003222524259310153,0.04814410028061543,-0.004594733904630838
2019-09-11,0.0037408277553310693,0.006816716705981189,-0.0011605010538164207,-0.001205549208758773,0.005411606853931591,0.013667806829188132,0.002734361947418619,0.008226853361564472,0.0009845032314648944,0.0072036723263872,0.018049990807502796,-0.03958921304043829
2019-09-12,0.0071029125352788085,0.0,0.005788601679848421,0.0036121046664222864,0.008908468701985422,-0.004535053773546845,0.006125075194256432,0.008610909523268076,-0.00625130747104836,0.0028750162782333164,0.0329200940247321,-0.027056759109954115
2019-09-13,0.01671177175035859,0.054210087600968564,0.015606215191860123,0.015504297597061555,0.005289080266178663,0.001816565442208512,0.019485122486811342,0.018775890534738358,0.00788979831677146,-0.0007246768769660504,0.06065745893967669,-0.03433817301735544
2019-09-16,-0.0013267002731955952,-0.020807034109094576,-0.007987234602189317,-0.02638050739014417,-0.012262125626554097,0.005429793454598917,-0.008939530573273667,-0.009120531500079878,0.033011888254267,-0.0031405129163559896,-0.033122705798452876,0.06549332721943166
2019-09-17,-0.006326012427861233,-0.01723026292529275,-0.005024699255625696,-0.004872002166927238,-0.0060492234246203,0.010771931406842192,-0.004963451169491824,-0.012140504579083866,-0.0140377364373608,0.0025784253724619854,-0.015877653391551953,-0.015802492950216622
2019-09-18,0.0020020031159588177,-0.016172790566581226,0.008741017817831296,-0.016000257606136846,0.005404525601633914,0.0,0.009986039980971919,0.0033873248282228277,-0.0048307852191312416,0.00034263328426719085,-0.014452737690662123,-0.03452260981072709
2019-09-19,-0.006018148179737378,0.01081073855153253,-0.00514929416853725,0.0012397976313132221,-0.008559045507701262,0.016822138144689518,-0.0031780501790742506,-0.007693960388656401,-0.0025860260698554035,1.9974521929475905e-05,-0.006741578625737971,0.007142914760565355
2019-09-20,-0.007742882787263384,0.008032178010249141,-0.005464538967904444,-0.009962686315691355,-0.006946822382194079,-0.0008783655398394099,-0.0040288295443809035,-0.007983074150819414,0.0008160147617504318,-0.004907599104880387,-0.010768057103371628,0.08653673503716518
2019-09-23,-0.0023683545758516524,-0.013422819340374358,0.0028797083032142596,-0.025349908520490582,-0.0013107427298134791,-0.003521197810239836,-0.00016844429618785646,-0.0025218626586590042,0.0003262529032670753,-9.694061782751375e-05,-0.02714579121915577,-0.027127025849637575
2019-09-24,-0.01984305271840677,-0.020478705341855107,-0.024009948563270506,-0.02732767328051005,-0.02711414067738421,-0.009747532964858387,-0.013124063597781309,-0.02369453460538597,-0.01595038728200642,-0.00845198896355148,-0.043680264465306276,0.1341180404396254
2019-09-25,0.01065458659710177,0.001378468836267202,0.02156264976140967,0.0,0.01091504331390368,-0.005356980556086776,0.005694248750750942,0.011685330043558208,0.0016561887445172012,0.0061396852419639035,0.05763400776955531,-0.06606456457051894
2019-09-26,-0.004111003801794989,0.006863422578199438,-0.0038991938213891637,-0.02133413585975896,-0.008654931337266396,-0.008993038058115492,-0.008254285546010074,-0.009806389789489032,-0.013159215550427063,-0.002431871009613191,-0.027511276440306362,0.006868566347193799
2019-09-27,0.007524053010082237,0.008174358226571945,0.005051395475299439,0.018692118420140062,0.003595442728072899,-0.02191882383620739,0.005878471578410919,0.005148738959218232,-0.0001674821353447601,-0.005330534579128577,-0.005952393036455742,0.069117298365682
2019-09-30,-0.006151687389062216,-0.004078786626287741,-0.005485563855353417,-0.007968122965350299,-0.008361656448512259,0.006442757261366653,-0.0002546293495610293,-0.003976463650115857,-0.007237117490924992,0.005034910215248393,0.0,-0.05859413848487701
2019-10-01,-0.02534422094169256,-0.01095899417848379,-0.01355413909551212,-0.03390150768776532,-0.022151440236020455,-0.003676259680704755,-0.01835088420553219,-0.030698175208124494,-0.023414034670413576,-0.012334126945412846,-0.018680807689895256,0.13353137794357536
2019-10-02,-0.021322772836430727,-0.02935223128339122,-0.028124763683479454,-0.00831024768036366,-0.02214871124742959,-0.01671370545250836,-0.020105519278777993,-0.028184655195787337,-0.02486122195824012,-0.01806540418764383,-0.02963185757848109,0.10233871602800096
2019-10-03,-0.0010782872402114521,-0.0028409685733605467,0.006618425851653362,-0.005578905494677284,-0.005107796692550288,0.011173419117682661,-0.0014251770109901254,0.0004967043240036112,0.010755578475972223,0.007940304773866787,-0.03831882812293855,-0.07261246309518456
2019-10-04,0.019936821058778465,0.011315518611553202,0.02194649983452967,0.0055789054946773515,0.017888217039613616,0.022884352844718913,0.021428533302004334,0.013081990422287306,0.006293731818007661,0.014116785239259274,-0.013766213898811967,-0.11517137638691566
2019-10-07,-0.00211738524187215,-0.007057086693661795,-0.00044016200270352655,-0.01400587185287294,-0.0019939760373627394,-0.005444575461403315,-0.0021835748578257715,-0.002455126893797559,-0.008927870960413462,-0.00448835227368152,0.02477309745315172,0.04700003449327339
2019-10-08,-0.024313047368210237,-0.008534907914617907,-0.026013919981372424,-0.024269642740402216,-0.015235463999456966,-0.008223231367784896,-0.022548369320836998,-0.021367521499535996,-0.01720361998764264,-0.01568315955210993,-0.010356100885327284,0.12707160295866954
2019-10-09,0.009366066077690013,0.0028529593029764867,0.015392763435074355,0.0028860135218856677,-0.002638255330539948,0.007312787376036829,0.007217650242495992,0.01545030009586772,0.009082180654076037,0.009063296514845923,0.03327245306532507,-0.0843254360679794
2019-10-10,0.019880278394090182,0.054067260886170414,0.01749396235624387,0.027009539503144015,0.015225471239800767,0.0009104439917480432,0.013930731097793067,0.014971228274229248,0.012507824290965601,0.0063952024117826045,0.04250717295937656,-0.059116891683396046
2019-10-11,0.01603908864374583,0.07786030189013814,0.021338663649864968,0.045244094649909396,0.023780639605381255,0.004539264836556888,0.016757599420474386,0.021210776870435027,0.013390354883808672,0.010879579673789056,0.055145925705625515,-0.12020484928417947
2019-10-14,0.007924438098040434,-0.015094562958688527,0.001995397670286646,0.011992255117242194,0.005554222906526829,-0.00362974314870055,0.0026652370812304516,0.007602960730414757,-0.0005181675144719782,-0.0013880816732189801,-0.010903943970988279,-0.06702343628406271
2019-10-15,0.02004472716166131,0.05666532371174309,0.01385578828045086,0.03000872362236531,0.0031046395802117343,-0.010969145942293868,0.029696746470635565,0.006605241153875165,0.004139249237354127,0.009906445376489171,0.021690340570870277,-0.07331633459484893
2019-10-16,0.014691493624441464,0.0,-0.024447452220077305,0.007682450858493177,0.004638918459393912,-0.0046063643747140896,-0.002337020098757463,0.006094903182785955,-0.014039718528563967,-0.002001544553193733,-0.013072082453035094,0.010286669835800254
2019-10-17,0.002978839310514571,0.0035864483767497107,0.0014381957820989956,0.007623880485440892,-0.0046389184593938594,0.006442757261366653,0.005582763727183817,0.015076102741622624,0.0006979986826445907,0.002759021969775287,0.0051354998718098,0.008008754536357411
2019-10-18,0.0029696993277295936,0.01186235867126008,0.0020093066101971877,0.00252852111013383,0.0002905262247345692,0.004576849678625242,0.001743262025267141,0.005051474420660052,-0.005246545986687337,-0.003927045709799847,-0.00570777269353771,0.032813217675726924
2019-10-21,0.021835606799622098,0.004706124744082829,0.029249613369608168,0.020000593615268226,0.013132470107653246,0.011802262273823335,0.024498518890807675,0.029785462701029015,0.017727392715442006,0.006848114105333746,0.025432326277146405,-0.017699577099400975
2019-10-22,0.005785937893548766,-0.011806543195171633,0.0034755865017757287,-0.021264021395153335,0.0016712392038417492,-0.01454589554531308,0.009986424009506424,0.008853909667447547,0.012836965713464816,-0.003575049258376838,-0.013483377428117784,0.03232888975346327
2019-10-23,0.007026397572316399,0.012979587527445404,0.005397425936046532,0.010062941078644852,0.008172622534090459,-0.0027508011070073754,0.0026409647465912077,0.011611376375014748,0.008298976673932895,0.002843103345830729,-0.005103534223830063,-0.03161484268277305
2019-10-24,-0.0019115087403089959,-0.007058995697462334,-0.0020723953775728453,-0.011328034408893415,-0.001278554598205771,0.0009175846998716197,-0.0007197426357877223,-0.0032726743214451823,-0.004225850235014687,0.0019186046591713529,0.003971686774947189,-0.021645880329306155
2019-10-25,0.011414415454192023,0.025642269168177505,0.011961444678392563,0.008821826610969932,0.014955159758594426,-0.006442757261366647,0.00796631501148909,0.013242465312580142,0.00809733241686558,0.004064429510656049,0.019624945121865287,-0.08046831133882362
2019-10-28,0.0037759647375476464,0.0022992356237456105,0.005723300000023899,0.009987561762353986,0.016297604333588393,0.004606364374714085,0.003801491914802414,0.010084557176456304,-0.0057285563856255325,0.0055658199161177,0.028463905828185185,0.03571808656993594
2019-10-29,0.00719748051690175,0.003438199052568523,-0.006817244530181837,-0.008733772638809827,-0.0005054601261949492,-0.002761118891858703,-0.0006325792680545283,-0.00021338086492858158,0.004047369030401823,-0.0008327519564807664,-0.009761469197404742,0.006841543554959068
2019-10-30,-0.014131221496493821,-0.0045871897958436126,-0.0016432293978917436,-0.08087837573409433,-0.008443936775534412,-0.017666710048857896,-0.005551898978462101,-0.0047441952869017095,-0.020573802014590477,0.0032480894008573105,-0.020369578445039376,-0.06818150415412907
2019-10-31,-0.011130486599865543,-0.008078481232334525,-0.015328364587947601,-0.015058435485261298,-0.011323765073384902,0.0,-0.006463267779735874,-0.004549988935476309,-0.004304335442742544,-0.0030274386345390905,-0.06135486295712176,0.06969554363380569
2019-11-01,0.01680715621384525,0.00462437922992783,0.03430289037704597,0.01912617780023389,0.01861836999570734,0.0037452006993874696,0.022792876373006032,0.02741683084213806,0.02251902688226149,0.009615930559647514,0.021644635428008617,-0.07213157673711974
2019-11-04,0.01869192986155148,0.0034541020024066566,0.01758582566718879,0.035884285881297905,0.011343359642164381,-0.005622976829056765,0.007949538779829884,0.03120042656000781,0.03203861189225545,0.0036972458053124275,0.033013793608995805,0.04218689479574681
2019-11-05,0.012879802655521175,-0.001150244880470459,-0.004267333698249481,-0.006548691792877782,-0.005609783703166779,-0.0009404068417336497,0.0021713841861796235,-0.001639813728389619,0.0013063644764919687,-0.0011864027118206639,0.043818642648923455,0.02082608664591415
2019-11-06,-0.0009143933454811587,-0.009248606477943525,-0.005494476873852599,0.005242421458342468,-0.0010068147701286431,-0.005660598846632325,0.001547927251631291,-0.003904965159659601,-0.020605818524054093,0.0007022505922896238,-0.02826277510286593,-0.03732941128208352
2019-11-07,0.013329359122726692,0.004635029227946062,0.018505871862644116,0.01427665922731942,0.022051531474842668,-0.001893485724393013,0.0053992320326158244,0.0020570258539617187,0.014878859330755227,0.002726375244280665,0.05991095540480055,0.008678528565025828
2019-11-08,0.0009022913999937924,-0.015142740552991146,0.004080467831373863,-0.01689446941855267,-0.0017030895024235753,0.0037840774981278058,0.0029186015954886144,0.010019780724429233,-0.004111280251985418,0.002557403145115828,0.0036278710643771433,-0.053238366784260596
2019-11-11,-0.002408055873207856,0.031198256320551933,-0.00685472102047793,-0.002624611267109126,-0.01755949395808894,0.010333390743688095,-0.0035341932420058612,-0.0012217384227884258,-0.00561780938722389,-0.0019643954133371925,0.005159965344645327,0.050091238833960224
2019-11-12,-0.002716331248877311,0.0011370328609059247,-0.007035188344131341,0.00262461126710912,0.006280580283365189,-0.008446757004585423,-0.005866853806525401,-0.001631027789986995,-0.005149769691546023,0.0015634233012630327,-0.01765358406392121,-0.0007882755830038876
2019-11-13,-0.00910726340063522,-0.010279735754723572,-0.015572765915837195,-0.046957050740238857,-0.004957398042568563,-0.0009427742438722495,-0.005278952267718898,-0.012731029477102926,-0.004340099473373487,0.0007112815701162954,-0.020641131809450097,0.024923384384966617
2019-11-14,-0.0027484113076288626,0.0022932887468976107,-0.0009476795086581143,-0.009661866254474502,0.0005012666485309314,0.008454496799712044,0.0009339048970310942,0.00453603095779547,-0.002679880329495055,0.0008366926144567594,-0.029852934173189547,0.0038387909228639093
2019-11-15,0.007008917271485791,0.005711020101722147,0.007555451341430245,0.013774290092605324,0.0037300596614350348,0.00559723348002414,0.007205531713206368,0.007786849089375236,0.007685848541037676,0.007666028777973181,0.010413869911063666,-0.07972347261911736
2019-11-18,0.0009103727950194614,0.0011383940451978622,0.0,0.005457055687108447,-0.0023638638129763133,-0.00746973521746113,0.008379627372137297,0.0008161323418689872,-0.012224947868228345,0.0005030263228096366,-0.014278124590982324,0.03345884065557855
2019-11-19,-0.000606778130691425,-0.0011383940451978939,0.005629249903014025,0.0,0.0014099330772572548,0.0018725017374369604,-0.0003061144144693594,0.006100320662219451,-0.014938136338751306,-0.0005927700996925261,-0.012242754633400807,0.031598175691663004
2019-11-20,-0.007618607001788808,-0.017231780824229322,-0.012237021735786325,-0.006825912567195879,-0.009727171649681924,-0.009398356294942458,-0.0073018191331608575,-0.004673549029672997,0.010039825263208969,-0.0037632564209410676,-0.02724344278409991,-0.006240264057409244
2019-11-21,0.004578098765061544,0.0023146591018665063,-0.00013507100749608094,0.010899250007454125,0.0014672742947420604,0.0018866337391025517,0.0023116540222540946,-0.00530939340000291,0.01629068342277865,-0.0015840060861895076,0.019373779742097696,0.027018268975576847
2019-11-22,0.01030000225805474,0.005763822130468145,0.013040107000414757,-0.002713713895760736,0.0093500067028976,-0.0009427742438722495,0.006597172072014693,0.008359856687812818,-0.0033371658332477434,0.002172573942375937,0.0011280844162642927,-0.06205366618814352
2019-11-25,0.008702199008103357,0.013698854457752466,0.010760833611563731,0.002713713895760723,0.011150404606220347,0.018692006360908727,0.005337679376692023,0.01431324801039381,0.0010025671286730397,0.0074792518874672075,-0.005652920741047222,-0.03883183186216162
2019-11-26,-0.003591810323626686,-0.0034071608206596806,-0.0029113672105466827,-0.012270056136351931,-0.0013475017809488914,0.0036971237295838257,0.0013680456787116936,-0.011069986519912155,-0.009226074191663406,0.0021931636449402277,-0.013698871855808125,-0.028194941206063983
2019-11-27,0.002096718190389381,0.018038658794686552,0.0034395921920132152,0.00955634224059116,0.002245225470607461,0.012832209661983727,0.0029574430139801024,0.007460258341803026,0.002524546183960858,0.0041657356252997445,0.01539805196225419,0.01803398281584462
2019-11-29,-0.0029965734943965786,-0.015765884448404006,-0.007955285649135157,-0.020590969324211405,-0.0015800719955645789,0.002728660889402714,-0.0022743958916045365,-0.006044638223105979,-0.010136998673411305,-0.004019286229989053,0.005080486787890282,0.07142960745468059
2019-12-02,0.0032959170249068637,-0.00912218849320244,-0.008019462065431063,-0.002777713841413552,-0.01690273227241456,0.0,-0.002203366319283473,-0.008116839919028907,0.0,-0.008668483693963605,0.03322561604133329,0.16674927049786895
2019-12-03,-0.01780645266343112,-0.010362659537483604,-0.016097561134019094,-0.018246248601788487,-0.025124654882194456,0.0072397075383592874,-0.012937946009184865,-0.01996159913118426,-0.015055790537246587,-0.006660225258045148,-0.0716808743876239,0.06805347586910651
2019-12-04,0.009395400431852129,0.0057701351668403905,0.012198743394549325,0.015460649307123198,0.01728295954028361,0.006292090070405709,0.019533670426564672,0.015059700753221675,0.014886088452537433,0.006303657608769993,0.041266615370300096,-0.07545840075426388
2019-12-05,0.0036330091857061835,0.010303544472365382,0.006445263169171719,0.0013936585505260606,0.005541814697046248,-0.003590550962682535,0.005425873708190256,0.004698276442706066,-0.004766877567185722,0.0014991269266302707,0.00894362144723226,-0.019100152734486845
2019-12-06,0.017376110327046758,0.013574946177960106,0.014616415147988011,0.005555586659815372,0.03382317417627118,0.008952781435928982,0.01477094622600183,0.014767051295812768,0.0189322414428776,0.009094246030426013,0.02473330604631219,-0.06398774860412379
2019-12-09,-0.004763258405228552,0.008948590443239722,-0.0063518219307553084,-0.0013859320742625962,-0.012544446662949205,-0.004466371714494882,-0.004676259413867035,-0.004024199189256997,-0.0011725060147340551,-0.003167833684474369,-0.007082574651968088,0.15226090224066827
2019-12-10,0.0005964518380786743,-0.005583469781299094,0.005955711569030618,-0.002777713841413552,0.00031562192753271196,-0.007187948829157297,0.0006692621139264635,0.0014103867816707128,0.00200948705442516,-0.0010975361689841293,0.0021845713582385193,-0.011414160174614975
2019-12-11,0.0032754878299323525,0.004469306322448524,-0.0030398930052186143,0.009688538477567557,-0.0031146465756648734,0.014324323386713987,-0.002382220440871436,-0.0044390129518857005,-0.0016746632035115035,0.0029039375293507703,-0.023738340139788094,-0.04500273753946485
2019-12-12,0.03044723815790182,0.012188568370950937,0.019660022934736822,0.04181329132157717,0.02173417212868181,0.007086081591113361,0.028216703577678158,0.024766579392455284,0.018266813923589195,0.008538667375555057,0.05805806878317278,-0.07262092161478878
2019-12-13,-0.006944365777894037,0.07016684976015015,-0.008602797141457362,-0.01196031094549279,-0.004655914552888792,0.004403255182514856,-0.00880523398142311,-0.008917329901573026,-0.00759816518870933,7.25791502146863e-05,-0.04198676464298336,-0.09868742980731063
2019-12-16,0.007520955689861321,0.04024681333490093,0.0067842570152457,0.027688003913343896,0.013420647969766265,0.020326543899319618,0.00386632310287553,0.009509012842237766,0.01334126863274544,0.007122360942542787,0.03934754677763133,-0.03956913151179382
2019-12-17,0.0097507455282532,-0.03308557231013174,0.010733929289382514,0.015484157943567264,0.013545726922633084,0.004327095278783037,0.006097525032336657,0.003542492914944979,0.0006541066281515812,0.0003352360284609262,-0.0015868301436951459,0.01228010656239552
2019-12-18,0.00199550435233804,-0.0123079770052764,0.0023127537262660246,-0.0077120750861189484,-0.0030328461369171747,-0.0017285385448890652,-0.0010136975742532236,-0.004726391058321468,0.0037535819614418265,-0.0004323936405227425,0.018358745815374233,0.023322324733553054
2019-12-19,-0.004567388249740756,-0.013506422956560125,0.003587005378129755,0.017903276454615234,-0.002215442744456946,0.0017285385448891576,-0.005011007793054839,0.003940344827919232,-0.00032594109115732426,0.004449378821864254,-0.00835079610354509,-0.006379600899337652
2019-12-20,0.00028601448184389374,-0.0308045323867868,0.003956488746385863,-0.015326016256147044,-0.004402310683947237,0.004308628982423132,-0.0008011104399473548,-0.003348129625207481,0.009546875402101127,0.004932595804334098,0.004705923890042925,0.0007996984664742051
2019-12-23,0.005988929650364037,0.003230896569094163,0.003179091189549409,-0.012953518944218404,0.0006987847700005027,0.006855107949187004,-0.0002918735319336599,0.0005916829406647036,0.01021508957077338,0.0008657687142985109,0.009345803992945064,0.00796177997586865
2019-12-24,0.0014208229649524712,0.008565599360275228,-0.0021608510260758716,-0.006540334986751479,0.0035728816881037103,0.002558576584114449,0.002766111476497239,-0.0005916829406646156,-0.0004841128465435989,-0.00019546730246814044,-0.013004072327617121,0.004746877604070856
2019-12-26,0.008481870276533235,0.00425541115160208,0.015654950372565406,0.005235699469953321,0.005638726977885667,0.005945053779251191,0.010555957505530763,0.00825151100909181,-0.0003228449078584361,0.005115062410053991,-0.002621231022660009,-0.0015798153368500416
2019-12-27,-0.0047978257731500955,0.003179530244706711,-0.0020063139800857175,0.0,-0.002381850486014426,-0.003392832093833949,0.0007189959332694679,-0.00039155654507716444,-0.004206578345503353,3.3984139657930306e-05,-0.016406834679928855,0.05983384824076555
2019-12-30,-0.005673686938177926,-0.0031795302447065964,-0.0020099893391487492,0.007802334623985025,-0.003735285637883028,-0.005110798269531618,-0.00367204157429113,-0.0025477308826433506,-0.003160824063762511,-0.005797596079349905,0.011143669588983085,0.09848656601719821
2019-12-31,0.0019896424347948596,0.010559662667532785,0.0047674860335823206,0.007742065835390751,0.0005655071929812356,0.003410186952078393,0.005538924421755595,0.0031349631394073604,0.0056790841640960606,0.002941690644190719,0.012585403962228058,-0.07275935306826817
2020-01-02,0.01185450217536885,0.0248975061267605,0.01663439743988109,0.06830705672292692,0.018912719962880794,0.01520298290369191,0.01205039026956874,0.017836861039597002,0.008953808725555344,0.008343895362316707,-0.01946920748376942,-0.09989246510187225
2020-01-03,-0.02098163335557079,-0.025948499578205456,-0.01901547793239885,-0.025533314106682838,-0.011762405534345731,-0.005041994452011697,-0.013284199441434105,-0.0162730122698512,-0.0029757039359113464,-0.007084909364954553,-0.05123735513023501,0.11715913315156223
2020-01-06,-0.0014340499438737567,-0.0021053683463893172,-0.003141537714624973,-0.0074164881790385,0.01018212816922187,-0.0025306927816877663,-0.0007955648396869935,-0.00352215034702918,0.007751337110526432,0.003527145194272564,0.01278150329121701,-0.012199654080916935
2020-01-07,-0.0066217408417055855,0.002105368346389177,-0.008722663853694494,0.02329958179932603,0.006561177645782478,-0.002536852258705383,-0.01714672526947617,-0.0019617819743823705,-0.0026321871875092206,-0.0028071750845948405,0.008796116292956077,-0.004341571137355333
2020-01-08,0.010059418023762956,0.0021006986565124184,0.0075894334051772525,0.03805445686049796,0.009593237012020566,0.008431668948426256,0.007770802601116332,0.012684128833365992,-0.016608894245259215,0.004890473485641129,0.02539986947862029,-0.024964597172115213
2020-01-09,0.0017137547087929014,-0.0021006986565124796,0.009031391562771463,0.00465666168151857,0.020151930608609838,0.0016778705439784239,0.003644837775855102,0.009457048579905392,0.007341904710528553,0.006633214116906491,-0.008574496930833885,-0.07005555970406599
2020-01-10,-0.008312696081198149,-0.010571075101709803,-0.010418636290977626,-0.010507946514573404,-0.002021437502968308,0.0016749739690665741,-0.010018120194021325,0.0028769175022272707,-0.005668423415952886,-0.0028592624875049015,-0.01792064878689015,0.001593662286273741
2020-01-13,0.009169229721388112,0.0010624058856221854,0.017511709968853904,-0.004705904868061011,0.012722625149220713,0.01495043337119696,0.008270025404638833,0.010858398328931223,0.0003343275960891325,0.006951994045933256,0.012523986891965676,-0.01929326111441286
2020-01-14,0.00738838163534617,-0.006390052195596326,0.015502231626530655,0.011723436082091957,0.001833530830999167,0.008210145930037814,0.011594476027895283,0.0015146138848503693,0.0001669986861259528,-0.0015156808368957204,-0.01636702685585002,0.005665790016104042
2020-01-15,-0.018574581262647175,-0.013986210170430061,-0.008213684287761158,-0.020012436421257565,-0.0018335308309991708,0.0016340887939855716,-0.015099005553250553,0.0015121491693255566,-0.007379997173060604,0.0018684502436879626,-0.01663930338118474,0.0024183592974461473
2020-01-16,0.0014410441399373968,0.003244939076303631,-0.002958529435566657,0.015339454555310881,0.018225363438781547,0.00813004588787166,0.003869044402622747,0.06401895323217445,0.0016817944180565392,0.008331747422232019,0.011676545030639494,-0.008084149313550209
2020-01-17,-0.00028805548077692164,-0.015234106365428178,0.0014807097538507997,-0.014151159884054671,-0.0010415603066596976,0.011272216803736293,0.006897600415962501,0.01878076942165435,-0.006406786583182712,0.003854723247485144,0.014815058650713895,-0.018018449205493302
2020-01-21,-0.0130494571215055,-0.008810808567200953,-0.015153806095055953,-0.0179751813643437,-0.015187465502973872,-0.004815222515940169,-0.00988934393744071,-0.028036648176482812,-0.018092264718670238,-0.002655500369585384,-0.03717482813135154,0.06013835689846975
2020-01-22,0.0029145597280100933,0.013187207343072932,0.00249999581625047,0.015597051744979409,0.005479617615867987,-0.00322332704849702,-0.0011699932782832775,-0.0010736658709615068,-0.009692097951287146,0.00028903429668107475,0.0,0.004658352011606169
2020-01-23,-0.007009332042253689,-0.015401962710625054,-0.0037522819246296334,0.018868665262680707,-0.005968189205621728,0.002418323937440211,-0.0010246708182371249,-0.0059249022255827765,-0.003833496632743848,0.001140326193358241,-0.01652932666012623,0.005407482969901856
2020-01-24,-0.017144833678350957,-0.002219801867054754,-0.017444673537509198,0.0011673597257088188,-0.015015452680880512,0.0008050031110567978,-0.025141464401577735,-0.01780593430468684,-0.011589287130531414,-0.009083289426193788,-0.03449626768479955,0.11486839557927134
2020-01-27,-0.020787023980308426,-0.017937537748828357,-0.02204689078373686,-0.003506735484970472,-0.01574848512843961,-0.02360703403914355,-0.008446968772024962,-0.02675233909866309,-0.028120256617530856,-0.015855752356844034,-0.046265082556753746,0.22479049199174436
2020-01-28,0.011802310240473738,0.009009119381239822,0.006885113188115231,0.015107767414285595,0.018472797721603262,0.0195764360628437,0.01801423145015585,0.01698900939184563,0.004530971736624603,0.010003383500352516,0.0221820634014308,-0.11313116082847623
2020-01-29,-0.0069435839765347035,-0.0033689650324129493,-0.009887909832716148,0.011468171756975636,-0.010192741011073723,0.004834788275874034,-0.001488546415974068,-0.006313812339685969,-0.010543628651920014,-0.0008672501435846315,-0.02905926286668952,0.006733952764836166
2020-01-30,0.014137880580257892,0.01451718526705625,0.01234509938475139,0.05867753095270334,0.016562034540851877,-0.010505258838353605,0.012290690737904446,0.009146221770738833,0.008008839145046976,0.0031294569302110597,-0.022843641751733163,-0.05647671586379793
2020-01-31,-0.019605610876322427,-0.02469258655455981,-0.033175484389610696,-0.016260685771558314,-0.02648122565508103,-0.015554957487763074,-0.02632020530551289,-0.0294139918770618,-0.03167860313173464,-0.01786444357136295,-0.02469260493894074,0.19578763759468787
2020-02-03,0.004255126058427224,-0.004555708083040684,0.009629484367425245,-0.0209834815324492,0.005285660776007656,0.013114997620328571,0.007601791946501728,0.006484892368010315,-0.013185468807537395,0.007228425761232584,0.0,-0.04727861466255202
2020-02-04,0.019523236851771056,0.01247881059992811,0.01807054471041872,0.003342513147511087,0.012184514822930653,0.03363001760777979,0.01429327096996377,0.026638026725552228,0.0035963369541284003,0.014869315917506062,0.05316657927933164,-0.11299486054395456
2020-02-05,0.031906728216335875,0.012325007198208615,0.030256841993219173,0.01325990328569766,0.009707255799145486,0.012519618448450051,0.01685783763194417,0.01779735403574828,0.03690710856573145,0.011187778658972936,0.028292171483372874,-0.0577082952649975
2020-02-06,-0.0011529886591605282,0.011074404912100424,0.0015204723416767114,0.12954437207120734,-0.01020342216037019,0.0031057854346413028,0.00014535632600854193,0.0003634177947119453,-0.010248724250306741,0.003320155057001924,-0.0030367439532992357,-0.012620531679595303
2020-02-07,-0.0017322029012599805,-0.0011019507997159551,-0.003551770992734343,0.0038497696910754697,-0.015922950225727178,-0.01091190802323164,-0.003202664535234225,0.0003634521939126189,-0.007015161321663269,-0.005415491009458352,-0.04097413872644852,0.03352270674978579
2020-02-10,0.002308895255958396,0.0033022161893130077,-0.0026722515830056933,-0.010623020108491418,-0.002692736314940422,0.0031296847636384136,0.004146639832247074,0.0057982513850287016,-0.005014227006757088,0.007299690120573207,-0.019840586129120555,-0.028189365860722355
2020-02-11,0.0023033858627595247,0.013100632162842973,0.007742365371067709,0.019231420903833247,-0.0037990213824478617,0.025454550975885993,0.001885997735484982,0.007738646202082278,0.011108968981023325,0.0016870486860021178,0.027416432961295836,0.009265476085964121
2020-02-12,0.004304718881913815,-0.0010852092185508807,0.003030143427970119,0.03278982282299097,0.00921921949330617,0.021846443520588954,0.0,0.0071454808885716235,0.013351878338486752,0.006441853105203067,0.02484597466831889,-0.09966752193515348
2020-02-13,-0.00028634216438414527,-0.006536167654181976,-0.004168609765102502,0.015546674127862894,-0.0012577735866442926,-0.0052297255203500445,-0.000869923278517926,-0.004460133103590595,-0.0030934065541867637,-0.0016317763599886593,-0.00800744132458045,0.0294033269941184
2020-02-14,-0.0017202208387267315,-0.0076795206797071495,-0.002661871531649633,0.001813339006320714,-0.005342567155841228,-0.000749429401281252,-0.0030508682866056233,-0.0016100971707832712,-0.005299232130807502,0.0018418360984854144,-0.018097170509630032,-0.03377966262767974
2020-02-18,-0.01678286402895356,0.0,-0.015476112469682377,-0.030347149106856687,-0.016458473154173783,0.003741236008385256,-0.013328414797931997,-0.005747224260359118,-0.008278873568486169,-0.0029242139861477136,-0.020356977980286586,0.08071721650269761
2020-02-19,0.013045674072630107,0.0,0.006039989355310644,-0.003741730679921132,0.017512204103562377,0.0544994811069113,0.013546843630151342,0.014128807820416573,0.01321337165163663,0.004694748284284925,0.008957230690396582,-0.03081379075403285
2020-02-20,0.003737189956323344,0.026088201312304462,0.002175508562198648,0.0,-0.019572547718576496,0.007047247864325896,0.0,-0.04652855817841509,-0.0010942833467272493,-0.0038228174279975285,-0.02908125834381935,0.07886518546665965
2020-02-21,-0.014160142830595754,-0.005379042876008652,-0.02301926006107677,-0.04113456702783507,-0.009107524989266777,-0.009171165039925955,-0.01229444482315777,-0.025055378864661783,-0.011934505943313916,-0.010573809232819777,-0.0360519826286519,0.09320463817566582
2020-02-24,-0.04860092467529089,-0.06691450156389764,-0.05250569249439064,-0.060380367546565734,-0.02671761888862856,-0.03607896231885505,-0.027243401860866674,-0.05368588760996539,-0.04727669415785094,-0.03408807942044074,-0.06603521074969636,0.3821669489830182
2020-02-25,-0.051727602573771576,-0.024519701700664222,-0.04368118182706782,-0.03268618902669136,-0.03134913220563951,-0.02756233085943456,-0.04567023571165357,-0.03377652540014499,-0.045156375815335395,-0.030747904375353224,-0.0347282265461834,0.1067578471940069
2020-02-26,-0.014584452209563102,-0.004739302175559954,-0.01816792883603947,0.012779539281710356,-0.00844534408450411,-0.01368841690881565,0.003005226710860051,-0.01658451606899352,-0.03065082703600913,-0.00378569732353003,-0.015151880967518485,-0.010467553303130208
2020-02-27,-0.050211541055917824,-0.033612497467177385,-0.056261519487115046,-0.05101478728739332,-0.04788905565898492,-0.03903689787047133,-0.042504629182317934,-0.039509070349550986,-0.05496170351402161,-0.045168136352261155,-0.008432336756687656,0.3512903869983254
2020-02-28,-0.021864534325811192,-0.01801835079119495,-0.015480001264222559,-0.029380492347093428,-0.018114609793054258,0.0,-0.04430588091233022,-0.008403424837404382,-0.0008829571300875544,-0.008272463109653077,-0.1420355445665583,0.02396988123311851
2020-03-02,0.030069884934639926,-0.024984896617391356,0.06305023141997268,-0.015020546203446625,0.04242059703911985,0.010297067659992502,0.04554092380325366,0.03169320205581304,0.03962820348083693,0.0450108687694132,-0.03521800943091269,-0.18247122662084647
2020-03-03,-0.056738039806192804,-0.053327806433580746,-0.03830366318360358,-0.0538085242832211,-0.0292586827917282,0.007849256705645513,-0.03824680023106538,-0.045782443760485854,-0.03105029396226082,-0.02851048492291458,-0.07439088136831275,0.09688669913855864
2020-03-04,0.02280133049150334,0.01117332883045857,0.03534029931293468,0.007343995756113941,0.02576765921086549,0.03759553880890818,0.024408933387044383,0.01874195310949199,0.02337782218567627,0.041336349360633136,-0.017982509451321543,-0.1406178207099828
2020-03-05,-0.05202119381975146,-0.04400990019734152,-0.059614094763804436,-0.056441343105651444,-0.048840728249588745,-0.010598167405577147,-0.05030568563374851,-0.060361929701233,-0.03727143739286887,-0.034510782439981125,-0.06884885732537017,0.21391066750477977
2020-03-06,-0.040775410646635514,-0.0220112255985081,-0.03542872663063179,-0.02086124409638918,-0.030336117112177735,-0.030914217716975567,-0.053063794900740376,-0.017766669934620973,-0.05782497909163874,-0.01720094365238617,-0.2712590379982701,0.05690597841817737
2020-03-09,-0.15902442005699496,-0.11297249951514975,-0.17639942057174013,-0.13673625097238448,-0.109720116088469,-0.11994400813047552,-0.14555182729992727,-0.10951192623860363,-0.22490969771520716,-0.07901041294037148,-0.34700907406569703,0.2612264777050175
2020-03-10,0.07381456321109818,0.026230982060444198,0.07876909195199044,0.05008409678369228,0.06464323085275303,0.02274820112423065,0.07482624208511678,0.05195944833834617,0.04634595695665299,0.048215052425859106,0.4047968908462232,-0.14095619106651924
2020-03-11,-0.04062783373578858,-0.05146368017526016,-0.0901239161929912,-0.06683997906208074,-0.06998124065312365,-0.06338591310658163,-0.04821428307009919,-0.06890233181657124,-0.05433313892272229,-0.05010289280860541,0.09190131913711817,0.13062022685630376
2020-03-12,-0.10012972987797655,-0.16041682157056508,-0.16047113617187475,-0.16315168099288152,-0.13169615466459036,-0.13709243657376496,-0.08602693510558981,-0.16346066653483848,-0.13323448583404324,-0.09994485240247351,0.03475482781668788,0.33660473624706455
2020-03-13,0.16378587565293704,0.07696102019714716,0.16538120019647307,0.07655897534388774,0.16195116578774787,0.05150470162758656,0.1656205922944013,0.18040355001306344,0.0882831474701194,0.08880840694923595,0.11345487711991947,-0.2662275386386179
2020-03-16,-0.16720451043805168,-0.24656383941547133,-0.2144140509335382,-0.08564162011144048,-0.13588057059108816,-0.12610079093091803,-0.1621057654815605,-0.16960288103296567,-0.14626014181606628,-0.12765219747281742,-0.2672130085804683,0.35759100142604205
2020-03-17,0.07263905020599319,0.007083823208489996,-0.023085290228260693,0.05502707101725208,0.02559765667108034,0.07565262457024245,0.05931893994515557,0.0654269097477538,0.006808928341596421,0.05822631263569171,0.31444972102606444,-0.08555022898742644
2020-03-18,-0.055661033795651974,-0.09366433049618551,-0.0997174484526125,-0.04053411744451966,-0.12504147823349787,-0.10806279639137267,-0.11123207277215667,-0.09427512231062336,-0.15498458764887837,-0.053222272332080246,0.23886687939835644,0.0070884161852661845
2020-03-19,0.01952932493280317,0.015384848584425004,0.08444596971588203,0.05255146563581922,0.06544422533763021,0.023256810025179046,0.01666794297609654,0.005513332050708499,0.06576301956490237,0.004696760970401053,-0.12342695750356128,-0.05997077344066582
2020-03-20,-0.07490673463650142,0.020151866019946552,-0.04067481048007964,-0.01721208856859475,-0.07700908924366331,-0.0011500986230236739,-0.02132764628129749,-0.04126685849830652,0.00971440993803765,-0.04432762405336681,-0.17644069689703823,-0.08640548610090365
2020-03-23,-0.08428841519253842,-0.043318966322803375,-0.07273458829598359,0.013793362582917013,-0.025167799241031415,-0.04230944957750217,-0.05501917766240533,-0.0647406702420286,-0.07059263886103413,-0.02973150100957679,-0.20518218662150486,-0.06976111073872138
2020-03-24,0.151143752971034,0.140667443740948,0.138815118527433,0.1193038721450795,0.12929917469093563,0.1079979585425256,0.11238364973710538,0.17775642900003283,0.14874196129704734,0.08968323251796326,0.06584654897048721,0.001298037135797007
2020-03-25,0.0033233008249652553,0.10513401647268865,0.02908608931390278,0.044583959677435295,0.009911722978966702,0.04837955060827185,0.036638494271021206,0.022914318853399215,0.04608759006590751,0.011468990420822226,0.050189740437426786,0.036303980642873955
2020-03-26,0.07397227661154851,0.051598964082657385,0.09474553807298368,0.015861874459128508,0.06645834210208076,0.03629448638136636,0.06734160910225263,0.049364299696903154,0.05930943385610981,0.06054383107424656,-0.05633603552178771,-0.04722767578178987
2020-03-27,-0.0505522240362462,-0.07009889612754229,-0.04944229416199583,-0.07730452177509999,-0.045977309027169184,-0.0622966250027595,-0.07390427010118582,-0.04877608124073249,-0.07019229786056673,-0.0342678455416263,-0.07952904047397372,0.07178679306634327
2020-03-30,0.02016582162633847,-0.03590672788596519,0.006372239267953559,0.0061634480310169965,0.008051403921460648,0.008394250037316534,0.02567434199624008,0.02411142914474246,0.010184406773903337,0.032966590569974794,-0.11146126341186055,-0.13820683255227567
2020-03-31,-0.03744377000095562,-0.026145100148073506,-0.04548336141358589,-0.013921379723534126,-0.032019418574161365,-0.0020917504829917563,-0.037818185416108895,-0.024405798154578398,0.015256964592022563,-0.016142310788415843,0.040941385279243084,-0.06402476949529684
2020-04-01,-0.07124956314160336,-0.11200506946999372,-0.08960460193881604,-0.07434759911844963,-0.06204478063489737,-0.03842551534086116,-0.06504985177539352,-0.07257044157542991,-0.05082250650731063,-0.04514636273278691,-0.09459413869945982,0.0636743146607622
2020-04-02,0.039668016534908805,-0.009925664341915965,0.018523402716438694,0.010016719283064393,0.03143654919256101,0.008667535900909051,0.036659728219858176,0.06962528513115027,0.0876448957920689,0.022572657056960366,-0.012678484308593597,-0.11404400493580827
2020-04-03,-0.026602232930207498,-0.030382160342276945,-0.04536708346032719,-0.020134789289050926,-0.020211966039027734,-0.007579864780000954,-0.030003429256037033,-0.0014760740873767187,-0.010670474771805896,-0.015252860825944299,-0.06592165861695296,-0.08417617829556022
2020-04-06,0.06569201787345332,0.08379287425250236,0.09242031986496002,0.0782156300928088,0.07409317733942976,0.0652176804201681,0.0623799779878012,0.0892487427602699,0.05161177125923786,0.06796824414483035,0.1411682336835515,-0.03390149827216874
2020-04-07,0.03446253091156047,0.06852001990168434,0.0031565110569627564,0.039943823472677456,0.04805876434640451,0.019163363538261466,0.013103830016444822,-0.0018930871212572374,0.021106339864933106,-0.001604339048362459,0.08503704604030268,0.031762492662577586
2020-04-08,0.057484511063007955,0.008791348703438095,0.07042985327054949,-0.01517476325820135,0.06381565663682622,0.02855930320487104,0.03958559308287576,0.06370921378083788,0.064577685337399,0.033489371191284686,0.037337666621617215,-0.0744375129843867
2020-04-09,0.058389590926603036,0.06563194803413216,0.06875206850102372,0.02267669664419082,0.04042371599196359,0.020183307414458625,0.08591502938673135,0.04251740731589253,-0.00910038509782663,0.014383470303699339,-0.046894093223127306,-0.03952526653493404
2020-04-13,-0.03854527923021594,-0.03333662251580475,-0.015517211492842983,-0.02573949539889058,-0.027956743429815946,-0.007640997666110057,-0.04549170328597617,-0.03719723112901279,-0.0032492417321166927,-0.01015605944467711,0.027065306635279705,-0.012071610186211567
2020-04-14,-0.007974959334351075,-0.006376007974591071,-0.027363416793001704,0.04937434405203367,-0.005316033192642101,0.016167807434865514,-0.027778260452494277,0.007049287535368927,-0.0047450705503577235,0.03011455957230757,0.003997289002597245,-0.08645949447997496
2020-04-15,-0.06709802582546777,-0.0798653074228382,-0.058013566097997654,-0.09487244228045501,0.0016257218209870384,-0.03260121431798745,-0.050577286175180605,-0.037315659774009344,-0.0481064498878404,-0.022276732672369248,-0.1643979884266354,0.0784117002063237
2020-04-16,-0.03531680904448903,-0.0069522258441372265,-0.05614320883827971,-0.0016064309861961504,-0.008324879624922918,-0.0019511406656769286,-0.03885494083908767,-0.0010425376054344437,-0.04367243798217909,0.0057998378395412884,-0.04651998894226281,-0.018036302033797233
2020-04-17,0.08326961385769553,0.05651214019027153,0.11481715874844645,0.050167327969317256,0.03578454524629248,0.026976675507897303,0.08607565121210577,0.018851043422925158,0.10095226507739807,0.026440932021320578,0.07128901505663307,-0.0500998972716128
2020-04-20,-0.03407935490457624,-0.024472806285698805,-0.03219617477315378,-0.03263702907378234,-0.01698384877653195,-0.013397273830286658,-0.03713840254408569,-0.018851043422925068,-0.03172055576104735,-0.018042845615347775,-0.0437569768629685,0.13879275847971348
2020-04-21,-0.03897214874028919,-0.04138521885295904,-0.05703783219076603,-0.040295493083823845,-0.03721349249554986,-0.03529795409134445,-0.029433416152748262,-0.03744935043550927,-0.017791564885934738,-0.031155115236330667,-0.09196117595146638,0.035413785542628626
2020-04-22,0.007366609657040008,0.002344589880714906,0.015988605445691088,0.0016434780455512252,0.012407477796421445,0.024643987833293662,0.0032515334784198728,0.0230080425023574,0.034973881770217284,0.02267130058213675,0.08071612660480516,-0.07853903826147382
2020-04-23,0.0032058051100541224,0.027715274985417038,0.005194935397472128,0.014670146956342148,-0.005298451433715475,0.003887215534133498,0.0005594495926310736,-0.009033109900359592,0.0317674235831348,-0.0005395676601955963,-0.009740404922374669,-0.014395605358408076
2020-04-24,0.01407532545810893,0.006810630708290206,0.014960819092540474,-0.03792707894270169,0.011077509134087329,-0.011707475554657686,0.01465868636218632,0.013255624054284331,0.002313248911362944,0.013822090566839217,-0.02812420279719683,-0.14122508851070348
2020-04-27,0.05653187696762474,0.024582256393764927,0.07721859013790755,0.11722267274260544,0.0362831926830349,0.02136016265759114,0.04220150498655647,0.03468246351988995,0.02143238686357274,0.014606868181735996,0.09592012309834642,-0.07631553053054217
2020-04-28,0.017736899426281937,0.07237190739368882,0.013863817018571712,0.023634848653143067,0.01872932868520414,0.019971954900919818,0.0070558142715399326,0.020645289867004573,0.022642748083554,-0.005256170190483643,-0.07270183594738887,0.008375722812708732
2020-04-29,0.0365771078966144,0.12528379974498893,0.06260388581242075,0.11306793184476321,0.016020067644940756,0.04059612891790298,0.026612971122382652,0.025072828364124482,0.07145902354790382,0.02623670404507307,0.0274875189472403,-0.07225364526404565
2020-04-30,-0.029901896377530178,-0.04255942293992501,-0.03440953661297535,-0.034486208896847406,-0.035403421239863,-0.02749945017313141,-0.021692955738671187,-0.03391027778977162,-0.022379484638791126,-0.009255143319054839,-0.008006440557671829,0.08938347406129576
2020-05-01,-0.04116841846778271,-0.030712663768643136,-0.05409023022183473,-0.035718043476523624,-0.03506400744651612,-0.034991731504565395,-0.02656096829840503,-0.026469170244879034,-0.05824256586063194,-0.028460211014775954,0.031648275134245125,0.0852772403121617
2020-05-04,-0.006520522068747797,-0.02566774234037132,-0.008826085986409486,-0.014084706666640863,-0.006060208562918965,0.0057581357047775065,-0.011974481372787721,-0.008105937523475961,0.03400389873727114,0.0042408225788494016,-0.007818640393100044,-0.033354579366393466
2020-05-05,-0.011844894984765283,0.0059820447024781405,-0.026273170452923707,-0.011412502058465591,0.012813117468008296,0.009524079691559504,-0.0015210550406067184,-0.0028919808335346607,0.0008085500080609798,0.008999935197779802,0.030914332719107377,-0.06786163174739818
2020-05-06,-0.013774815867855254,-0.02008101953940381,-0.02301566970969542,-0.02469261068391279,-0.007769953052463126,0.010372377064535004,-0.018983419540367242,-0.018066281455561942,-0.02647918709774644,-0.007003880399042588,0.07898843887987814,0.015060031421976575
2020-05-07,0.021687237387321215,0.03781550587105794,0.038593606617477384,0.02755802692506154,0.03006595084680025,0.011193978711924749,0.01035978085623134,0.03968455697438969,0.025670637089685307,0.011438955754890805,-0.11936663076719134,-0.08180270677123987
2020-05-08,0.031461250457297724,0.028876009198143936,0.03694337607262576,0.019830736410389575,0.016698087825022287,0.031951753972252916,0.01620367643469579,0.032199582686410336,0.04455743738077436,0.016730795065226244,0.07772379599477552,-0.11659103167062464
2020-05-11,-0.042910122082793566,-0.040664022997279274,-0.04979448662469507,-0.02845142843168542,-0.01210136693533438,0.004482441917525817,-0.029892135644327293,-0.006257097485951154,-0.01769100115883729,0.0001330693667907644,0.0625203993555597,-0.014761738910366265
2020-05-12,-0.03194902774377411,-0.032131363006196074,-0.03981084121350819,-0.002890183857958764,-0.033024527186797416,-0.008082844160583857,-0.03322326808580078,-0.03604238724775772,-0.017741334982254043,-0.020713365772047604,-0.06840278137559257,0.1809907623958621
2020-05-13,-0.046802988078873384,-0.03954694017567638,-0.042200727582622145,-0.04590004550520351,-0.031004606323647117,-0.02835135172919475,-0.035079080106840174,-0.037930519683536244,-0.046481833003730474,-0.017616996624280044,-0.043714548750222335,0.06559722017571892
2020-05-14,0.03946044788974745,0.010559651025906022,0.03532922826028731,0.009049782556486795,0.01530704294201755,0.007393733743258951,0.04069323934223122,0.02192605270908498,0.011132978590156753,0.01145891780407149,-0.047327398618414035,-0.07869718802023445
2020-05-15,-0.012514701940832434,-0.01055965102590594,-0.0033342668026134343,-0.0335909655033417,-0.014900004520531435,-0.006466509965374267,-0.01868338512720605,-0.013848438891803223,-0.0038827402308620313,0.003918675203723029,0.033362852814997235,-0.02232654663523826
2020-05-18,0.06718761496452748,0.09318463201871795,0.08567857093579155,0.1017828407417025,0.05660910870356341,0.05499370134527511,0.05161338845940391,0.07712982881273922,0.07852410808801935,0.031015208770073424,0.15057290454479197,-0.0847049718985565
2020-05-19,-0.03190337440884068,-0.03143685243675386,-0.027526550946180537,-0.009866287033542934,-0.022519303936739746,-0.00439556776791741,-0.019875663835193912,-0.02386742369992728,-0.02839845457738916,-0.010539747711599283,-0.04536859319870389,0.041122339253499486
2020-05-20,0.03103076296905294,0.03143685243675391,0.02313799461761024,0.061790453167099274,0.020096993164510777,0.01660160256034363,0.029557707805823286,0.04304676162189703,0.03912928550261018,0.0165139906134157,-0.044579656659444473,-0.08686253388754123
2020-05-21,-0.0004364955393223536,-0.02150632883684544,-0.010390140899573116,-0.02017552139968574,-0.007412556413010428,-0.006084394101153203,-0.012782358764766766,-0.018682942747877955,-0.01613964600453729,-0.007803968309953686,-0.0044215562021605315,0.053559423658212896
2020-05-22,-0.0105357880056551,-0.0059464725325188185,-0.020202825761893493,-0.005449620947437484,-0.0009444910407337528,-0.012280805307410743,-0.007793648507632583,-0.004227120983267926,-0.00621770888744666,0.002350945686812366,-0.029987226018273076,-0.04750419313706584
2020-05-26,0.06905174363860354,0.07835915361531426,0.0882766620097553,0.11474252977759486,0.08585275861108317,0.03639910430453492,0.06856813030932969,0.08499511144797202,0.02742694071686646,0.01221428502146052,0.06053509610547289,-0.005340928427787403
2020-05-27,0.06767419738693686,0.06923792452078106,0.08149482412907706,0.05566870873328041,0.06706662184985861,0.008474716341982385,0.056305962312812326,0.07004494900075901,0.012812868605265338,0.014718447490314346,-0.02612631388503919,-0.014021419077315479
2020-05-28,-0.044066870420744746,0.011935392296960955,-0.06115092667138264,-0.01977964480359278,-0.041088587286795125,-0.012739248255590354,-0.015008013768811175,-0.05392461020609855,-0.028356518626160072,-0.0021101393249195488,0.036104970450882526,0.03451683330519279
2020-05-29,-0.030218641127434935,-0.04152846343691527,-0.025755954280189484,-0.013010275995558413,-0.01755555944017081,0.018629017708408736,-0.02586749501563992,-0.0045149329337529276,-0.004633096915550935,0.004800793552307952,-0.08430707984378775,-0.03850742841489383
2020-06-01,0.020111203700013142,0.05666745554525579,0.03163746758215802,0.033941273621936205,0.017355621246485195,0.018288145309701978,0.013169368605810599,0.011248476585324298,0.017391567355277984,0.003744216478364391,0.021374857361592083,0.025835642793460324
2020-06-02,0.009302598382263267,-0.006700162113547941,0.02772170758642073,0.023878288735257578,0.02083869372799418,0.008203409250020525,0.0033414701878886907,0.019495792711371456,0.027508758620861298,0.008177307282398658,0.02682725203131304,-0.0504919082613202
2020-06-03,0.04525646719982902,0.05238517282140181,0.048002751931756335,0.03532392418987325,0.031012206784301975,0.011373026812823357,0.05257114844030123,0.028761700404340233,0.028930864344931532,0.01355667081256392,0.11254051972320249,-0.044959964547610816
2020-06-04,0.036893318455774024,-0.006400173813771993,0.042395665208669116,0.028863433027445012,0.019982595642841883,-0.0008082556169391912,0.020597826208308988,0.03724254919654061,0.00023994344223159333,-0.003374389083608904,0.07467100312384628,0.005828639797671805
2020-06-05,0.04847009366974731,0.057693495251678266,0.05607969494090347,0.02085576600018176,0.014327254941984736,0.01762876734973767,0.04401850479489829,0.017105137000035176,0.07164061014611627,0.025874012821635813,0.0975250114498424,-0.05127286330163272
2020-06-08,0.015181212125857484,0.018018507032311535,0.039638889855447196,0.051293343754798215,0.013174426647450917,0.028964828626624563,0.01976218458021284,0.012440182567503512,0.04406392438144005,0.011969656405806002,-0.022372276572006862,0.05127286330163285
2020-06-09,-0.011275706616961817,-0.04411367136897887,-0.028824217357249295,-0.03796660662651783,-0.01234867991947307,-0.01790630889228207,-0.0259847853849236,0.004972510443504248,-0.038282070966243746,-0.007829743419721978,-0.06423691587977315,0.06596622092794538
2020-06-10,-0.059119671489937596,-0.031598330915010985,-0.0631279816809918,-0.004081650716684354,-0.021223385235934047,-0.00551389237265041,-0.04137260508556454,-0.03451783001104317,-0.050476862146632814,-0.005327255735182077,-0.1028171381351805,0.0
2020-06-11,-0.10577845035370617,-0.09949220309086618,-0.14355538913224392,-0.08311481613097778,-0.09520233220825021,-0.06950076285055003,-0.08713127734418624,-0.08841252261501918,-0.09895483419718494,-0.06075269299628893,-0.13582588750347072,0.39170876180778363
2020-06-12,0.03490418209503322,0.04845245653390897,0.07674702973908684,0.042420725318113445,0.038650038671786555,0.022604372177176944,0.026995839030655985,0.03764877309713707,0.024918734042413432,0.012976286605211731,0.06807361870307237,-0.12242115289168394
2020-06-15,0.014820760607439844,-0.0033840824454651228,0.013874372734122164,0.008483526589783274,0.02220175175568727,0.019187808304549994,0.013723271675222921,0.023912529408370672,0.003008973641261626,0.00827786081817526,0.004282691673399148,-0.0479592141463831
2020-06-16,0.025516714520493484,0.0366096726497142,0.027368354088920386,0.008412272683942615,0.01577372374397611,0.01457535467178373,0.007968159193232294,0.024178008292339074,0.02838642989074235,0.018784852866710527,0.07410791757071407,-0.02144942994569364
2020-06-17,-0.03149856630806036,-0.03830621005921853,-0.026990783269444363,-0.022234856010417945,-0.016355469509174308,-0.020301149623292006,-0.025603991045250633,-0.016611857417031032,-0.03466549071951247,-0.0036067962326294138,-0.030895677627268796,-0.005957627095808134
2020-06-18,0.001598825033602703,-0.01195577995457536,0.0007546262998746054,-0.010764513661073193,-0.011462651398464006,0.007355911319858904,-0.0054434239948613185,-0.0037757288215390502,0.012270340753204389,0.0005940434038017573,-0.054673706463168256,-0.01596186863598208
2020-06-19,0.008351371091715774,-0.029644484997299374,-0.0022650606642311607,-0.002166624228593645,-0.010900771365979977,0.0008138545534506424,-0.011486662196758812,-0.013755402024074,-0.015298417581147453,-0.005665513565673728,0.004313480319859158,0.06408305529479859
2020-06-22,-0.0252669275888526,0.012313006228824466,-0.016384610248961155,0.014001118420183938,0.008838335230057108,0.008910606330621195,-0.010896415181988126,0.009542955012462597,0.0046221010494397335,0.006474093296658384,0.009992901667751776,-0.10024827566350966
2020-06-23,0.006881054752840575,0.006968933570071066,0.01695111436553968,0.021164875479900702,0.006663360632574536,0.012024247235484299,0.012122523312327587,0.0107065786799116,0.0010188291466478989,0.004298169191483789,0.007077163686809172,-0.012670413734777106
2020-06-24,-0.0403348003740886,-0.04618947276872612,-0.04125484639829021,-0.046071258987970806,-0.03356841793915953,-0.01606467515499929,-0.0339613204709166,-0.019823462953545312,-0.05708363148540763,-0.0261952655956623,-0.03589757449552613,0.07579149029179619
2020-06-25,0.037507167232238604,0.026907532969830634,0.036142682575019694,0.048163205160585074,0.04483390073360309,-0.0008100648822385632,0.03426756736050757,0.038442088196483544,0.01895152016268206,0.01089982772821816,-0.014727792229791474,-0.04905612361179041
2020-06-26,-0.0656178339568406,-0.04896725523792709,-0.06064830380687763,-0.06140847076445372,-0.09045023102638165,-0.027106218408219068,-0.05637793812524354,-0.03631474272876621,-0.03525209253521871,-0.024525204274831163,-0.05803161959877439,0.07501643794001076
2020-06-29,0.010313627897160116,0.04186236165737735,0.014218715122380203,0.04984772456984204,0.022370874930765457,0.031956711209972635,0.0044183662292062425,0.0040306548759330195,0.01333159880875307,0.01457888811353358,0.0,-0.08876667086055672
2020-06-30,0.015274111342384726,0.008873232505013427,0.015978331505444553,0.006322596525656704,0.021223578324354394,0.009631132810931706,0.011333305776816436,0.022190489474649553,0.02271325212923896,0.015292349435755562,0.02637859679292348,-0.04340820877712465
2020-07-01,-0.02084725280722613,-0.007092195606736631,-0.014786072814642646,-0.02123228240757683,-0.0002529013404891753,0.01269841155763114,-0.00854162209859168,-0.014388847775860684,-0.024606708062220393,0.005009563975870565,0.043452505680568874,-0.06132317048603611
2020-07-02,0.0012890203741640542,0.03152620751112878,0.003964421860277729,0.022282042770029015,-0.000861223812146003,0.014095641358659618,0.003243089340034802,0.0037734491543779496,0.011040858064001017,0.0045309704768169146,-0.019245526256233693,-0.03339566167701841
2020-07-06,0.01576195839601789,0.005159059235562082,0.02770375756431776,0.043127853795825316,0.049224684847092075,0.03814354486817035,0.024939738679978493,0.021323866775886217,0.002941978733578043,0.01575693083216329,0.022173835611307244,0.009349231168656014
2020-07-07,-0.027857263291213043,-0.03136141006441805,-0.03226413108490903,-0.013151468406114033,-0.03934457797875652,-0.0037494757163043365,-0.028615832175225533,-0.02762104180300002,-0.032291664047766726,-0.010877477869643567,-0.050985613720820666,0.051955199671667306
2020-07-08,0.0039039664094401793,0.021016439634733403,0.011067480199434234,0.018164025187023952,0.014392584879042526,0.03252317017076739,0.010559057370574724,0.029462643532798635,-0.0008280590824372931,0.007796986263430269,0.004604798685178159,-0.046956996174339384
2020-07-09,-0.014388908470567636,-0.029905244999148185,-0.028508199119773425,-0.028399341532174563,-0.02716428951970166,-0.012440637291569297,-0.021888307243624894,-0.02904169146681046,-0.05066863856491655,-0.005659591476194623,-0.0763486353378143,0.041163826973734635
2020-07-10,0.053442951567717625,0.07065801524641395,0.06270432641335011,0.03834970185579489,0.04339748630424379,-0.001473951800104608,0.0532249261486843,0.047074862090955474,0.03144035482714407,0.010411809774443004,0.04524195819901768,-0.0697010351459887
2020-07-13,0.007052512774012147,-0.016779030457137953,-0.008583750563993573,-0.037321639715772445,0.0160218991808671,-0.011869491950790663,0.014233165606872255,0.008398269838070275,-0.005360654598306609,-0.009406645216058874,0.010997706245693187,0.16513543438034217
2020-07-14,-0.002069243204279577,0.011774778455911006,-0.040064013349913684,0.02936928799597431,0.024262823223781677,0.02796365109904247,0.0057182001976795105,0.005560276442250232,0.0344766561198685,0.01331730058290395,-0.039845870688558334,-0.08658778740950648
2020-07-15,0.01887655533979436,0.016584146363865137,0.03314376284272825,0.016823696814061647,0.013413761372940177,0.022246952348281605,0.015358691697326485,0.01669148762717169,0.021360561706871006,0.009041056936355048,0.024097528503317263,-0.06147187135554428
2020-07-16,-0.027613983432926703,-0.030052301883258355,-0.007357557845097386,-0.01482967228971804,-0.010334152041407483,-0.007837711959135506,0.0028035553792259923,0.02481140095381911,-0.004558092962639176,-0.0034119152141152374,-0.02898754800390502,0.008608366291577263
2020-07-17,-0.030118661214742014,-0.02054867054834659,-0.024391123057047107,-0.006996551104880862,-0.015302927140425958,0.01631839452121464,-0.01867128109572482,-0.004379081052563722,-0.014073537875243227,0.0028445625875835605,0.02580793606434155,-0.08649201946965146
2020-07-20,0.015384890880250184,0.008613278251385645,-0.0015945781969240052,0.020844384310497004,0.001418230885301312,0.018131549894486173,-0.00879989822018047,-0.010549506864078888,-0.016765155685827315,0.008371797255140334,-0.012820714147111884,-0.04867339787609937
2020-07-21,0.03500339247508359,0.008539626643539407,0.031218927489603088,-0.044183921128632044,0.0014631984874941006,0.004825840136480349,0.02145388128725486,0.00997702658463168,0.05866622215663142,0.0016776293345600682,-0.02119070566845257,0.01541617037865467
2020-07-22,-0.004514795110318374,0.008467509144837402,-0.0013541515649637466,0.009197844484021483,-0.028804471093792545,0.008219289282181418,-0.007269308762345057,-0.02669923877598689,-0.012360580513023965,0.005730630594473862,-0.019967326431558654,-0.021156218658487835
2020-07-23,0.009416817019467935,-0.013582393847551607,0.008097270660457966,-0.021594735581073825,-0.01457159950251794,0.0027247955211195767,0.0029344080938001776,-0.008664689315848354,-0.0018538361731916108,-0.012396378412246847,-0.02209097640352856,0.06986968958345077
2020-07-24,-0.007772559281735405,-0.015504212206347772,-0.007903643660107058,-0.0010399342968206867,-0.007664021305879979,-0.01853809088538339,-0.007097387731627066,-0.007544207576367646,-0.005583104202329137,-0.006209640024276134,0.01195568375708668,-0.009245049313565495
2020-07-27,-0.008661656674873298,-0.01222707045871985,-0.007381401028840454,-0.00626308725412345,0.007664021305879887,0.019897744274027254,-0.014141188724236422,0.02246381799781825,0.001065749058594895,0.007367928821482373,0.03339215135636887,-0.04350232710665229
2020-07-28,0.009072187122232445,0.012227070458719782,-0.0003902523543452517,-0.010526557281927217,-0.006919927964937815,-0.02545738500622254,0.0043252213053885805,-0.020871207372929898,-0.017190639225595095,-0.006494435418646306,-0.047067606372581006,0.027901401751899087
2020-07-29,0.03667531638207525,-0.04437295005071281,0.024088372789408515,-0.0246394366181575,0.0047504009218446675,0.0055596407321952136,0.02396037134971042,0.006544857954888407,0.020646736438084453,0.012351783351742583,-0.0034482349828223397,-0.054110903139523485
2020-07-30,-0.017162563135439814,-0.042638435861777506,-0.031920531434717674,-0.02415053069175472,-0.015170518995832062,0.004839185054086389,-0.02704784018877984,-0.026012309923397092,-0.040070130225409145,-0.0037573017634548516,-0.06788317627289821,0.027017600735182976
2020-07-31,0.0016092030392966825,-0.007604780022075221,-0.00697441181616424,-0.008928538052612617,-0.007899567672082138,-0.006920403133168133,-0.003924437072802815,-0.0014310893063350424,-0.004707152165620785,0.0076412362421762695,-0.009285108731467873,-0.0121903642309584
2020-08-03,0.0044113261603840465,0.02636697089774313,0.0075696943094839,0.03307906874436742,0.007197716329609592,0.02401484367193145,-0.005603314314510427,0.011795610860488272,0.00360150532722181,0.007155362664358673,0.049145483660408974,-0.007386098357863181
2020-08-04,0.000799877644800807,0.014760452920695964,-0.0049735747288678,0.0032484083808806356,0.011221191762482626,0.03005234392493022,-0.005739497298097447,-0.004051735372958673,0.024044830592616973,0.003605423026133557,-0.08911279675380057,-0.02164949034407163
2020-08-05,0.01507976676357826,0.021740091294188985,0.017790532198214037,0.00968272950878623,0.014181872911823726,0.025334223639178036,0.017223706839049148,0.010300267373244229,0.010474188555289152,0.006409160435517922,0.05294241543360783,-0.03294417530814074
2020-08-06,0.0031460118721004494,-0.007194344032577856,-0.002943226360723791,-0.012931137889666855,-0.0013208931606029273,0.0038413298292623624,0.000308526707716397,-0.00645042852485578,-0.008047110775846422,0.006407126020664802,-0.01297510234021617,-0.014899493732264915
2020-08-07,0.024817014102450408,0.0,0.023882553612201127,0.0,0.019490386751096468,0.014589448543494822,0.021768860304432647,0.018036413177665477,0.0013453603138340296,0.0006328292699566697,0.04736762233871468,-0.019617238402179573
2020-08-10,0.017087975449599287,0.00719434403257786,0.014097756666568527,0.021459999368529995,0.005315576142122713,0.003771183249106702,0.01259849864070922,0.0045578366434173645,0.030462064018164103,0.0027384652733919213,0.021127589662099707,-0.003608480544858315
2020-08-11,0.013463076592390086,0.030011038946211977,0.016882862879658813,0.014752681442797826,0.007991584741283985,-0.01644561674574985,0.031109099638483226,0.023447568778450178,-0.0033973886282060123,-0.008001055401377298,0.13657552174947277,0.08236896218281374
2020-08-12,-0.0070827843380389666,-0.001740833413942114,-0.007655422880143717,0.015568380943819566,0.0050569710960182935,0.017072852497359178,-0.008512339849799542,0.011521000576910877,0.00989872018589457,0.013899502293613534,0.01807281756392265,-0.07561363244488703
2020-08-13,-0.014318445666313876,-0.02112735119150051,-0.008659866571058966,-0.016615067855062532,-0.017788194414057858,0.016786193262089518,-0.005552633834493616,-0.0038255179079636084,-0.01963187363610845,-0.002049272676156681,0.06640245830309839,-0.0067553297379267675
2020-08-14,0.004543706609921881,0.005323856682272775,0.0007559439757268317,-0.0031462034963406697,-0.0020173597239071593,-0.007425708645972944,0.000390589070648091,0.0022970492081646416,0.009471370619416976,-0.00017189739627902921,-0.009824681171266114,-0.003621548847649006
2020-08-17,-0.021768795929867513,-0.007104893580549689,-0.028942830829375554,-0.006322596525656687,-0.023842783191182233,0.011732064286150545,-0.026718335832813633,-0.019695633388441335,-0.005777503886989687,0.002706177507423456,-0.03736061366454714,-0.03226080975035776
2020-08-18,-0.014388822868901797,0.00710489358054968,-0.021227429274156797,-0.006362713154108539,-0.008704942566924112,0.003676629120923258,-0.014038356776934298,-0.00704499838851108,-0.012721932372279065,0.0023007404198168474,-0.0207107964422864,0.007466196378288464
2020-08-19,-0.0011758554616884628,0.0035334566360082035,-0.0009938713618530166,0.014783840993287682,0.008458487033244224,0.0036628491164850266,0.0023362370653803935,0.008798761527607425,-0.011536276401930874,-0.004414123345182018,0.008928604213751109,0.04677359530916762
2020-08-20,-0.01581042545227435,-0.008857313318280971,-0.014218557071861562,-0.021187183827599685,-0.005779680228277254,-0.0067258404967212885,-0.012045527029442463,-0.011158226150707485,-0.021822652943731514,0.0031536547683461333,-0.047013992054406414,0.007954014401352488
2020-08-21,-0.004792478194760489,-0.0017810368982769111,-0.005663393085169189,-0.017279099185096555,0.0028691581863625804,-0.0006136377406869794,-0.0005136074184556435,0.005888035481719157,-0.006363300967345461,0.0034351999829724668,-0.006230562476783257,-0.007954014401352563
2020-08-24,0.028026488631079583,0.022908388089777465,0.03507735926714894,0.04369370213401909,0.023965734506409563,0.012202644829184733,0.02776543813108487,0.02454945886999176,0.02710617014734295,0.009993615364903508,0.009331392592630345,-0.007570736211465015
2020-08-25,0.011994576522975661,-0.006993004387768896,0.011488706021921966,0.005200345524549138,-0.00648361296197701,0.02278308219022035,0.004387591489490476,-0.006129030263287867,-0.014146021896848845,0.003589899745540117,0.05423008398104187,-0.01531562103515096
2020-08-26,-0.017067916912546832,0.013937641691573683,-0.01561016114259594,0.017481106276915792,0.005904674029145276,0.0,-0.014129322292782832,-0.006553459442509979,-0.02132151750704211,0.010144001344841499,0.007304627636481688,0.054759805003130275
2020-08-27,0.018989187980409557,0.0,0.016964663192394754,-0.008188510689275143,0.014040761232246709,-0.0029683764687042503,0.032370070904904354,0.017254714173247983,0.00195711835890311,0.0016716460318091384,0.08239133112536919,0.050282852407834186
2020-08-28,0.009551124354034886,0.028987500543139175,0.010769146001043353,0.016310406413371475,-0.011678560785900077,0.022340743569719393,0.00409512209764838,0.0053082007521201785,0.017719148712609975,0.006710002849570254,-0.02305189526650247,-0.06369431781739188
2020-08-31,-0.02152279396815094,-0.022091147358872222,-0.022437999011774536,-0.037079537597954335,-0.007731479494614232,-0.003494736908341618,-0.025425265343968325,-0.011982977624635776,-0.02191785472022606,-0.002197375175508541,-0.05064366804610158,0.13998918895490434
2020-09-01,-0.0011661718942498366,-0.038533290361713976,0.0015636945989265438,-0.001049760362452106,0.0028759480099393576,0.01620416858325955,-0.0004991476478507776,0.006104647960116599,-0.006755002827333626,0.007496831420705943,-0.03077169898374802,-0.011041383993239473
2020-09-02,0.011985639209787928,-0.012578926611971597,0.014542232887529703,-0.007380353785586587,0.022046486608462576,-0.004026153022580274,0.014966223345419988,0.012661725868976723,-0.004812154071355452,0.01524905014386973,-0.03174864967407767,0.01708141174784904
2020-09-03,-0.00699043449784658,-0.0018101517488299363,-0.008699991932756895,-0.01707601407038206,-0.011877235429545196,-0.06426996781786261,-0.0031528585939706575,-0.009433718092118699,-0.007405656200197195,-0.0357575941421853,-0.0455696183591358,0.23474327327010025
2020-09-04,0.03371959950303214,0.028573447455108474,0.019612232342404723,0.04627525940300371,0.016153271751094843,-0.01050346924104593,0.021382234615011226,-0.0007587955587958766,-0.003149365549372629,-0.008166280754275102,0.14769910010174023,-0.08863602730356801
2020-09-08,-0.04075924437907586,-0.05798709572208923,-0.028584401924055328,-0.03344093366060636,-0.04093287232515092,-0.005605949032288023,-0.035395007643045893,-0.04938777889155746,-0.037100617020741126,-0.02814882908646679,-0.05268121917895179,0.022826874276290363
2020-09-09,0.0011769614910821008,0.005581174228998671,0.007028545884598196,0.0010622510783572393,-0.001284823516951742,0.03438041232057202,0.009462850332311453,0.017583970493357366,0.006821656357019352,0.019944760662180386,0.027398964767434284,-0.087994337969611
2020-09-10,-0.014610507150871232,-0.016838382884815324,-0.008793586976562066,-0.007458880948345994,-0.010988859129642285,-0.022582528756231974,-0.010363872044947648,-0.015195181958249128,-0.037342494700464524,-0.017741245925395586,-0.025938062955367054,0.030761128099848593
2020-09-11,0.014218227314806452,-0.009478700270527964,0.0009813653249265396,-0.00967220967875854,0.0045394327538871735,-0.0006174899656561093,0.012344632138355906,0.0011923473326981204,0.0009201390808124917,0.0005329301580873496,-0.023634737423374432,-0.10047320479855545
2020-09-14,0.009756330779910767,0.007590134253400404,-0.057504843906064695,0.008602229148241455,0.0020882192722184653,0.027415543374104446,0.013756713076643333,0.015764235726562898,0.007634812750712245,0.012661335025022992,0.002985038337360565,-0.03869983814901202
2020-09-15,-0.018421110061646685,-0.013320998960426956,-0.07188961717859944,-0.026031799945468927,-0.016728006104543388,0.019048306400868405,-0.03162589075122434,-0.014969888046372094,-0.007328336262927177,0.005205785930499657,0.011852014397003154,-0.010108959576996254
2020-09-16,0.012578639789167264,0.013320998960426895,0.02664450540900458,0.02066408460357749,0.01344476698570769,0.005879058172304008,0.004221310910683305,0.014969888046372032,0.039362185310827934,-0.0046296468921518345,0.011713101158351702,0.01743219636437699
2020-09-17,-0.009813609268127233,-0.019084569078383743,-0.010704562280318986,-0.005396798319181777,-0.02958431339915431,-0.018935523815517673,-0.011500084940292733,-0.017752152233104557,0.0014722059635543948,-0.008447949528552457,-0.004376318281407955,0.016000271587512268
2020-09-18,-0.005537899444397458,-0.03330372116028331,-0.014824801081734045,-0.016366794830621215,0.0001540204323518304,-0.001195793297748294,-0.0021330649761204367,-0.003388608005398153,-0.011242770874850065,-0.011245576947828505,0.014514028821105977,-0.024097519932326495
2020-09-21,-0.02979279146346382,-0.05739300232833097,-0.020948974955137912,-0.08611176354295398,-0.00442344010408616,-0.008408238752767737,-0.03139776969340286,-0.034948850469795005,-0.033707748601397,-0.011638564027297718,-0.03370282609505283,0.07277975788940454
2020-09-22,-0.021897424748898997,-0.012738969199360647,-0.014675961914498211,-0.024272979358015367,-0.012343775906352826,0.005413620648887042,-0.010971322092896562,-0.015210181871870117,-0.01037572331647088,0.010463016398376152,-0.010487031241138686,-0.0336781482249285
2020-09-23,-0.028815284460289785,-0.008583766081384312,-0.0338298138297539,-0.011118121435452483,-0.0291225540471202,-0.009038969150099775,-0.016363292669494184,-0.0257323877268285,-0.04624911554947203,-0.02400733891437413,0.017910963216567335,0.06206895601370426
2020-09-24,0.003433370946785645,0.023430208329594852,0.008091205653495638,0.007425733139924918,0.04717199776309781,-0.00485431318230181,-0.0008629301653772022,0.00408460222036885,-0.0003310843002328101,0.0029830055546290505,-0.014903391204323425,-0.0024522588795285157
2020-09-25,0.006406015866977511,-0.0105822429132879,-0.004037254583912366,-0.013656301460770688,-0.0008203973137129446,0.0216613602382351,0.008703676396846164,0.00918308970769736,-0.0006624976324799783,0.015850439224188495,-0.010566180039178556,-0.07764879547678227
2020-09-28,0.025222312559150604,0.05987354941841922,0.030930243801235446,0.052355130634390595,0.020913523404973947,0.04424479465441818,0.028372827341961688,0.028088287398079354,0.02325299385692246,0.0159821918538544,0.006051468097664766,-0.007228436564641337
2020-09-29,-0.013372745189549924,-0.006029914336563198,-0.02145615611298699,-0.019162065667141712,-0.011519742038227027,0.023636340456432058,-0.008459350863927843,-0.023845549513260893,-0.027902574251956386,-0.004824282704443997,-0.027524684261890548,0.003049942211505981
2020-09-30,0.01337274518955003,0.010030014875654223,0.016135041591775538,0.015597051744979409,0.021018609245508423,0.027970098323156535,0.009602429905506863,0.023225277581266985,-0.00300062285605817,0.00821984256837961,0.048420965261983064,0.0037994110677157717
2020-10-01,0.00041487589505560595,-0.0019979936350885915,0.007625780207494051,-0.0047732932850076655,-0.012114530297195244,0.03193462638618208,0.007245038603135816,-0.022801877700664212,-0.031199454063078814,0.0052789495642950775,0.0,0.01243656179021089
2020-10-02,0.004553831463531181,0.015873389220638835,0.005051666440285342,0.016607849196335983,0.0067758800392704885,-0.0005237165283608914,0.009442763425182346,0.014911491023081471,0.009598882123141849,-0.009623812866370861,0.02767837907330453,0.03423851458061793
2020-10-05,0.016793396457406795,0.009794353119732462,0.0282280207868122,0.02325680753874997,0.009460302793742312,0.04458806552994948,0.020915808767370852,0.013047848866603772,0.029582233550884886,0.017813109002900934,0.09059695604118063,0.011872776060093631
2020-10-06,-0.010206151333932486,0.02882052432018939,-0.01119554377907622,0.035012089966611294,-0.0035246973675043002,0.006993210344662847,-0.010352165763024416,-0.017853986661903208,-0.015017936641079453,-0.014072064387523205,-0.026597366283244703,0.05293716717176936
2020-10-07,0.020711403662683526,0.02061908835039663,0.009635694937148394,0.024123816854711107,0.012404627962053605,0.048576832189556524,0.017295231471857228,0.02011470019530713,0.014023618871949375,0.017247163770241564,0.0563345298736816,-0.049366996151583034
2020-10-08,0.014365746903499104,0.027449302707578407,-0.002679567661854036,0.013986285164397805,0.0212845925479951,-0.0009486931415566283,0.02034696576705192,0.005935780332730808,0.03678189573059052,0.007978212894869286,-0.025807936064341508,-0.062497322852846836
2020-10-09,0.00474302747794345,0.001803316859581209,0.004684670425096594,-0.008583655574566534,-0.0021178779349621483,0.015540455194983057,-0.005714768746297459,-0.0034752028676037884,-0.016108642228302692,0.008755095180752877,0.012987183462619612,-0.05297190792056515
2020-10-12,0.01253937718552974,0.0,0.020923497574345907,0.006444724575501842,0.0312125485174838,-0.0207751003683734,0.012178313240520103,0.0383695460650928,0.0025948296578245525,0.01628253015832422,0.0025773646654792775,0.0027960751290542016
2020-10-13,-0.028838729530347187,-0.055569702722502834,-0.04913887926845253,-0.02493361568014895,-0.015579237045027231,-0.003345024982288205,-0.016337312823639365,-0.005929934400615549,-0.015671176855130288,-0.006326891629163268,-0.06651388834520702,0.03911331624214154
2020-10-14,-0.05478002270982394,-0.0038169970151983095,-0.014992749139802485,-0.00550360796050625,0.001990431019037616,0.011896069177843912,-0.0055718838073015265,0.004154554392001253,0.004268617965353526,-0.0066451720840594065,-0.0069013320544692135,0.012578779463263242
2020-10-15,0.0221906393746212,-0.007677437809785107,0.013389046656051009,-0.00442468165501991,-0.012529069283864512,-0.007597179163954007,0.014855886706385187,0.013336109483751619,0.012050328995861124,-0.001528923514213078,0.012388325374320781,0.021361115989374953
2020-10-16,0.00371997643007958,0.013397483649271659,-0.009677564375337363,0.02517917578688908,-0.011523695058228615,-0.004298890013889797,-0.0020667075250434684,0.010079520688733839,-0.022921535497066544,0.00013491045663045577,0.017627590316984843,0.016182793055790443
2020-10-19,-0.02168580281375712,0.005687085429111933,-0.006737002259207968,0.0032380049332841857,-0.002524898608558817,-0.007688643352952028,-0.016989020004953004,-0.017510119976477806,-0.021427075715156525,-0.016464663514942676,0.022592269865053947,0.06257564880520325
2020-10-20,0.017551719903962485,0.01500969946863693,0.014348710437964752,0.03390165095396141,0.011312258274174102,0.020057891489328926,0.005695252508776199,0.010154491289623176,0.011774580759944338,0.0047161953200011274,0.046221339010882885,0.005809005718342171
2020-10-21,-0.003735235679508127,-0.0018639247956926317,-0.01178800187766587,-0.019990315977953692,-0.024919675382250987,-0.04447317344566786,-0.01001325958568983,-0.021404774159817962,-0.019247503288663783,-0.0021981140115702774,0.023559668841906224,-0.02413912942544642
2020-10-22,0.033527088449131874,0.02578399902236621,0.021619785503300133,0.004241688327984775,0.01219647803819852,-0.0034662434679314773,0.0347129523147635,0.027216559315293716,0.04042647738044259,0.0052053540034913415,0.038466287718825265,-0.019028023214514696
2020-10-23,0.0012057251599219818,0.058268943034248843,0.0,0.020943349284817135,-0.0017541335564645211,0.002971742966365802,0.008998863683737455,0.0019295191928414609,-0.004923890600714799,0.003439838320389479,-0.008288939629991046,-0.02012289872538824
2020-10-26,-0.01456351750548856,-0.015557915555190292,-0.015824099939446654,-0.011464464185708059,-0.019203823516633984,-0.02099039064567908,-0.02506799275646805,-0.030337804680932844,-0.036525994827109415,-0.018764472985322012,-0.04873073847568993,0.1640060259756381
2020-10-27,-0.02852044551003146,-0.04453085595775681,-0.032420147671083685,-0.03086991333638593,-0.027520647505620024,-0.007604634115392477,-0.019046263959919783,-0.034984891518455706,-0.013054081312506094,-0.003030205350445511,-0.02913442537677034,0.027049192726482263
2020-10-28,-0.0160607932760991,-0.029577093466702252,-0.018070441490812855,0.0,-0.030667711253434603,-0.015384672497578427,-0.02849034253201215,-0.021215329716519595,-0.042740189603996843,-0.03592554210857772,0.003848652539485008,0.18879731093678007
2020-10-29,0.0029779517200771363,0.020427940458868397,0.012803499895197292,-0.001081784152287025,0.0008954491038684272,0.020460952404471388,0.006504581656584289,0.018880309941530025,0.03021383276506464,0.01187652493999744,0.06685652611257496,-0.06911697590956647
2020-10-30,0.006774190158789943,0.016408782479976635,0.006539992819208276,0.0010817841522871234,-0.004749651142163847,-0.009666911907323817,0.008913523261431305,0.0006232981803156565,0.005586749494187554,-0.012203713445259962,0.029500706728363458,0.011374287465003755
2020-11-02,0.015906430226934918,-0.003623278275431056,0.018893438293068554,0.041297677982257724,0.006117393395255559,0.017735430495673252,0.02229156121350232,0.025224391461012206,0.03355305181912162,0.012242950890591667,-0.012873246529051904,-0.02368705214446384
2020-11-03,0.025016734057427124,0.06499204695977473,0.030793103215213488,0.03265584162837555,0.03983744871146502,0.011982163733431056,0.031034470750691392,0.035803164625649954,-0.0057401868832673945,0.01764273768407783,0.038132929632968646,-0.04348516216767041
2020-11-04,-0.04176755845843863,-0.04344722378132825,-0.03387771224489289,-0.004024162350006306,-0.00030328564921362083,-0.01298721412121768,-0.03103447075069142,0.004872966684751331,0.0013536134814001635,0.021807525655091704,-0.13840234714530825,-0.18417981124429092
2020-11-05,0.038522046583373805,0.024562626708104347,0.023254140299079826,0.0130197520209985,0.025398780459394074,0.06802039943195912,0.04008342215481491,0.014860842685490257,0.0,0.01927326577670128,0.010362807838284117,-0.06966945394505564
2020-11-06,-0.012265220178586432,0.0034601954961807303,-0.008393802108439907,0.009901100162091897,-0.008411325301846352,0.00748725788101723,-0.013409966292191757,-0.009624812691262209,-0.021881216213755605,-0.00028775658537381985,0.055151781857367625,-0.10383075896476188
2020-11-09,0.13270845125134037,0.17248638831914917,0.10923967516623088,0.04526523991219401,0.06571484789854681,0.001863016468604991,0.12697842185544353,0.08025107860653004,0.13344512127332483,0.011631974746344153,0.15554345091487368,0.0351745164756294
2020-11-10,-0.0036088517641106785,0.024409016280962183,0.00021000464499487762,0.009372167841378395,0.011748401228044122,-0.015002519977557936,-0.0032561556962539917,-0.004831354692025916,0.03185255772644266,-0.001400775220867666,0.014508024953336867,-0.03759100470249673
2020-11-11,-0.011636442477682817,0.0,0.026507996960347696,-0.0226425448779091,0.002663588809206163,0.03161558070065602,-0.01504565784097932,0.010527256374130638,-0.010308060258745345,0.007622728362991461,-0.01450802495333675,-0.05597309498022908
2020-11-12,-0.024061950146345955,-0.03463558462649452,-0.013373104555808509,-0.006701816728460565,-0.016368203108070387,-0.011507376722687769,-0.012360351716748584,-0.014121284279301304,-0.032799465244502835,-0.01002865154706935,-0.07926014821859308,0.07790821765828819
2020-11-13,0.011548062011426398,0.03746843478028995,0.007839776201726621,0.030276765378854896,0.021080697330882685,0.004618777690372429,0.006243064565720318,0.01890216558655821,0.03575554279463778,0.013518546706294007,0.008998954120161048,-0.09294611104371886
2020-11-16,0.02125388974279466,0.020994456604538574,0.03513396201400176,0.005576239154719958,0.014950623300841855,0.005056493178522372,0.027834759098605878,0.02615200079975898,0.06374505856532926,0.011580734922832603,0.014452737690662099,-0.02854198586938602
2020-11-17,-0.0010884989097126642,0.011019345478511444,0.006526278962738197,0.0027764040953834404,0.01015610534571158,0.0018321058537930231,-0.010196648381749118,0.011974206385922476,0.010194353154281882,-0.004803443784647531,-0.03824992619438287,0.01151466763142195
2020-11-18,-0.020906703640562303,0.006825934513652274,0.006287984398586981,-0.009285047022588516,-0.0015592578156439425,-0.014753223353893709,-0.0074343245462961316,0.0,-0.029487679112665897,-0.011631210647481315,0.01140268913693569,0.04855953279402306
2020-11-19,0.0,0.0,0.021126823665525315,0.002794607233143392,0.0012031186770116045,0.014295675526681753,0.0026861896591081347,-0.0030653440289370674,0.016242565865001377,0.003938675690732779,-0.03226092758148002,-0.031099397900646572
2020-11-20,-0.006320497585580643,-0.006825934513652226,-0.009442207215901444,-0.005597145630170015,-0.005447399340156558,0.011381917055081577,-0.008603948805733477,-0.014084896310620152,-0.005291901568225349,-0.006815737372918576,-0.029711010870114223,0.025209629635621903
2020-11-23,0.021402911411355238,0.025694637353412434,0.031446237237248716,0.03221641354317339,0.024239163523239075,0.01883464703890411,0.028396365849299835,0.04167307867422447,0.06826646352413827,0.005620108181849693,0.03321776027441104,-0.04487383146656208
2020-11-24,0.05642789763324366,0.06836952656285829,0.06816689438249868,0.037337687074131785,0.03718834167177315,0.013677713429210299,0.045200356863171726,0.053778639234398004,0.05010595325905319,0.016032458814031775,0.028754178177183183,-0.04605782309256614
2020-11-25,0.0017238240001590816,-0.04854081279483593,0.0,-0.007884427020344502,-0.004050277012311495,0.016945720074826948,-0.010515884938890226,-0.0018885889186618131,-0.02359560029126397,-0.0015856747555094064,-0.0045454714540406616,-0.018186530403068956
2020-11-27,-0.0013787168100953136,-0.025183681437838265,-0.0068582549349178925,-0.0008799906806973007,-0.004831076357005841,0.016239642022450908,-0.006659614587911792,0.005655240198180436,-0.01175269395004805,0.0023941110259011363,-0.04186659422791842,-0.01948267116338398
2020-11-30,-0.02904843827746372,-0.045306258259701374,-0.028639944268698925,-0.021352999924860543,-0.020688472736957373,-0.0025465805070803834,-0.027940169879671375,-0.03199125552557473,-0.05684098735417793,-0.004606140636972006,0.0023724498236199227,-0.0130405353781403
2020-12-01,0.018646230476901678,0.07831270305097211,0.007237209444005872,0.02924443374710981,0.011920205508628908,-0.009393809303296245,0.01565576555353124,0.023180607855342955,0.004613863267162963,0.011208140661592923,0.10132398143889046,0.009675971098775943
2020-12-02,0.012813809362641941,0.015464154716339485,0.03071165481267643,0.011289683697409762,0.023716821043940663,-0.009049841109171584,0.019026248511719402,0.01162617986841484,0.03197718579543915,0.0017895645286042845,0.014878062275936563,0.019075428822967075
2020-12-03,0.00103822125298643,0.011443246872883686,-0.010898420216491513,0.016274498030018278,-0.009215470104513636,-0.006950412406144603,-0.00657686878036002,0.0006245909818751228,0.010435777600889163,-0.0006243520802942291,-0.029980828658182582,0.005182607989974634
2020-12-04,0.01305859057822088,0.018785829895656157,0.03542042262159671,0.0,0.017304056161176928,0.0030466456554705487,0.00903198738790894,0.01456714133970305,0.053069674082262173,0.00879746371518688,0.05189090500763983,-0.023295550833789355
2020-12-07,-0.006851575752728928,-0.03922074682191269,-0.008394047935114904,-0.016274498030018375,-0.0047278563448330466,0.0043366286198703394,-0.003767093774557383,-0.011449746238261598,-0.02365973928061463,-0.001937513438963252,-0.04323288917972551,0.02423489098979527
2020-12-08,-0.00551544087786346,0.00643086087023706,0.003948732435203474,-0.012163523266183711,0.0016341239457949611,0.026474607521714624,0.0009840175419722314,-0.005461748060251788,0.014759793955165532,0.002783271170170473,-0.016295836995728032,-0.029539972499347485
2020-12-09,-0.0045039156332240555,0.0,0.010059009773988065,-0.018527179883078247,0.016526558605873085,-0.024745473500113642,-0.007817133303901965,0.007172011712396844,0.0022324521123658694,-0.00798096494847171,0.030207256354059398,0.07407343742717004
2020-12-10,0.010706652613836012,-0.03257609411347335,0.02595364240627053,-0.02069346264857248,0.006485754446356876,0.015005884669596103,-0.006464747054738605,0.0010867528810533254,0.030260818029061335,-0.0012859345277717227,-0.035698753170999145,0.011163321774025342
2020-12-11,-0.01872461386936751,-0.0502483346561485,-0.02629308560430685,-0.03515626408243988,-0.01820902687484806,0.0055165038809615275,-0.005920650337141916,-0.01753321915961695,-0.011605447405719832,-0.0012657980842328352,-0.016657781846766962,0.0344786065380977
2020-12-14,-0.01232635208893266,0.0449361866190267,-0.0032289561543086677,-0.0009420660181947684,-0.009209243190308343,0.014304164132214976,-0.010594696075496431,-0.02300430747443505,-0.03564761669087299,-0.0043687882451469585,-0.0011204338546974594,0.05873017467599678
2020-12-15,0.014773479122310225,0.03016623145442333,0.01570804130264799,0.0223680958715364,0.01932512683840485,0.04572218587613786,0.016931135735019087,0.0329045677000447,0.019466865849782543,0.012838482022218645,0.03416305624107441,-0.07691249751264309
2020-12-16,0.0027892214432554316,0.0012911498259347886,0.0013398817405072233,0.00917450109498332,0.005512247193594228,0.0,0.002904537630569789,0.004368941767390442,-0.004955610484933579,0.0017712256203230642,-0.003255522554856818,-0.01718479808955007
2020-12-17,0.003822940633859484,0.014093698758490144,0.005008532799898202,0.01630466061508312,0.00270378718978186,0.019755732075109406,-0.00832165333182349,0.00682688920913762,-0.0047303950589822185,0.0057411428089832834,0.010810905654593712,-0.025659732864673365
2020-12-18,-0.0055653953521724395,-0.007662837888253032,-0.016623832046078566,-0.005405338585862884,-0.00945421507009952,0.01360032137618041,-0.0049422650167686415,-0.007605778289024753,-0.016862139195084277,-0.003517296952148704,0.019169923003589003,-0.01655213009279471
2020-12-21,0.03664162264369026,-0.020726108886636365,0.03608352587806051,-0.03867896817691357,0.05952360493710925,0.017218760326897828,0.036850411239273774,0.05531286543437295,-0.019478718091288125,-0.003913928486909485,-0.007411393471936805,0.1539519795146319
2020-12-22,-0.017981637211724057,0.011711206003761009,-0.032702870081750934,-0.0028208848006317537,-0.027177522478921915,0.03577129690232231,-0.015333446626543153,-0.017699565319320286,-0.016927025410262156,-0.0020752446917703606,-0.02474575144888156,-0.03766390983153792
2020-12-23,0.028351487084223356,0.059025238601629046,0.02532609621535165,0.0287722742859596,0.025112832845392993,0.01597703957237413,0.02756114563797459,0.023286170006642577,0.021897781840910447,0.0007455332718186887,0.039513951084028935,-0.038709085799429485
2020-12-24,-0.002999370613853375,-0.01103630612090769,-0.0034609249784851776,-0.007346244432617922,-0.0011315428704640864,-0.0018027816281711952,-0.004407227899583316,-0.0017607696543911057,-0.005233165869320978,0.0035303499794869524,-0.028679618993478675,-0.07943508686780049
2020-12-28,0.005658033656047152,0.007371077178374764,0.00920299597546782,0.030855439623101527,0.01330113583341912,0.00790810092320643,0.006563758297134842,-0.0005874813401080869,-0.00631534932643263,0.0086847075384115,0.005373526989488874,0.007864952436142986
2020-12-29,-0.003990542379790618,-0.01603975295366283,-0.003605106563144687,-0.02259469762912622,-0.006105077641037253,-0.009713990595057316,-0.002636445888042479,-0.005008996337576978,-0.006621924619460734,-0.002229864827278697,0.002141300837585236,0.06165414262935506
2020-12-30,-0.0010002902830838517,-0.0012446199452956679,-0.0008214612846943031,-0.004580873879427322,0.005565781460117526,0.023027381832915278,0.0027957204429045904,0.001918137225947739,0.015557370557165532,0.0013406480950792154,-0.00967229822232489,-0.013522538154813975
2020-12-31,0.010947194392587022,-0.004993745622676211,0.013059387509646005,0.0009178550664716906,0.01628601794707352,-0.0017690941481252984,0.013548567605059144,0.010119590773955515,-0.008407980251487042,0.006418204711703793,-0.00976676603980071,-0.0008787547824950818
2021-01-04,-0.00928067103484701,-0.03827002015052884,-0.024960243151272644,-0.014787745194658577,0.004879888636526271,0.015460617035199605,-0.009488404339277785,-0.002922609417482874,0.0015820044454154854,-0.014864762712025787,0.0,0.1701599662950751
2021-01-05,0.00762976867053086,0.015484256205245765,0.025608601787500247,0.018450764007614192,0.0221307117057294,0.021046292175778497,0.005426532324584857,0.016833577472844787,0.043810123148536884,0.007057631383362026,0.04060385542853014,-0.062340930777420096
2021-01-06,0.06058563710956832,0.0763918751406467,0.05594200886717593,0.052526507032074364,0.052556281729315826,0.06956143168658958,0.04588678304284578,0.058548902579657905,0.030053224151196982,0.005693603382474094,0.08718595239188719,-0.010712280917359632
2021-01-07,0.021843843154283577,-0.008338509048327,0.011731733758323917,0.012925773206505242,0.021137404166472643,0.062047444534715446,0.03231152964703791,0.016956345841856155,0.014574059009916356,0.014738260107752971,0.0274507763513421,-0.11395108697919597
2021-01-08,-0.010093499169184025,-0.012033853973116267,-0.009894138208742848,-0.0017138926432707403,-0.005397607303817386,-0.0075108899636983535,0.0011033987057998981,0.004127972284594195,-0.001206610485304475,0.00547683739351537,0.03125257946467447,-0.03688109174802423
2021-01-11,0.016463720928401943,-0.0072904007097526514,0.016235850008036883,-0.0008580947413220987,0.012844569125071557,-0.03435913620168268,0.014814082611169815,0.010706826265263942,0.015570875664909948,-0.006576327616621317,0.02414060059121026,0.11054189600223238
2021-01-12,0.0176839098497517,0.02528740948306801,0.003455695961244326,0.013640582240874768,0.02812087165465707,0.01209864086635356,0.01559671978604978,-0.0034243726831395655,0.03434538079806935,0.000415702030569564,0.005286392938458985,-0.03164153450913615
2021-01-13,-0.005959844506230036,-0.015578433817315558,0.0028458472088878552,-0.0076498688706042135,0.002412792748112758,0.0049217599438979714,0.000926727233548171,-0.0031712737653959346,-0.007839470643170445,0.0022730563867261076,-0.04493114298129798,-0.0491974860781978
2021-01-14,0.015715823909551136,0.012004890691202804,0.03165062993229215,0.03438495234153305,0.01614250319474133,-0.00893839803887649,0.005825417127602283,0.011971563439823196,0.029199158529342132,-0.003760513068743101,0.03699103677417977,0.045762535348432325
2021-01-15,-0.02925570382764221,-0.04266346819844668,-0.071781051413446,-0.04295401082571494,-0.022533882234388465,-0.05537519615636461,-0.018084222611561902,-0.016215237066168457,-0.03967051790772825,-0.007216000798278504,-0.028753055652204457,0.04581596179503342
2021-01-19,-0.0072971989472885015,-0.006246017418181742,-0.008442908557323221,-0.03235962757115156,-0.022883525293416297,0.027115775015655135,-0.004337065674522647,-0.0033281475166836182,0.019917321645122995,0.008103457635761657,-0.00456829959179789,-0.04624617169330436
2021-01-20,-0.013208520852046915,-0.005025113003675422,-0.006932560432950377,-0.012522467418813112,-0.01275956425630006,-0.0038288624621697466,-0.01510923782498834,-0.0020024335130153217,0.00366218308472163,0.013839417376510862,-0.0018331574457164678,-0.07410796584050658
2021-01-21,-0.017782452935649097,-0.00505063547934839,-0.02205969179697999,0.00628088264721508,-0.003794416868478412,0.04317224824388381,-0.008419542611581716,-0.0018726823614539402,-0.034397994540210704,0.00031667316131354906,0.01728095226662167,-0.012121371311005128
2021-01-22,-0.006948833635642607,-0.011457743666753832,-0.008766078857110038,-0.026281609276752695,6.923681731675872e-05,0.007321661181913001,-0.007743285070689997,-0.007659871225442965,-0.005216060966146438,-0.0030151526629377105,-0.01636400811858331,0.027297561659488975
2021-01-25,-0.01243839381715722,-0.037838875560528666,-0.012634490334872772,-0.036469690937539115,-0.02218718322136701,-0.012848412641183018,-0.012560832066944135,-0.023890298530714907,-0.010273508886154444,0.0036093175130174657,-0.04787399453816102,0.05677802765401989
2021-01-26,-0.007085419254603553,0.010582136237010093,0.0057628690042850084,0.016060956170396858,-0.004532412462928394,-0.009901006182349001,-0.00409558375561698,-0.016296664809177616,-0.021605199481843324,-0.001489943161153501,0.0,-0.007357751117878455
2021-01-27,-0.03653493750343241,-0.040273944993855566,-0.02510326824576628,-0.03626362216463639,-0.030375844828168692,-0.06487019595580275,-0.028679192203803286,-0.039968154892577754,-0.013588959115183194,-0.02601331512610035,-0.02531771393356905,0.4802140945749818
2021-01-28,0.016292753297495098,0.03234791583043316,0.01570092173094847,0.01924982834358063,0.0061639534862490885,0.022310681003717716,0.01744437329735093,0.01819704331117837,0.01162366211644973,0.009713298778760395,0.04153178314475985,-0.20840455266105468
2021-01-29,-0.022345538967392022,-0.035091467094272334,-0.031236514770469074,-0.035908659613626506,-0.014097923301882394,-0.03365546931365947,-0.011129547353784588,-0.033294732378055386,-0.03375727197017653,-0.019500377654792,0.03349151324386965,0.0910581614516798
2021-02-01,0.01040116214577326,0.016349371815999544,0.007558818960610935,0.024403326777867936,0.013042825182657425,0.022234181255051666,0.007356360133648977,0.009204202713813812,0.007095645647260129,0.015924300234678626,-0.014746840388004362,-0.09006558280233154
2021-02-02,0.03509113650687666,0.026668124441695466,0.019490526647286767,0.007684978927855157,0.043588962532498686,0.010772156628825552,0.03031803275481186,0.047332207676747375,0.010800247712307429,0.013802528814310624,0.025665933690234434,-0.16813693512742764
2021-02-03,0.01756957027355818,0.016960612131340213,0.025191762229741933,0.008575489034908606,0.005490662317747925,0.017699478150156607,0.011386168601977859,-0.004945085758516928,0.04183080454421762,0.0010082606153447803,0.02325688200458114,-0.10945511880997491
2021-02-04,0.028716134609183278,0.025544129976569307,0.021213677362826415,-0.012410698271688198,0.01786097330664633,-0.012841100286579333,0.022752531264658475,0.02365584918617501,0.010960154208503301,0.010794847643921975,0.0070485013044168515,-0.051040593531359875
2021-02-05,-0.004007852519980513,0.012531506783568232,0.0027202472324988894,-0.008683046282318268,-0.0008516019783626083,0.007403767567901849,-0.001955276916034308,0.01278264034175031,0.00849462902030426,0.003889919607763825,0.026852976590094974,-0.0422201349721882
2021-02-08,0.021998810771457086,0.0074443094590204055,0.01695366306244403,0.02298968678303653,0.022404638063713983,0.009893172877888226,0.015533545182368772,0.013699949504870586,0.04097218651075366,0.007372107476289037,-0.008583735786265919,0.01757342429621931
2021-02-09,-0.0042396022440457,0.006161490066769744,-0.00836166651933054,-0.00855937915703755,0.0010323552891646237,-0.008931492762695203,-0.004004301716550203,0.00013426913161135976,-0.010656327941339768,-0.0011141454217211749,-0.0025895751151691635,0.018195015567699823
2021-02-10,0.0009100378435081362,-0.0036925038052066416,0.007890323380586737,0.011396067713915917,0.012633434369413563,-0.01354848296858634,0.0005731675294354086,0.0012116842492159545,0.018966623784823396,-0.0003452445223915674,-0.020961404873255138,0.016506592992762147
2021-02-11,-0.003036925687036611,-0.011159325689646291,-0.006623669021144074,0.008462798831810116,-0.00646203862439678,0.005183035285491315,-0.0027965922795096373,-0.0082402194595722,-0.015553243369156766,0.0016610748145877074,0.02182537620718762,-0.03423089878779304
2021-02-12,0.014792923886178228,0.006215102070195947,0.006780737021036995,0.01947196384347417,0.013144253115433628,-0.02056556974651531,0.014117030992634689,0.012000210513141518,0.014658004685789715,0.004699970926162608,0.03562722396800365,-0.062125782326553906
2021-02-16,0.026612890345647237,0.07171531457080596,0.007671344200378403,0.04137292962643556,0.018244484627092387,-0.011277125072173972,0.023785499502882106,0.01911657319669392,0.02476358450120455,-0.0005694345154154666,0.07927316024624817,0.07195958149664121
2021-02-17,0.004076760802892878,-0.01510784491656477,0.009931543674977651,-0.00707343648591811,0.002497482664278475,-0.01681834432736595,0.003106220000653308,-0.00792080625945245,0.014741247872964065,-0.0003204533489169501,0.0015384420207045836,0.0018622405931039336
2021-02-18,-0.006413993090053476,-0.040626939913883206,-0.0199632118118703,-0.008912741148471435,-0.00912258756862368,-0.053294885479205585,0.0033712034433989856,-0.008251603777288648,-0.022854336008668704,-0.004425614227243303,-0.010819316125700418,0.045017820660557956
2021-02-19,0.010185311161149173,0.0417972758426682,0.035591084581557214,0.04035637873520701,0.01828923898133142,0.019135989151761786,0.01655306927868246,0.015514587431528996,0.016594054404403362,-0.0018566190956649255,0.04408015165371227,-0.019758188501749405
2021-02-22,0.017506233118962912,0.0023363069215485187,-0.003960632542262527,0.030484913009610225,0.003952584195037397,-0.06864185022775988,0.009346837553268799,0.018253611041506038,0.03406047038065702,-0.007762892893710863,0.018416708995248374,0.06155796013459353
2021-02-23,0.010471313261090876,0.045617995530024213,0.018449196752837543,0.00333048260444662,0.0073574595511619306,-0.014007704072331578,0.00799947482594275,0.001291323636540125,0.01639907742695103,0.0012555296115265332,-0.005856543995693047,-0.014605076730018152
2021-02-24,0.023923273852804506,0.031818291523454535,0.027487975619371385,0.033513573804254564,0.03518129483298843,0.021125078662964907,0.017442248952744314,0.030247051960528862,0.03479997533916171,0.011287667670985945,0.019629906329327495,-0.07968219767307105
2021-02-25,-0.012446799741002587,-0.02586098288447702,-0.017499141590364226,0.02461425909033716,-0.008748933696578401,-0.0493502126346883,-0.013664813851080667,-0.018318858895166195,-0.019476548868221758,-0.02478339442417185,0.08880957771691461,0.30291224032747205
2021-02-26,-0.034544466369631086,-0.01573074078178449,-0.02295829800472202,-0.03837395702595114,-0.025587037038282856,0.013631971911955351,-0.026882667642756097,-0.020090480108817026,-0.024008412387572956,-0.004761532293798778,-0.03895722152283751,-0.03307826645371294
2021-03-01,0.030640748281497474,0.01795787967298675,0.05406722127027579,0.028917677433790194,0.03607617378502683,0.037210278327979955,0.022374648823101046,0.029355294303488513,0.02562921116836545,0.02351217322569352,-0.009635351961777438,-0.17982022644574983
2021-03-02,-0.007291350524638166,0.005546273849192352,-0.009100871770828212,0.0,0.0030867309221763416,-0.032578598374126654,-0.003261443533978273,0.020381955725318063,-0.005480346827983191,-0.008113678739508762,-0.021671605750321756,0.031614855873289195
2021-03-03,0.0247407869112648,0.04435560098123024,0.021107514755902917,0.015711205330959273,0.010490412237431,-0.06770101167533732,0.019147789700684686,0.015597651673560213,0.014548563130012614,-0.01315233589480116,0.03813291611717683,0.10132748472935964
2021-03-04,0.007148947854900176,-0.025725049115686547,-0.008131574728497779,-0.038940192446651443,-0.015488757517237176,-0.04078772627964615,-0.015487727479334303,-0.011644470466998052,0.023590827253743243,-0.013508038064390469,0.0529924799140812,0.06881786450640696
2021-03-05,0.011711808955668342,0.036251481407176156,0.005998509386989042,0.029543070858585815,-0.005847418084438368,-0.014264600975849159,0.002322018412005137,-0.0029633648002344373,0.03673858174776994,0.019308356338709188,0.0025773646654792775,-0.14717471401246487
2021-03-08,0.005401033545863747,0.020726167938150828,0.027941306151653824,0.03403269333020724,0.020618273540457803,-0.030948224485733165,0.013165709067329289,0.002840194515513582,0.001886659065177748,-0.005373643224025429,0.026668206707816607,0.0323187704838435
2021-03-09,-0.022056955995102195,-0.006173055762795198,-0.017178113979346724,-0.03560750155070285,-0.010830321834430862,0.0802154031596118,-0.007088065859743629,-0.003087611843795501,-0.017686111586706327,0.014055400743930569,-0.03182951890807008,-0.05819818370948532
2021-03-10,0.028499580609985715,0.0051467596337109916,0.03814187534570091,0.010192117426308744,0.03399013022004013,-0.0004144176043455657,0.021501994826074122,0.027328831864620505,0.025011025605308036,0.006012203770988197,-0.016960630322854244,-0.06312467536579736
2021-03-11,-0.003484357286555431,-0.005146759633711065,-0.005984173899663577,-0.022082900021039097,0.0002338788131118119,0.06150196905192009,-0.0052350702387943095,0.0019240427327886472,0.0003739134987755563,0.010341825500657608,0.004594671450517154,-0.029235256314019607
2021-03-12,0.01862220864861732,0.04144120087792724,0.025188296169111238,0.014252149465388254,0.019424128214031295,-0.007827806861755006,0.011788678998937638,0.013007718469071877,0.0020556202496154518,0.0010148833275308508,0.06833780475599051,-0.05729262907326568
2021-03-15,-0.005020229265680499,-0.001982298545106041,-0.012851220400136934,-0.017447050127646715,-0.00794409818528627,-0.005516177228084264,-0.005007609745088344,-0.005707572841416649,-0.011452271967089242,0.006470939539413048,-0.017273715915121453,-0.03241933361122549
2021-03-16,-0.0029180155057068934,0.006920533588084522,-0.012063922387274264,-0.009646320860021375,-0.01262081894874417,-0.02318251868777166,-0.012043802617196868,-0.015865472146945687,-0.028926343394752647,-0.0015709169785959108,0.008674191921846831,-0.012054378081987694
2021-03-17,0.00820181209853382,0.0009847495238237184,0.0036754635293030917,0.017614599175648296,0.009437174463628612,-0.02788197306413571,0.010240090773570801,0.015865472146945687,0.007744367800843651,0.0028752446501592592,0.012262557344130428,-0.028705270080567794
2021-03-18,0.025752666351745626,-0.015873333225736835,0.003255272706862146,0.026626388399773517,0.008803052739758684,-0.056009653072329774,0.016371391256905284,0.0009537040427655023,-0.045978434030402714,-0.014870560065947797,0.05281558766762189,0.11529542049856295
2021-03-19,-0.010585080303553138,0.01587333322573679,-0.01130422338459018,-0.02187593958345063,-0.010979626633533173,0.026043243657260382,-0.01604923267546834,-0.011984762291128364,0.00020200624557340722,-0.0006028856737550234,0.0011553867510773763,-0.02962827350928402
2021-03-22,-0.022838474627113522,-0.016873959122066517,-0.014485756784534462,-0.003957194756674568,-0.014249815204771577,0.023709782912147582,-0.02724677745163301,-0.01237421828337129,-0.009635999668449297,0.007000556898342752,-0.028104881404727902,-0.10403556651887166
2021-03-23,-0.020386836198469607,-0.017163469262923836,-0.014699064715790633,-0.025704218922189225,-0.022531242814506094,-0.01900788892690364,-0.010052198878601528,-0.034777462657646,-0.014735275864918657,-0.007660118119334028,-0.02769593246367087,0.07251773219808452
2021-03-24,0.0,0.013151487816748766,-0.011774137690266286,0.008910575888800152,-0.009448465374551582,-0.04580947066746167,0.007731333985530292,0.002650766103916026,0.024779350663921906,-0.00548233660034883,-0.014760445613920785,0.04338036920115944
2021-03-25,0.02038683619846966,0.01595246688943583,0.023132237736195008,-0.004850468722987501,0.005764439822414058,0.004898631855321356,0.012732005453966784,0.01003357922395459,0.003664553227052498,0.005226583432729291,0.0,-0.06781438391420826
2021-03-26,0.02672417722958782,-0.004957821834857565,0.017963589958968386,0.0008101331143486983,-0.00960572799026453,0.019793749304550478,0.016513478309300535,-0.0018734558440302988,0.024489506061985626,0.016494418658716575,0.02810203545727887,-0.04914352418393228
2021-03-29,-0.009611506595112033,-0.0059820377120732545,-0.019917453132170887,-0.03292488265768827,-0.005083262129966523,-0.024246058070649744,-0.015661622531016172,-0.026607500445261844,-0.011969229944898511,-0.0008683896263867381,0.036087909478118047,0.09502088219807715
2021-03-30,0.017594003618030745,0.03536716293208533,0.0190955891001244,0.013300319148542255,0.019096152241310952,0.04706751609915238,0.011720530224442504,0.015417420168479148,-0.008666845078367185,-0.0031628294096500294,0.002901072743004549,-0.05602452043285265
2021-03-31,-0.007723971477355895,-0.012627712440051007,-0.002882352306147992,-0.009124846548981547,-0.015204757183506638,0.03390145017174784,-0.014672253468952788,-0.018246117676546502,-0.006906230106777783,0.003615953592419885,0.011520922430508715,-0.0107666249268658
2021-04-01,0.020466394302143143,-0.00391767374960573,0.005346539048396929,0.009950272087683456,0.001955392443166609,-0.004950355944399302,0.009675417391102226,0.007184746313864145,0.025159838327659716,0.011755830427674127,-0.03912909688905928,-0.1128339470808001
2021-04-05,0.007819401428747416,0.013645285871817786,-0.005346539048396962,0.007398329462740565,-0.012592649184658676,-0.015420408963996487,0.005286403272247383,-0.0028163850320013922,-0.02414141942518716,0.0143349877622439,0.024125917435783167,0.03292010822782251
2021-04-06,-0.002767831362498347,-0.006799204562277942,-0.0020641261289549967,0.004086567749729897,0.01082064898346749,0.0,-0.007054954433841467,0.013877756394683914,-0.002650440554939555,-0.0009740049407969285,-0.03791924055423248,0.011657139377224394
2021-04-07,0.009029612604895853,0.009699304880116914,0.001239024205941108,0.016983965538800164,-0.001560640957698545,-0.028542828417535828,0.015546562444624096,-0.0006326422901624654,0.003464856324424305,0.0014741456981068137,-0.0018132497969026438,-0.05443526176239321
2021-04-08,-0.00877766495925468,-0.0019322842302206078,-0.004964834481960221,-0.008860419464054624,0.013958131173947112,0.012881337215869567,0.0012253863144259722,0.014569591157772024,-0.01310716141238628,0.004211750940591775,-0.012785579265661935,-0.01231320633011249
2021-04-09,0.007278469500540086,-0.012652291521373142,0.001243209228988029,-0.0032415036976464816,-0.0009972557162333494,0.0012789412480647118,0.007450472423419276,0.006462971363888439,-0.006618383660303369,0.007690288135687276,0.02061931105413411,-0.015458109165233273
2021-04-12,0.0017487717203674923,0.013618954650686094,0.0037216252529722114,0.0064725339895135925,0.00310918194035563,-0.020229060163852106,-0.002113785566859872,-0.006712344850383927,-0.007916614481445249,-0.0001960980747395339,0.005387587912586333,0.013095384214556818
2021-04-13,-0.018644852448721643,-0.009708940206553099,-0.008704703854694408,-0.009724579213036875,-0.01261559877257721,0.020229060163852192,-0.011998602053845033,-0.008139797826441596,0.0010453176520958595,0.0032890718770625686,-0.03153683241149341,-0.015494960371601146
2021-04-14,0.01414174038896187,0.0058366683857013595,0.011726755036483074,0.007302199792456364,0.02313732046014522,-0.003414471967960539,-0.018867173699117355,0.015718733124539735,0.02741003875202477,-0.004096104320730151,0.009199688019856793,0.020214728696920783
2021-04-15,-0.029002525590294405,-0.0038874340612295487,-0.005087882889108576,-0.006488196468219781,0.009496997620979886,-0.014642973773935624,0.006328541736701901,0.0003716540094943587,-0.008164684389902515,0.011033101401119478,-0.06820827571265517,-0.025031109191174968
2021-04-16,0.010527671406497066,0.022148199764438214,-0.001241525643991171,0.020934804718389488,0.011044948253096544,0.03285989368267697,0.007398750271089847,-0.02798040490005117,-0.008025552806193445,0.0036023233905179666,0.027716878269978745,-0.0195009042453573
2021-04-19,0.0005109981188293068,-0.005730642718051248,-0.00442635118582248,-0.0023932221022010796,0.0022759861326966035,-0.024650484491906027,-0.004249040270768161,0.01815730708450282,-0.0010338375311363724,-0.005320689893757947,0.01764380866036932,0.06203544387071455
2021-04-20,-0.028222155615178626,-0.030143111363052776,-0.0329792562657751,-0.044923889938998936,-0.03321906849598136,-0.009077364894810895,-0.0223910852896835,-0.03483684730788658,-0.026830266367715135,-0.006825561005077803,-0.024661329016918067,0.07732509649126852
2021-04-21,0.01666714637064593,0.004923756623600362,0.012246956380298081,0.0,0.01016244744425957,0.019351380980026263,0.00847186761558157,0.02504258418161175,0.01266634527947418,0.009263020919853236,0.0012795742122700265,-0.06525256820826132
2021-04-22,-0.00934100201193568,-0.01784003825603128,-0.011960611059361815,-0.023669814282080634,-0.01327104696781537,0.023986032065071834,-0.02128217606630506,-0.012187558399619219,-0.01181674483298648,-0.009253337860554323,-0.006414383997601177,0.06685721042401424
2021-04-23,0.021150865835759276,0.011928392270953828,0.022240558189389675,0.016122586444498797,0.02536708309886555,0.018538130884050513,0.018954784113037644,0.033411809389163674,0.009085939459759556,0.01086940989553096,0.008330718624697636,-0.07661899202838841
2021-04-26,0.005853364096948787,0.016658995109914296,0.011422093002987205,0.02164944737319132,0.012213187235293044,0.004885939372535095,0.0024603465302528945,0.007016952728072473,0.00670876243667564,0.001780684564582624,0.001912669311545156,0.017729916653121687
2021-04-27,0.01185563738872828,0.02590085069662428,0.010882624825301664,0.017150328067362358,0.009012574261613225,-0.0032547222682505735,0.004572383130987751,0.005382741178250416,0.012045782667289317,-0.0002149189814442344,0.0325842899888688,-0.004545458184549777
2021-04-28,0.003753768342162394,0.006606682374547604,-0.0010966053539173172,0.10519846405055572,0.004260673745667225,-0.02058522942944718,0.0064582569459704494,0.009350986310720366,0.03389465798239505,-0.0008458975873960478,-0.001233790570325756,-0.016073754681327553
2021-04-29,0.02662220612060148,0.00469291354122609,0.012674621959437788,0.034387369591570585,0.01386467065317273,-0.015510654175991538,0.019257767888733124,0.01517932976794611,0.011113394239978274,0.0067400415367024095,0.012270080925744102,0.018917154055148863
2021-04-30,-0.01420889587594084,-0.10973983756228434,-0.028915275077790153,-0.014184677770281106,-0.012888461974455033,-0.01833351253318342,-0.008932136388148966,-0.013118034970508233,-0.025586039942918474,-0.0072207134171198275,-0.005502883747027588,0.055232146283638574
2021-05-03,0.0007401027967237905,0.010395123797883678,0.006575628525625383,-0.01874594555796756,0.004895346378074882,-0.014301603604817265,-0.0029297856526248685,-0.0010907001441255934,0.02716376161471281,0.002744321649512167,-0.014824266765223719,-0.016251773932244876
2021-05-04,0.01078980055484416,-0.0020703048605495936,0.008608938143082992,-0.025056654434297953,-0.0009141947231671602,-0.041895614778897264,0.013729047124352458,0.0021804265226425122,0.0005908473270820864,-0.0067007374898472305,-0.009377990386700384,0.06194094519634577
2021-05-05,0.009466995394682902,0.01949781915042011,0.018899352833087683,0.014079563352840425,0.021995007323008735,-0.0013663207192525359,0.013035390466164073,0.022376246790350312,0.031785631519838826,0.0007032164471135163,-0.005037804240894394,-0.017085579008662154
2021-05-06,0.014868518989227905,0.013124591754186057,0.014411957848897183,0.020394066169849116,0.023080526319270822,-0.013306108908569899,0.019924613840448115,0.027082437333270044,0.005137562300318017,0.008132299498632055,-0.014626653160653865,-0.04049569027965366
2021-05-07,0.004038511043391444,0.02867263177904621,0.004003931123731594,0.019279406574361436,0.013354025433449816,0.017853486449263926,0.0034166850930061102,0.009969355677213224,0.017682894451269145,0.007346291419186351,0.010197687076935318,-0.09699723575450897
2021-05-10,-0.0030867089422819444,0.006799204562277885,0.0006656066156815244,-0.021444773834017668,-0.0059767284120318875,-0.030402776391670237,-0.00012404072119993548,-0.014124280113963767,0.00037284270635246054,-0.010490480503138024,0.0157285255656513,0.1637763372852811
2021-05-11,-0.011480929023978742,0.0,-0.0034666981924134904,-0.002894366709160127,-0.024046937923807344,0.0023358731107363754,-0.01676316928327598,-0.01808774224460183,-0.026058801783000622,-0.008711750141781542,0.013639365509266886,0.10515705090564602
2021-05-12,-0.009425705583880277,-0.023507427737677146,-0.008584834705022176,0.0021715600303133724,-0.015455486686373187,-0.03417536731437654,-0.006898609995483282,-0.014709869526920681,0.004771459267698523,-0.021682782358302413,0.04279055881276777,0.233710235896416
2021-05-13,0.015900048104775032,0.00986214186585944,0.01417889542937025,0.01862516010394128,0.012366858857914258,0.0038555733228802227,0.02539695080151603,0.014002921485206384,-0.012260686036934537,0.012099644578094055,-0.016057478132491858,-0.17632295379972707
2021-05-14,0.012351687153371954,0.01943688388103396,0.01672741315481397,0.021762871816879647,0.027379826020175895,0.03822100638490087,0.015422558045451019,0.028920147587945588,0.030561472548742107,0.014807778563623631,-0.01998249512875927,-0.20674182503929742
2021-05-17,0.0089306691623997,-0.004823781921597855,0.011170675419236602,-0.0055710619584780656,0.0013007876691392482,-0.009302272402493724,0.0040156762712157705,0.00843593288157033,0.022917050836912017,-0.002533258183961915,0.0030534345971298476,0.04724469943401588
2021-05-18,-0.013663381978025229,-0.005819684553203277,-0.010387340064056255,-0.0020971015898387903,-0.012782624126898743,0.018518903202341678,-0.014188746081611933,-0.012795516413417366,-0.023478211021510518,-0.0085537723840327,0.0012187535231417094,0.07894993866919349
2021-05-19,-0.004516796775581321,0.0019434422226435692,-0.0020902202575332476,-0.0014005646234907447,-0.01709746892318703,0.007768003266239884,-0.00766721234705717,-0.01063469071198203,-0.02519315795629241,-0.002947751811378411,0.02466290987255442,0.038607742657343125
2021-05-20,-0.0023855459638799583,-0.0019434422226435562,-0.003406292768380773,0.006983289338399192,0.003898839259154065,0.025170090922324206,-0.0017392683140058608,0.004868816942199573,-0.001535748598788283,0.01049942933450842,-0.029546934506358667,-0.07050761829654915
2021-05-21,0.012578794993788514,0.0009721932322065795,0.0188499648618989,0.024743386197354417,0.017851050514646603,0.0022168656616595485,0.011314080546580828,0.02139526299292365,0.0021111342301448764,-0.0007841880752528091,-0.001224724160394873,-0.02547910792353214
2021-05-24,0.005410139386287815,0.006779775551217286,0.004882079421221988,0.02016203523133864,0.005527119583275767,0.0017697982491411484,0.005395756474865055,0.015166577504309824,0.009919950826710712,0.009862497481216075,-0.01481504217624069,-0.09085362557830234
2021-05-25,-0.014650781576386931,-0.017527124676054103,-0.009658285774760895,-0.014070555262136845,-0.010316831609719341,-0.0026560092158300604,-0.010387839530044908,-0.009297298681033418,-0.020520298443505097,-0.002127545400828599,-0.027744546835630608,0.023631633364472257
2021-05-26,0.0007139364930371262,0.01268923175429489,0.0031007845146440297,0.004040493125807698,0.007897327030174008,0.011896789045177885,-0.00012325385072128683,0.00549920809312057,0.008873371704538809,0.0018750575506104544,0.006373501770556268,-0.0818135328566583
2021-05-27,0.01205837107350075,0.03056565044171389,0.01586935885766761,0.010030062136329121,0.01074753365288117,-0.0008763233456684197,0.015451400684010231,0.010576322878303202,0.0007676991794745205,0.001164636089862995,0.02261403728043231,-0.03636769300212449
2021-05-28,-0.003767668312214918,-0.004714615912437184,-0.0006352616743912308,0.003984151554272021,0.0051203585664436856,0.0048107931997416874,-0.0006693395062367179,0.007172232308357158,0.0019171974567701912,0.000768586452887337,-0.01817664835369763,0.0011940573217919478
2021-06-01,0.01242544642874961,0.007532984932733663,0.013252310385357496,0.0046280509748430855,0.027624251368100823,-0.0021836768210354717,0.010960142336999702,0.012673574868599812,0.037776070317287073,-0.0004924547586291649,0.02127742305188558,0.06580558282518024
2021-06-02,0.0004658243966198714,0.006545118448155957,0.0012526222892393806,0.0013184657549568147,0.0026113817152816775,-0.01631066446958872,6.006265501463758e-05,0.007032268920128902,0.018456524656344425,0.0014458890369002922,-0.014972237800219603,-0.02374334749601523
2021-06-03,0.011394203378838733,-0.011246646174217785,-0.00288436180923908,0.0006584765935146634,0.013676242387338887,-0.01839050991380658,0.0006622134971019704,0.006340013416537253,0.0027121361081528313,-0.003635303056049319,0.02114509100219656,0.0315342213447932
2021-06-04,0.0004625021606641029,0.0009421813941775569,-0.0017595888816684148,-0.004618959788090188,0.006998339136028448,0.009461722352756101,0.0016236045684644702,0.006513435872683285,0.006658899169569101,0.008795303383016323,-0.040822031200037155,-0.09409145671364344
2021-06-07,-0.0034728539921109122,0.01123600940995946,-0.002266952274253372,-0.002649016190674218,-0.008440079957920314,0.005366942990476011,-0.004697173557680747,-0.008014297954757863,-0.00431431647514906,-0.0007970562694215079,0.005752692816170061,0.0
2021-06-08,-0.005581218285322687,-0.010295032098371612,-0.0029042798944794133,-0.010666729061141243,-0.008953827878096066,0.0040060936366894655,-0.0039922550221728375,-0.0045160537383564375,0.00861009955396419,0.00017500954944121158,-0.026478788525902082,0.03882241025776176
2021-06-09,-0.013145676940498176,-0.03153628408073494,-0.011957688330895637,-0.021680986027732295,-0.005003664493960463,-0.00623888895434268,-0.012563283785177381,-0.0012938782480137589,-0.006270919120038693,-0.0018255325906156837,-0.025854960148769337,0.04691934447526731
2021-06-10,-0.014998537479199355,-0.005842243227695063,-0.016126169232063906,-0.01936449836371075,-0.02336481105760225,0.004216651292662323,-0.015711472032955667,-0.010740576473909802,-0.0012588345475932968,0.004641454776462911,-0.020353465065357262,-0.10542256771952595
2021-06-11,0.00406933626079456,0.007782242548624769,-0.005346679064096845,-0.010530065028374313,0.010931197727142083,0.008468922038801814,-0.0006860431320292294,0.004027630476224459,-0.0034249285807522855,0.0019465389328083601,0.0020541061497858577,-0.02834840307308947
2021-06-14,-0.012016484206354743,-0.007782242548624733,-0.017410072948441407,-0.012784227648980361,-0.013662528748228276,0.011912680625990072,-0.017114846568022434,-0.014554153982191542,-0.004343203622296264,0.0018135563851361702,0.026326213976339486,0.046200462905372656
2021-06-15,0.000725102194479444,0.001951464908358498,-0.017989658293089638,0.010664903227876504,-0.004353582815835032,-0.01146895695465616,-0.015284198413534806,-0.00022059515332344538,0.018863296921362085,-0.00201371995427588,-0.0013333958376139782,0.0377177945243885
2021-06-16,0.005541376528326213,-0.005865415883410612,-0.032491943636763096,-0.027968842206195783,-0.0008083644555046768,0.005309741894907073,0.006999835002454745,0.004400639960332964,-0.00535330291958829,-0.005404703747026491,0.04564028945151721,0.06428138965238342
2021-06-17,-0.044713736624499185,-0.02180447096803448,-0.037062313316938204,-0.025784193890855126,-0.025939930193908264,0.00572055247428818,-0.029285122751975735,-0.035644311618636175,-0.034586551017281274,-0.00043581054367264766,-0.037666769492209366,-0.02228502377181922
2021-06-18,-0.02596234753337965,-0.04299546693083747,-0.018319390283822668,-0.03493144289742656,-0.03567737474431581,-0.01681447935840496,-0.025628482682622616,-0.0444260595861211,-0.030083233101749193,-0.013211355687284158,-0.0412081185878205,0.15374822120687637
2021-06-21,0.024704944065305382,0.019679699274116693,0.012347612060418641,0.018377295351073738,0.02466241934274241,0.010210805771749508,0.016826134920060253,0.021761909591958065,0.04173192510575784,0.013905163512319857,0.023177533577703597,-0.14589187372458626
2021-06-22,0.005519677655102781,0.0,0.007423058638217475,-0.013751212933330143,-2.7863424943452084e-05,0.010107775895823151,-0.0014634775306362202,-0.002796530449302926,0.00663599362177097,0.005111406378990611,-0.008119100645193111,-0.07123123582395531
2021-06-23,0.00573789125383883,0.0020492077117610996,0.009955999522036256,-0.0030816758756158492,0.009797034119075369,-0.0017505163137449269,0.006039574622284879,0.001981519801672205,0.0027520116266233807,-0.0010838705186495853,0.010138637531609781,-0.020619296743295247
2021-06-24,0.015549943270028115,0.013218234725455254,0.023694262807330703,0.020619349139826642,0.021102710075606938,0.00654880606804552,0.009155924235031051,0.013992917168451462,0.00857425667254566,0.005794429545916893,0.0,-0.021679351888891696
2021-06-25,0.019163627913603907,-0.0010107383566325637,0.0032195212072707717,0.006028752017172088,5.393801394792136e-05,0.0030414649452932714,0.010047272691175587,0.015044513389875691,0.005254416638425995,0.003325063164687565,0.03242098363590036,-0.022159841862596074
2021-06-28,-0.0014425026934430365,-0.012207496368822797,-0.0005590607297790666,-0.016667182018808718,-0.00016265554550631494,0.02612012439902531,0.0018159704099209087,-0.007949991243868405,-0.034375559092154256,0.0023122888604717494,-0.03849179056522966,0.008922961867715495
2021-06-29,-0.016252746528054127,-0.00925468563470042,-0.025924122186118177,0.0015267224377464254,0.010548726659018504,0.006319796356588526,-0.0012317742080200909,0.03297380447052611,-0.004874334292574244,0.0002772977426878152,0.0013522478109196537,0.016362871262031953
2021-06-30,0.008280743568488767,-0.0031039102525473507,0.015239356083980455,-0.002290958627732472,0.018374546977527127,-0.014808832991592486,0.009041460994037227,0.011517976839279772,0.012327350544022711,0.0013272784229071918,-0.025317849290350292,-0.011931101141382797
2021-07-01,0.007490671729157659,0.016444341841437532,0.003668078365546794,0.00533742860195976,-0.01203449732553794,0.003404370779087471,0.009852286671130972,0.0035922800349269665,0.017299152450647826,0.005208041432254744,0.02531784929035029,-0.02235803048305722
2021-07-02,-0.009432928103554401,-0.011276420314539359,-0.0084854333329238,-0.011472435674547754,-0.002215747315545013,-0.0021263299188972414,-0.0009609929675577274,0.0001086732947527955,-0.0021919546233534495,0.007472095894691671,-0.033668604087834945,-0.02684284620242955
2021-07-06,-0.026596140811622326,-0.008281729720655391,-0.031744038330278286,-0.03443213313901301,-0.011558954215751779,0.006788195247321839,-0.016934062431115136,-0.019974378908870688,-0.03308839084990708,-0.0020239027700217787,-0.04356275325508263,0.08701142972543527
2021-07-07,-0.00801823725354604,-0.0010400554340029213,-0.0041134056993416945,-0.016861062260883606,-0.005938577333731029,-0.0033883376853805144,0.0011725611357751116,-0.0019971741630905888,-0.016387708477437774,0.0033533465536629346,-0.03642173294101466,-0.01470613277992456
2021-07-08,-0.024704944065305358,-0.026358865202998287,-0.017823176509037746,-0.02791642132012809,-0.024030596247039886,-0.017547989967018136,-0.01740407556435182,-0.026905510250576636,-0.005780472004209959,-0.008597881009556396,-0.025298392323014868,0.15942768983307518
2021-07-09,0.03197439654169658,0.044916112143770066,0.025448960163096317,0.043980985758356225,0.03509330600927191,0.0025872335434889357,0.03149802406701468,0.030232117643994905,0.021033190144476726,0.011214825902413766,0.0514485320768559,-0.16066304867479828
2021-07-12,0.014627728312466063,-0.0010218710685208565,0.014359518239725486,0.0007964978226554357,0.023237633226921958,0.01156089886158806,0.014214208235749632,0.026438166231747388,-0.0015146998496857783,0.0034452326955940497,0.005149028469416473,-0.0006182521843864019
2021-07-13,-0.019133319604176382,-0.019618620317943824,-0.015528765518776693,-0.019293260641758302,-0.011950184657544678,-0.011991712844466044,-0.014984930762713275,0.0049470649125185695,-0.007608882010434586,-0.0035230111811655838,0.037441325533369485,0.05708974142698163
2021-07-14,-0.025407752487308102,0.00934101832600041,-0.0029299039538957187,0.001622065266526044,-0.00421127033688353,-0.02486494637516293,-0.00341108355911635,-0.008078470857596684,-0.03024066012687023,0.0011642565654693257,-0.042590354002785914,-0.04724351742387486
2021-07-15,-0.0007725480986864444,-0.021932928982959933,0.00409915123294682,-0.007320016859443409,-0.002808290966090184,-0.02007640780947034,0.002189602654153769,0.0018368738274061255,-0.014072364900230542,-0.0032675735627459117,-0.044485205828616856,0.040797517553130096
2021-07-16,-0.023714261243519146,-0.03219155776663898,-0.022904625346251293,-0.02814754859603557,-0.023167190641152913,-0.0040641245665585775,-0.023100278627671774,-0.015010385106872878,-0.02875266753416202,-0.007567415006813217,0.0023102834829027436,0.0812629919747747
2021-07-19,-0.026454504532774627,-0.04232275264293557,-0.027581702606450383,-0.01693516528359562,-0.02802048297198103,-0.007266208502289386,-0.033059676073718174,-0.021041568172788426,-0.03597223183934376,-0.015996781399983978,-0.09600269541756923,0.1984508973721072
2021-07-20,0.020370449071037404,0.016920784159410385,0.01842189491991786,0.01357098061225355,0.027910775245692628,0.009977459284695593,0.018471960389370715,0.0326996640453071,0.01332638951450277,0.0150488060047999,0.02343203216320321,-0.13137501237725321
2021-07-21,0.02022385520263496,0.03947908270385769,0.02384958907354061,0.04770629581496465,0.023678526813542235,0.03109991564346836,0.020822077038711095,0.0357481103736762,0.03428684834928156,0.008208041662144044,0.05706649104644076,-0.09678108928020436
2021-07-22,-0.013085652131542018,-0.010810996239010317,-0.01424141683798468,-0.013748656178192924,-0.002117399561764515,0.00043714184597738536,-0.012706398525416263,-0.0011501247699745025,-0.011230427860383129,0.0020146392092429753,-0.01178794470869139,-0.01235966919142029
2021-07-23,-0.006873094707487236,0.008657872638123969,-0.0032924826814498868,0.012141104888695896,0.0035887802906110263,-0.013647539571317356,-0.001923122840911512,-0.010730129575091181,-0.003702588689609443,0.010094332386254415,0.01646452532648168,-0.028090110185145265
2021-07-26,0.011341621191436682,0.024482355040186046,0.015764700049353656,0.009607703153930286,0.00493365015904939,-0.008010807312782961,0.006682342265991691,0.020828708237176075,0.02443099778493019,0.0023793669227295928,-0.007806433337528223,0.021852459740864652
2021-07-27,-0.0039419252468481875,-0.002105173393517301,0.0030940314752625174,-0.0023932221022010796,-0.0028237368465295117,-0.007174790832019336,-0.0013198732085006931,-0.0006216463097109568,-0.009295001184705502,-0.004723583382178003,-0.033469303653128,0.09644722545763793
2021-07-28,0.0039419252468482074,0.022917736036688532,0.0017636728452174453,0.0015960045929840896,-0.0016288072042078773,0.027082621402374767,0.0016494848168846746,-0.004258644498093587,0.009093808481729198,-0.000186279231552706,0.02164418727094609,-0.055761783855972864
2021-07-29,0.014320971435979078,0.025420891916154452,0.010371751791543838,0.028303778922871534,0.00883248922612354,-0.0026315781202753273,0.008532883987063332,0.009496493011721572,0.009609630534758532,0.004197331845272641,0.0063241443393040955,-0.03388264683517473
2021-07-30,-0.008307357789688077,-0.017215840408894727,-0.010005837247691935,-0.03069882701662478,-0.007097106372512099,-0.002638521600005425,-0.008005663583803915,-0.003120488988531079,-0.01606770970309605,-0.005420713608261166,-0.023924658188967357,0.030052289414132554
2021-08-02,-0.010482140130240418,-0.0010218710685208565,0.0016255463533555586,-0.008831963226619078,0.008790900783037854,0.00088048959224862,-0.004027051415895986,0.0026010375033427968,-0.007519579039934757,-0.001844505670060361,-0.053887830101740704,0.06474405761339283
2021-08-03,0.015423097937354278,0.02024364358771687,0.0168363557095683,0.004826969880724731,0.005721300440177838,0.019172621160741515,0.011313904353398569,0.003837439092427743,0.016990763596956247,0.008169961338918062,0.0017021061390276313,-0.07576946432690278
2021-08-04,-0.007289883573087674,0.002002028799476419,-0.005240224969832096,-0.01129950387023824,-0.0065943839132809375,-0.0021604975403706,-0.010851081659123012,-0.0032140565592260677,-0.027449172606539556,-0.004643150661295458,0.006779700683816973,-0.0038879027995192016
2021-08-05,0.019408196847220463,0.01093985954693091,0.016931588855313658,0.01849676281910293,0.01689987637694888,-0.0073801307391563944,0.012549795530287334,0.015866671648997212,0.01127407281799036,0.005987485990419113,0.027490270925102953,-0.03915385947247127
2021-08-06,0.0285481453269101,0.01861877682437429,0.019607905058369547,0.01188127919834528,0.034752107142111965,-0.0013078662711837696,0.028007598466780456,0.019235446310623183,0.009130710411539894,0.0016738645485288822,0.05825336852787594,-0.06762977706408986
2021-08-09,0.012868048520046785,0.0067732161370047915,0.0063119800862702965,0.007843201002788317,0.004988849862876922,0.015584715933180079,-0.0010797498040386543,0.010076260010792254,-0.014239604900438777,-0.0009403502649549345,0.020714257855027483,0.03468554054099084
2021-08-10,0.018514628689649672,0.005769429982147176,0.02020844982982292,-0.00626954824496246,0.020029010453230117,-0.0012895770049790724,0.012192331213294775,0.012821816393492398,0.017465985666912452,0.0009921869538634502,0.0188045975772715,0.004177959028340658
2021-08-11,0.01247305625515885,0.008591835244039118,0.017925388006246122,0.01792020009586875,0.014406696599433715,-0.006039731766131296,0.011859824450508387,0.01787161238835585,0.007821501842964974,0.0012749307180154837,-0.009734267373825985,-0.03762584731032467
2021-08-12,0.004756392766362957,-0.0018270818316735793,-0.002290297338144763,-0.007751917074823011,0.002678352163251064,-0.01262818779738994,0.0039014390861220874,0.007576228303729809,-0.0009994393814189374,0.00413780773547866,0.028191769021170234,-0.03652798545002149
2021-08-13,-0.012413501487366956,-0.0028915387305741684,-0.013855544007779089,0.0085237401088357,-0.010220961712787122,-0.009687221098109084,-0.011250196968175377,-0.006998655370363727,-0.011868147097153808,0.0016060163209228441,-0.05256460157712079,-0.00902070185877843
2021-08-16,-0.008200747313162263,-0.008725123207395423,-0.013910924635475195,-0.01790624968157323,-0.005933009182972413,-0.007996390282620567,-0.006585109074179048,-0.002119060877620369,-0.01858507936039618,0.0026174222619943593,-0.031326038974801164,0.04245179814165022
2021-08-17,-0.004855804524599092,-0.016691609849996798,-0.006679748414296082,-0.02224085726891264,-0.008311828776224436,-0.010762699171805324,-0.012154312105309033,-0.008228959111917887,-0.01036067895996349,-0.007085743507137991,0.0007952658357343396,0.10529841841281065
2021-08-18,-0.0073278917086396925,-0.004962922462400153,-0.007005723169053939,0.0,-0.015353081026437242,0.006292272018396423,-0.009149243379781133,-0.015774423630063573,-0.021049058502699964,-0.01080665284525433,0.011853149907839996,0.18594423869998947
2021-08-19,-0.014818553562728223,-0.010000130045193303,-0.01816171894456097,-0.016194562547586947,-0.013200992027421608,0.0,-0.00839100609343338,-0.015224818106404987,-0.026294524826199952,0.001255903256156918,-0.024653350615805678,0.004625372816078682
2021-08-20,0.004468784631731831,0.001004659130783553,0.005853415861249841,0.0024459063693939563,0.005827090501746707,0.01600050611530789,0.0028476363025863303,0.00928187664108661,0.0021815100076695956,0.00810860389074176,0.01438874293676905,-0.154920120485587
2021-08-23,0.013287664429027648,0.008995470914409668,0.0090689968620314,0.008110369011129305,0.013997282812255719,0.012705288319094541,0.012716268168223396,0.01479156542662973,0.03679582641003012,0.008487667984412181,-0.003976144610294895,-0.07901054721458206
2021-08-24,0.013836737813035476,0.007928786331432446,0.016092175676498163,0.012043537629586756,0.017555552640425444,0.0060764318971261,0.006170812031871974,0.009062180715456008,0.016456908658628613,0.0014946188019620721,0.027506620018035475,0.004073307755883778
2021-08-25,0.01602331172270141,0.015671107716329118,0.015700762101398043,0.011900215227945701,0.011099251790825061,0.003455665621491492,0.02040317808071623,0.009653479346194517,0.00761544476710642,0.00221765740325088,0.03951885543229918,-0.025287933507119265
2021-08-26,-0.0026132007320560876,-0.011730219910623584,-0.010163418023864777,-0.03205412186866179,-0.0017197959213811954,-0.01171107278356124,0.005144760018904664,-0.002404816885616623,-0.01528951781906244,-0.0058419498276026565,0.0,0.11519875162978147
2021-08-27,0.010647296655038146,0.02140152011322851,0.0075637447618355225,0.011336273530220665,0.017498123851993005,0.008687997010340249,0.008004932390083796,0.015385915226712593,0.02630090630778202,0.008769071540452218,-0.02260832609102104,-0.13931092173088985
2021-08-30,-0.01972740118106114,-0.019436830354742845,-0.018250367109731214,-0.01541617201626082,-0.014616885601155295,0.009899048282326992,-0.016136908236902583,-0.012981098341096007,-0.011831997058163287,0.0042973241068746,-0.0207940257719438,-0.012277554840046993
2021-08-31,0.0021581969281734958,0.005870797870642817,0.003343214583200704,0.00976414209043827,0.004629781347467167,-0.0008568392093449143,-0.003058804405801549,0.00326125393435326,-0.006794836197662847,-0.0013500269158932096,0.014677786491095381,0.01775369602797844
2021-09-01,-0.013504095381121708,0.0,-0.008378868593428214,0.012072446266752608,0.0003624356916428433,0.007685682512078422,-0.0014386569075704068,-0.001149886209049365,-0.014778182883194475,0.00031164006095334113,-0.0015348999178361302,-0.02270726162901823
2021-09-02,0.0009757773484989841,0.007774677434746194,0.0026608382212229393,-0.004008033692957708,0.0020286903124903228,0.011839508202529995,0.004622138093251897,0.004972870939055865,0.02505580283006746,0.002838605754404257,-0.006163360019256707,0.018450660728144403
2021-09-03,0.0007308985610103362,0.004828401792866109,-0.004626253389494661,0.008796649687088792,-0.007725766369377224,-0.008018662129561392,-0.006063297261951171,-0.005548141414748843,-0.005742726831290118,-0.0003350872611813474,0.02140754270272494,0.0
2021-09-07,0.006555801323121134,-0.01065370868148175,-0.004929749362625898,0.018927982378478075,-0.0024098586810214987,-0.0080833943673494,-0.0017573093255475651,-0.0006715674223317732,-0.0059820861599156625,-0.0034013524523203464,0.03566498169225158,0.10022851523673723
2021-09-08,-0.013154864952281901,-0.017682446292132635,-0.011074648829279502,-0.00548377479665432,-0.013050282822908897,-0.019409868938268154,-0.004469394660271691,-0.005872673573871184,-0.012911701053793943,-0.001319436813816666,-0.026628802261249338,-0.009972399142124519
2021-09-09,0.003671636583431215,0.010842850048859258,0.005978527772443347,-0.0007857734483082118,-0.0010376242650524177,-0.0013074735778557667,0.004343738948150582,0.0026033268609755218,0.0020938109262529053,-0.004616247150002522,-0.026587184282715545,0.045709817355874635
2021-09-10,-0.016256695108823892,-0.012826810436992846,-0.012711950205521405,0.0,-0.0027224284757513305,-0.015824403739992166,-0.011562332397176685,-0.0021206799449450513,-0.0004185060565991739,-0.0077525522862761,0.03182081836508138,0.10828185353128676
2021-09-13,0.016501026773531033,0.02645911022731906,0.013562898569111092,0.030199664705817784,0.014223607720518321,0.01974179544829221,0.015762370007149803,0.007499234542733505,0.02826402461556983,0.002273900346369644,-0.012758116906599084,-0.07841316203994701
2021-09-14,-0.027236093662726807,-0.026459110227318963,-0.024983138549305447,-0.020031381684771983,-0.013703288704857694,-0.006100261169278081,-0.01760694739030595,-0.024139442826581356,-0.014548139923050015,-0.005763213966258604,-0.036143920018749234,0.004635508965875068
2021-09-15,0.0075019245030373445,0.007912881571367871,0.023990221216325772,0.014677624302339936,-0.0043195653896706855,-0.014084668063489202,0.006915826269954281,0.011027267719877866,0.036677288107857635,0.008438294222079725,0.020922940646347987,-0.06803892417555253
2021-09-16,0.007693251290382758,0.009804154562767793,-0.006407962581182149,0.006116245409499199,-0.013197941472027219,-0.006671042096255162,-0.000442893188260589,-0.005547218652601453,-0.011405915187097163,-0.0015523447127638308,0.0204940383384626,0.027666544506303185
2021-09-17,0.0012352281636672986,-0.011776375434833931,-0.0005718578944423485,-0.016135545080239812,-0.01324669548139477,0.00489636017281329,-0.0025967472717356574,-0.007051445062846831,-0.007474010521047763,-0.0091526302757993,0.028880226119420968,0.10744496470005153
2021-09-20,-0.03492381269762573,-0.04131568555676101,-0.038763266910925964,-0.07643442514782209,-0.034645169392786536,-0.027004318135662578,-0.03039115383500816,-0.0311432825030148,-0.03101279781053636,-0.017123077726381844,-0.045547244736005035,0.2114463709259874
2021-09-21,0.0005115521292697932,-0.006192021415597568,-0.005363446535989689,-0.008396469316770086,-0.006074512281223517,0.011791448610820454,0.00013066131156751838,-0.0033514706253124716,0.002325782647642165,-0.0008126886585469564,0.011393959650522471,-0.0539375177708427
2021-09-22,0.025483781114305864,0.02756688722238205,0.019234187162297335,0.03317054965957427,0.02530003191024836,0.013879923716360452,0.018971673213069345,0.025114407626176206,0.030368526396905064,0.009474585224220084,0.009022591181528528,-0.1546297065956409
2021-09-23,0.03788781334391207,0.033666565730940734,0.037957438795881135,0.01858636440274894,0.016441087251560342,0.008853464875110753,0.03324289211046296,0.026916127857772802,0.03443393290409755,0.012061680369935969,0.05390963130066712,-0.11353962173545984
2021-09-24,0.010736036871842596,-0.005859548947542822,0.004223468084700317,0.016673719991798414,-0.0025806134586518065,-0.019582303504543194,0.011473903755338964,-0.006199761311932556,0.007493758603311814,0.0014599428113642636,0.03484678113099852,-0.04838762364465317
2021-09-27,0.026231045714841524,0.025146423500478247,0.015058891845389763,0.023347351763323067,0.022665392523288908,0.008057514298168162,0.02387841972880255,0.02105756242902555,0.03494219773233523,-0.002780243920187674,0.016304661047198972,0.055341439857178217
2021-09-28,-0.002314284816794053,-0.026126470796208875,-0.012393262901481425,-0.020987925557189098,-0.0261254646310867,-0.022088025139636078,-0.005404602459206777,-0.029547508087817247,0.003409149973783436,-0.020574317739894057,0.03313760553889648,0.21457817625476233
2021-09-29,-0.002087307623149276,0.004890225697142868,0.0022393108976451895,0.004702217124223665,-0.011906195413608718,-0.01053849267521359,-0.0007829241848149733,-0.024704696678078217,0.0,0.0015679543362838073,0.004552833473379516,-0.03012672907627412
2021-09-30,-0.014499893907067683,0.006805912955826495,-0.0190534750027869,-0.007061643330357698,-0.017984189964747235,-0.00276743314585246,-0.013712347360125639,-0.02275828862969142,-0.015241068487986962,-0.011981202945014901,-0.007817606269544803,0.02538429243196716
2021-10-01,0.014731791466523082,0.010602686465869118,0.014148535161233319,-0.008699087300797263,0.0051976834406804,0.005527508807893922,0.020797773893382086,0.017722873634190856,0.033043407153658375,0.011425952113334161,-0.03324779060907232,-0.09228963682790375
2021-10-04,0.006017391685419521,-0.004805520194083513,0.0015444341285783128,-0.02005688945012483,-0.015514448964588558,-0.02653185685506646,-0.0010778228654532071,-0.019368522595700075,0.016212516532088998,-0.013070952048643704,0.0013513341958863072,0.08448047301532594
2021-10-05,0.020101236313341757,0.033162726933845456,0.01724428926185254,0.03581762008127991,0.030688299686614445,0.0018848854287460011,0.016198545936483445,0.02088193540871924,0.005831079039578884,0.010469517498601526,0.031896456413186135,-0.0750464946798554
2021-10-06,0.00045216343412974154,0.0018620409665039172,-0.001518255922570159,0.0007815576724305985,0.005789041833402796,0.0023515034779810883,0.0021322927494937536,-0.0010085689261315153,-0.010593816324045354,0.004094399349624824,-0.003275466459486603,-0.014184599173202148
2021-10-07,-0.0027162448329622587,-0.00934580267724143,-0.0031805720427846686,0.0216391578331228,0.006601184242635097,0.010280328304636079,0.006310381053982853,-0.003032002609537326,0.007682486354093769,0.008264039225065405,0.030373857346698636,-0.07205874425477805
2021-10-08,0.004973904600489908,0.0139863072405598,0.0022137172985435944,0.01064643982784694,0.005590565230017968,-0.007934627139714334,0.0007641021459115607,0.012472559349005418,0.03032983482895028,-0.0019155566024214522,0.021411421940320634,-0.04020381848217929
2021-10-11,-0.012710273986165949,-0.0018536185128932678,-0.009303649601067837,-0.004548841679642326,-0.01945934604073657,0.0037417524526554865,-0.021255850406584634,-0.027873877571076972,-0.0037190779854182417,-0.006889441644339833,0.005591778337810566,0.0634723985675252
2021-10-12,-0.005496912025637242,0.010152439199274907,-0.014615184342023984,-0.004569709379198381,0.0033428939314236864,0.037117723266362965,-0.0077109895745405745,0.005023936591669285,0.0008867576635647611,-0.0024197056865549256,-0.021290672603096465,-0.007528247203173337
2021-10-13,-0.009229237456376974,-0.011080435251265218,-0.005393888029414097,-0.030223153497253637,-0.0005691757824308705,0.03187509129115005,-0.026720432164713096,0.00804688435454579,-0.0008867576635647631,0.0030179558702319183,-0.019815296758308995,-0.06289424983755545
2021-10-14,0.043766107984631146,0.006478473026377114,0.0076561876234388475,0.01638746209308396,0.012578871193351365,-0.003929008285414946,0.015225081520095135,0.02445248739375003,0.012168300651908777,0.016919162285711567,-0.019557318670041256,-0.10036578773839322
2021-10-15,0.02843582614779286,0.02280090988848209,0.020826810388368765,0.027482565893364567,0.03730665073722671,0.0030571397991274204,0.01902621047110194,0.011124976828382236,0.0048959386386667894,0.007432520637190081,0.03683771693034626,-0.03377892776825488
2021-10-18,-0.0019426716627487426,0.0018015501846944983,-0.009451139989271242,0.0007527309656816502,0.018591121027365157,0.00391739170830015,-0.00036015242890223526,-0.0071728952311954025,0.0006976559293525374,0.0033690878018038262,0.005063312271148596,0.0006133228821253111
2021-10-19,0.004311853242893915,0.00896077532509357,0.002092809431908713,0.005253390878075243,-0.003705388796838175,0.024035500277320713,0.01205585000284871,0.003347123296250694,0.011266297578998082,0.007366142784235753,0.03168951054271613,-0.03811768368319456
2021-10-20,0.013038797311772909,0.0026725801961733353,0.0008356631106998953,0.01042446912298779,-0.010413938523118262,0.0059197881760251385,0.013376190629477017,-0.01077012437830037,0.008067931232531765,0.003657333598560689,0.0006114623984987851,-0.013466060552870796
2021-10-21,-0.0055366885120910325,-0.017048275383598082,-0.018408522657497792,-0.000741096245033125,-0.0007357621698532314,0.0012638695505916106,-0.007874488910454135,-0.0037823357565906456,-0.018637214622578193,0.002991393168360022,0.024155740576028324,-0.031477978758680386
2021-10-22,0.015678194502244093,0.013483113102154035,0.01212293028514743,0.010324685048663684,0.016376841625243378,-0.008032222075465802,0.013361463901641694,0.015043910971529828,0.009362140335228065,-0.0010731292246643565,-0.012609009948994818,0.027597025259155847
2021-10-25,-0.0012619550657532981,-0.0017871599406466788,-0.007594745856098879,-0.007363825430585061,0.0010373930898710793,0.014746608816573048,-0.004901793572737024,0.0010799451589316882,0.014561156992811738,0.004736959440853509,-0.012158193025532062,-0.012390150913142705
2021-10-26,0.009427222378227526,0.008017877448185846,-0.002544832624028271,0.019759131362976842,0.006871920500882492,-0.006714386741107245,0.002687194306281326,0.015191568128959243,0.005765594219451953,0.0018181414322441137,-0.009834149739112877,0.04741437645208414
2021-10-27,-0.01936904590471719,-0.017002705513365815,-0.004823914980038562,-0.07835330917544407,-0.015979076199308453,0.029456518717540906,-0.02104841332912409,-0.015584164093805189,-0.029166566001935356,-0.0050643703711055294,-0.057194693138994966,0.060698242232118525
2021-10-28,0.015608743869632569,0.01077198800582671,0.008074396431557173,0.017864524033698988,0.009275775752415545,0.03416055115611867,0.014962410176370587,0.013060292274254275,0.0071125507213954916,0.009781288424184026,0.02518694013691895,-0.026859200551924454
2021-10-29,0.0,-0.0008930813417769028,-0.017344338309735755,-0.013173419341657475,-0.0035498806464638317,-0.0015816249075156152,-0.0027629424471965537,0.002728251855369222,-0.0065903426636437544,0.0019474372317175562,-0.007039976585470109,-0.016468835176247053
2021-11-01,0.0014641385902357399,-0.0008940785988696978,0.006485561560746742,0.029967677147847784,0.008071701247677785,0.020368932110791584,-0.0005298436614083975,0.01180011355408493,0.017079734563109517,0.0017984589459023885,0.011494383363283841,0.009182777607491557
2021-11-02,0.0006266930569266158,-0.02261516936096364,-0.014615940980014373,-0.006074367888602979,0.017013116160395407,-0.019182458890041183,0.003938140067177558,0.006326239314517035,-0.009452952713085397,0.003673607120388547,-0.01664572511079464,-0.02342888634704037
2021-11-03,0.010181715169680874,0.019928127275849895,0.005814059617461416,0.018113677063033802,-0.014137325687957244,-0.023191878181466428,0.00035187208993950363,-0.019781815399363772,-0.0083230681109459,0.00644049461289024,0.019182155415434193,-0.059767240372714976
2021-11-04,-0.021735453704350365,-0.05721117318107787,-0.02941394838436205,-0.047482099678824205,-0.02380330639371151,-0.005272744464634729,-0.013222612918232977,-0.027867452914687427,0.001392088044601964,0.004173222342817036,-0.035453243678858784,0.022266748335608214
2021-11-05,-0.0076350253419912575,0.0018975848319499325,-0.00014921763320360407,0.008590390216450815,-0.0024291821883446942,-0.012686683818544216,-0.0014269893891950226,0.0008014037821365497,0.012956860286108415,0.003725850045284445,-0.047708139377075104,0.06518597928502101
2021-11-08,0.007846501088936102,0.005671035078206003,0.02156023493921897,0.0031056020419273373,0.0030902478422296822,0.017959428283178865,0.005992186305928404,0.0020007477890399343,0.00905597424518304,0.0008873940607025194,0.02983274162056066,0.043923962420296184
2021-11-09,-0.009764423329444712,-0.012328289535860478,-0.00674292255750717,-0.010911983593874162,-0.007348971629521532,-0.005272744464634729,-0.007600190089035624,-0.0036041104547064433,0.004074108601558242,-0.0035049109264001276,-0.04439099424691552,0.03200280958004064
2021-11-10,0.007437972900116294,0.0009538752285980687,0.00323049840720231,-0.007867968859306239,-0.015488895283236088,-0.014335542955152998,-0.0009541615906478695,-0.019648210734775427,-0.026782744916529717,-0.008259842163861058,0.08561368740634173,0.052052223311124725
2021-11-11,0.005489836255844723,0.017013678476651882,0.009629539325222728,0.016451655586285054,0.008035476377945485,0.02605989018495698,-5.962090148057214e-05,0.011289273058393594,0.003820855134951204,0.0005507883329889288,0.0,-0.05882430548036191
2021-11-12,-0.012288062788590997,-0.004697070895391896,0.004202135705235046,-0.008583686726978974,0.006367136634794611,0.008006549644633388,-0.004484789721034952,0.009762031483939042,-0.0024297353711015372,0.007196697564130407,0.014004095614707172,-0.08075070771974943
2021-11-15,0.0029796925919408287,0.005633760063264366,-0.0060913214968922194,-0.0031396458636092878,-0.0002469707415961398,-0.012033746755037196,-0.0017993583945161967,0.0035989789540498756,0.00830570763684933,-1.0739878017001878e-05,0.025586424201274934,0.012202643875715364
2021-11-16,0.0006376160301638152,-0.002813017055632303,-0.01465464784357804,-0.000786558650162129,-0.0042580611402799375,-0.0024244056547655,-0.007230809952183283,0.00477857824251436,0.0015498228270112474,0.0038577790571266367,0.006754657605167728,-0.007303680041878168
2021-11-17,-0.012181218698714467,0.00841531914373241,-0.013225500423056553,0.019478581780043504,-0.029046310819323014,-0.0060866064730950705,-0.005396657478441811,-0.0303498498899601,-0.015431580708985856,-0.0026050154828958787,-0.018530469800732474,0.044212680926723626
2021-11-18,-0.0040932077010616295,-0.0009315574329949583,0.0038817870875848637,-0.0061919890983407585,-0.0004599379438072181,-0.013934278944569013,-0.008671237532684811,0.0,-0.0059585902280798585,0.0033790647401719144,-0.00939561304991923,0.027667443847847712
2021-11-19,-0.02006193581467362,-0.029316465112071474,-0.011540024965598583,-0.05670172978614823,-0.010221430777320588,0.018806557184242307,-0.01314975373993707,-0.00791375008197938,-0.039804422410326806,-0.001399644604988097,-0.03392323573433763,0.01802864012875469
2021-11-22,0.019198039872772642,0.010501147209548362,0.010496483491138426,-0.0024681287071542223,0.022386227832772464,-0.02335682778409943,0.021090972172724484,0.024564074914682203,0.017587288893751475,-0.003202258316960725,0.05632617236387648,0.06798735348449784
2021-11-23,0.026019750496843134,0.002845239273912547,0.015246890683169033,0.03480716967727179,0.025372135577830357,-0.011676405107918656,0.023631229114204347,0.025252208374154383,0.030270417068704668,0.001655761383195201,0.025517821168185507,0.010895002121107753
2021-11-24,0.002733037863501375,-0.004746325964684272,-0.01167321102359618,0.020473217722393598,-0.017752701948421868,0.0029319078611193808,-0.007875248847748529,-0.007291315446747427,0.009717019007249908,0.0022912237766672798,-0.013285264327375696,-0.04215583387907041
2021-11-26,-0.04005234674007077,-0.051744073253783454,-0.026813115235817038,-0.04707695847295888,-0.024856338628061688,-0.013050199569871282,-0.030589883432806154,-0.0320549889498227,-0.0410663428810048,-0.022987011159321162,-0.10434785025315,0.43202007417217186
2021-11-29,-0.0037222205868265466,-0.0010023101913010336,-0.007047547969412694,-0.004913942498914294,-0.007345960623820828,0.010956808513773857,-0.0043324034556117,-0.007173666289463178,0.005740791672411772,0.013113836082824229,0.031875194335486905,-0.2203522718751432
2021-11-30,-0.024873339207274664,-0.007045903001042671,-0.02081804959413703,-0.013223284235330679,-0.014462388408221944,-0.015628660026591405,-0.014997399982116287,-0.02509895865331156,-0.02371371275338651,-0.019143381187850562,-0.058543465331683475,0.16909574670959093
2021-12-01,-0.014268305733906786,-0.0010107509892267306,-0.018698028933987372,0.0,-0.0066445290543462225,-0.031570307713959495,-0.005936109806890004,0.004629830566766082,-0.010681530924808022,-0.011885541457955926,-0.006256498555017881,0.13500144799177308
2021-12-02,0.028470143390373806,0.024963966752669334,0.020423393424962293,0.03193059050688879,0.028954023500481044,-0.004403230393302078,0.02080953811225737,0.03709446418909309,0.028654452005782854,0.014094638396057768,0.009715509531864602,-0.10743349938015533
2021-12-03,-0.02298446437314283,-0.018915622696938222,-0.016591912375923005,-0.02612392601672349,-0.01248925987517728,-0.03183411599695754,-0.0182788595696625,-0.006596461761339946,-0.007948265013051726,-0.00848445514173865,-0.07527730433278608,0.09286775371604661
2021-12-06,0.006362187233598357,0.005012676508577371,-0.0038314810490393037,0.03494880372076277,0.017020229117253944,0.011775609194638532,0.011744415868191922,0.010735102859616706,0.01476202983949393,0.011662599309686139,0.06556179480092132,-0.12080356066278455
2021-12-07,0.012604309300239416,0.00697557916874668,0.0060596454144782414,0.021336144630904073,0.027389332605325858,0.0319031595389247,0.014935356225712987,0.03201928163780035,0.02313974020707631,0.020495603186252546,0.03157434784536822,-0.21645153629884614
2021-12-08,-0.012377637161865681,-0.007976106331479346,-0.007019707591640345,0.00856363888495148,-0.006997461606882713,0.003048175631044882,-0.0115073285657675,-0.012269815709093159,-0.0001747507178455823,0.003080535586585806,0.019405041834731684,-0.09531017109099146
2021-12-09,0.007444951731650405,-0.01920227321052052,-0.005136668947944451,-0.03711426456758489,-0.0020912406318386273,-0.02911521597269347,-0.0015568342136266626,-0.0066392387133171575,-0.007713927739723788,-0.007206988232523656,-0.014686482716322048,0.08104724373347415
2021-12-10,0.0006740992433663117,0.003056743700321786,-0.023281456980537043,-0.0016103966523099951,-0.01378983914777539,-0.00673714131679475,-0.003995978726619192,-0.021607866705607964,0.007364646298603917,0.009503769118209724,0.0013440689412382281,-0.1437783062526054
2021-12-13,-0.02134027707841748,-0.027851146858998022,-0.008768365510758097,-0.017066699083982062,-0.01655312735382487,-0.00526855235712682,-0.011960016419292738,-0.012883586099203382,-0.028170888096505357,-0.009178158342793815,-0.044634898320785474,0.08312469925500683
2021-12-14,0.012541533971539348,0.0072954614191662395,0.007614751064378109,0.008976102064731296,0.010808872957608351,-0.030515522139484254,0.007633092801720441,0.01683800177952444,-0.00414166849465281,-0.0074987228546236715,0.009783403695070341,0.07491653435511594
2021-12-15,-0.0043148697058910815,-0.007295461419166196,-0.006618039702794588,-0.006520009703175226,0.0027992934350775543,0.016760182268168475,-0.007506430759755652,0.006153863403794841,-0.004883712421863456,0.016216267351890877,0.01723592835599222,-0.1264430092732273
2021-12-16,0.023837573899149984,0.0227514465281013,0.01368406344471315,0.01782855466423317,0.01895183857971225,-0.022409919381830536,0.015517781332739516,0.008711751494972424,0.006326172774450514,-0.008781863311112446,-0.028424795527567475,0.06424681445002371
2021-12-17,-0.025203848973757978,-0.013381586018172105,-0.025372359505040812,-0.016194562547586947,-0.03997101529789053,0.0018867945421693602,-0.02301712497933262,-0.03211541736016793,-0.020570485072309578,-0.01034096458405368,-0.014164613685132018,0.0474697574240046
2021-12-20,-0.01654434463395691,-0.005194609793401342,-0.02138936438967842,-0.007374169711329452,-0.027051937445974727,-0.03745025037614962,-0.01815316334401848,-0.018286169123449304,-0.01246644023941312,-0.01145339832325659,0.012052665771488297,0.05852259847760256
2021-12-21,0.023584220877580782,0.03077168324031968,0.018698287730357255,0.019544655293760475,0.023168297674576253,0.032726620061416745,0.013869860659864296,0.024853643824161484,0.028086789807279425,0.017621755385195486,0.046808240769695975,-0.0848275189796523
2021-12-22,0.002034546547522156,0.02296650944313024,0.0036984219701077787,0.004024076965155988,0.005270691740639159,0.005665646667818883,0.003900515793254935,0.005406379810092,0.006399183565291878,0.010128728029127596,-0.020381120787018498,-0.12022538618477858
2021-12-23,0.0031566031441781373,0.010800371896675116,0.010182755997116499,0.013562275609267701,0.007063481338255473,0.0,0.003567028320714063,0.010524382275949573,0.0005466511975780089,0.006204412685251626,0.024408000002588325,-0.03662612766793574
2021-12-27,0.004940818599482358,0.011650497291684781,0.0072812222564567625,0.012598546621159829,0.0077610798073360675,-0.001413405176576065,0.00570711156808206,0.010613809607691222,0.021622526622196457,0.013744051573605864,-0.00807003977244142,-0.015712937427571433
2021-12-28,0.0013430295148147279,0.0038535656000836544,-0.000494753084044119,-0.006279391167648911,-0.001108766509085237,-0.009950363265214939,0.003030119217033437,-0.004292167741779538,-0.0007132060104382591,-0.0010106653988873737,0.0,-0.007950035329993409
2021-12-29,-0.0015673586488859517,-0.0028888615553181434,-0.0013205151481611962,-0.008699087300797263,-0.0036443615621834084,-0.0033387834075891,-0.000504400580959828,-0.012481362478465357,-0.006442480154906533,0.0014009134018576786,0.04101106303080102,-0.03421616030294203
2021-12-30,-0.002243218381373582,-0.0009647040447655122,-0.0018187891167523846,-0.005575413999749057,-0.0017621240932849593,0.013862865943693067,-0.0005045477059257501,0.0007088892975540599,-0.006123068058675058,-0.002994233841904309,-0.018313132736840987,0.022171220487458933
2021-12-31,-0.000898508375350793,-0.0009656355974043639,-0.000662005693310159,-0.001598896069274437,-0.007733784644789935,-0.0018878422062805864,-0.000820513990821374,-0.006498784451009568,0.0025257728334799187,-0.0026296343734744394,-0.001982175098939814,-0.006367640200394624
2022-01-03,0.03728231193512206,0.022923721175913705,0.043897037508611424,0.025277800683297692,0.032861542520163975,0.007998168554672577,0.020934807963110563,0.02046954788647937,0.030520681773820148,0.006353824170388397,0.07391902604776653,-0.03666874078209838
2022-01-04,0.038445785839561895,0.020561294742781126,0.007735522699001091,0.030724395350281222,0.03027099895726294,-0.015584610541521845,0.03720877440792375,0.03981949233933423,0.034017844321507076,-0.0006298202522032699,0.0242730131772662,0.018502435544357602
2022-01-05,-0.01702258606863101,0.0,-0.01170515468042411,-0.0037893302691135774,-0.021958193196426987,-0.04776744258562428,-0.018451070976853418,-0.025057320098033787,-0.00016875147414020903,-0.019583264304501073,0.021939842260664207,0.1542351429461621
2022-01-06,0.019935690048889322,0.03186427054349877,0.032250596678419154,0.04962150611139489,-0.004273729029268398,-0.0140776233902556,0.010568015328627655,0.016967785271256884,0.022055847109059053,-0.0009642337401809882,0.016288897940406215,-0.006100625500360934
2022-01-07,0.02158148424939167,0.01688184544915477,0.013314063806307163,0.01790235342509446,0.0014601394500590482,-0.004567556074925114,0.009859055386023233,0.006073256896766918,0.013623606002384122,-0.004058441082336512,0.021690340570870277,-0.04431271555415718
2022-01-10,-0.0050964648635767155,0.017467580209197402,0.0037935529521179305,-0.015016339903208867,0.004167418110229142,-0.004588307890179884,0.000956954091524524,0.0007684374232032839,-0.0031024101555545427,-0.0014420705375388979,0.0050689738137851045,0.03354609062729154
2022-01-11,0.005706127232359295,0.0034573134320614405,0.016223862377262813,0.017851219232185703,0.009672967901914452,0.008649261646906534,0.0010156539651637348,0.017043990780579575,0.03344920866053383,0.009118286452399373,-0.019285861318339044,-0.052379059449223685
2022-01-12,-0.00713771786149288,0.021340881902355485,0.0025301381851125146,-0.008528862123258424,-0.032119237364995355,0.0025299384700833366,0.005655696953357767,-0.027469877056118263,0.0018959428577165803,0.0028137920146670695,-0.012100422607802053,-0.04385931881904721
2022-01-13,-0.002048901536121857,0.019239458649634937,0.007403903018898105,-0.01148608602412642,0.0012546845307103316,-0.011179200116989831,-0.0012472979303490403,-0.004863627660564199,-0.005064090386222099,-0.014346029234400533,-0.00814908946025344,0.1420786811593658
2022-01-14,-0.017585903818904045,0.0016556740249099703,-0.012619816389765842,-0.0043415538523646855,-0.02555396975761316,-0.006150607818992903,-0.06343379905261357,-0.03644355904454267,0.023209405690985525,0.0008196442695905652,0.03503085204347895,-0.056724011447385425
2022-01-18,-0.03504670624661226,-0.035357136745448776,-0.024655219761537978,-0.021253992199504426,-0.07221589213641882,-0.02815613272636085,-0.042832141685950474,-0.0505057307235391,0.004022179139900633,-0.0185591053980085,0.05115223132139853,0.17193254558031584
2022-01-19,0.003883510995373631,-0.01990551266083423,-0.01636597769964437,-0.019447113405871592,-0.02017955007752402,-0.0026476141342200578,-0.015589898856479963,0.01813062764223124,-0.007282708957757352,-0.009736790941460195,-0.020585768807692254,0.04546234989896832
2022-01-20,-0.014969299932144773,-0.022095466755349992,0.0034187559647911757,-0.01368846760485576,0.0022431658876216677,0.006342408943018174,-0.008563866356177825,0.04193682559148814,-0.009218222260674603,-0.011098742304330734,0.0032786492796716095,0.07041742280560326
2022-01-21,-0.0183087701876545,-0.029934203974386377,-0.018633654502456843,-0.019327900745040046,-0.01210971545965418,-0.03648477080216379,-0.017627356215022066,-0.009764085096265447,-0.019975311485063454,-0.019095995324635427,-0.04805391953901056,0.11990835004213829
2022-01-24,-0.008270910196769109,-0.02140607494689654,-0.00904978147253238,-0.03011321365736503,-0.0015132095183492832,0.0038180504317569283,-0.0008962437486515186,-0.00792113442056174,0.0067030332448330295,0.0027679047582695165,-0.006892597498437518,0.035748461461826586
2022-01-25,0.019560662651998233,0.0296591325342739,0.022238920103369825,0.012789895051478381,-0.005372826641303098,-0.03039757632410534,0.010840871629452067,0.009740219123310863,0.03807598042927051,-0.012246590556866267,0.02728991295819308,0.04127674846717597
2022-01-26,0.010292244736357436,0.008185803998518872,0.009933357526610153,0.027420356646376872,0.0033031890873295947,0.0033611779838788832,0.009441902458346656,0.011344982638537593,-0.0016857033563998979,-0.0014977569258856588,0.03580666545244514,0.0253498761464045
2022-01-27,-0.009412040815653725,0.0009053106281127993,-0.009309683882433912,0.018377295351073738,-0.00482666448064582,-0.01578371640986541,-0.017802331709838342,0.009735867910778214,0.01083080827166482,-0.005398635199970923,-0.02243596575042675,-0.047086338758656796
2022-01-28,0.008758307214804808,-0.021958876288802647,0.008382633347653087,0.023248052119170432,0.017383087398657394,0.009049683464879008,0.00890655665037485,0.013350166244189735,-0.0042573056507118475,0.024055967914736694,-0.013931735760173782,-0.09741143277332177
2022-01-31,0.005869006152614415,0.007373298302845125,0.006625039806880319,0.02922049851725744,0.021862425976903084,0.05424526335376166,0.013482324360099381,0.007242619790447025,0.004408852998510866,0.018709826222984446,0.0,-0.10793472427263467
2022-02-01,0.017189844004790854,0.0217993078946392,0.02187194168245814,0.035364470502524295,0.026102850230076455,-0.001601631981015968,0.017014436030403517,0.013657180069858641,0.03502840837468306,0.006839560348317067,0.010050339867282244,-0.12283002149677473
2022-02-02,-0.001065515143478477,0.016043157706094664,-0.004970023819682941,0.0013888194423106132,-0.0027508767112150536,-0.004282482033628649,-0.00803725332880834,-0.0002886322750506283,0.003217591505577879,0.009378400448324454,-0.019069517868736636,0.005902449388932326
2022-02-03,-0.009858888942989417,-0.004430687414634159,-0.014754281539050883,0.0480959621548779,-0.011579873289369743,-0.025537770229240444,-0.008304588115398045,-0.015809516165466088,-0.009535963933391154,-0.024693471720120656,0.03395816885919295,0.09740684085512573
2022-02-04,0.03907181420232061,-0.006236168439765218,0.02033247123035523,0.04082198045886113,0.024007344286452573,0.009312482301155148,0.025627140097072086,0.017636198537797625,0.015504317324669566,0.005143678439863626,0.054844686337924685,-0.047517918496258305
2022-02-07,0.004752428447683801,0.013315738640285447,0.0042281777044675195,-0.005730624281917891,0.0014949045167997152,-0.006015720990630205,0.0033374303729428807,0.010224877231418891,0.012691320445385125,-0.003708580927828488,-0.0072802917111966965,-0.015625261632240678
2022-02-08,0.017775641242817053,0.009653398467717797,0.011387659492978909,0.04739035748535975,0.005283035575021674,0.0021915232333121707,0.018639954716157828,0.011062334071944253,-0.021730569488747763,0.00836611346663433,0.019638867639990804,-0.06413032395420283
2022-02-09,-0.002027217622476282,-0.002623401681734216,0.010669864756799355,-0.001828651978912586,0.011898487047102474,0.0354877578487882,0.0041594244535469085,0.02213227455648511,0.008313310026472159,0.014412842079264784,-0.01287680736260204,-0.07152813609679119
2022-02-10,-0.004678169676052766,-0.0017529933663217288,-0.005024428334608346,0.006689008040933526,-0.010629651620306949,-0.025683592651765636,-0.0041594244535469544,-0.010725829654641956,-0.006265041690672173,-0.01828182448505601,0.05152648851925454,0.18056655007325953
2022-02-11,-0.023307232509616006,-0.029374607622395014,-0.005198611023485574,-0.04969968414600762,-0.020474246515700026,-0.02636077994985779,-0.013102680598621866,-0.02828504951291315,0.028670168065117713,-0.019151682638086528,-0.03813801743608157,0.1347853399740475
2022-02-14,-0.01048888197899607,-0.03586585505519588,-0.010328828479384511,-0.004468581263531664,-0.007797558770135951,-0.007821136915867818,-0.009333714653180584,-0.019311236023157666,-0.0238587793945178,-0.0038479907556283146,0.02075498830116848,0.034839196086860244
2022-02-15,0.007772446297607246,0.017633927953547724,0.008092440141677466,0.020266678188066024,0.010218584783815746,0.04924402564382723,0.01451788200821425,0.008349536895773623,-0.010527635773994128,0.015643717646064172,0.024252623112237002,-0.09743028956184699
2022-02-16,-0.002304538545412136,-0.00831425628151351,-0.0007464444261903689,-0.011349395079646489,-0.010745993298777687,0.000533805260480581,0.0018083570935536013,-0.022290511215807177,0.008052008640218914,0.0008808197202838003,0.0009774463328432038,-0.05642624088191999
2022-02-17,-0.03434995168118912,-0.022514896884886348,-0.0340303844851535,-0.020500459062906862,-0.030999109710117014,-0.013971300457119902,-0.023301610573492195,-0.05069525147389624,-0.0016051975730407583,-0.021400504136936647,-0.037327015503893606,0.1460606259257955
2022-02-18,-0.0023905884944696795,-0.004755142431672171,-0.0088473987554928,-0.00910268248917043,-0.008689395436839468,-0.018569640093070626,0.004677599907047036,-0.007621108751290516,-0.006153053117343876,-0.007191961663866342,-0.02049250061526983,-0.012889566438965801
2022-02-22,-0.008741358932837064,-0.0019084487627621153,-0.0039054186282826086,-0.02983325869161856,-0.005128183247922533,-0.025119794196450964,-0.0017763021312855406,-0.0070463032721746486,-0.016296673242727117,-0.010194735435016016,0.00824742470518447,0.037486690366762734
2022-02-23,-0.017268512794457062,0.025461118495386677,-0.010542118095821219,-0.03422650625712703,-0.008986913675634334,-0.006806720140584738,-0.02116120429215216,-0.01274582625194788,0.010253544414981226,-0.018583735748788438,0.01477736150252962,0.0739096419462359
2022-02-24,-0.026704492352348837,-0.0774082130075374,-0.04117143362126676,-0.1173478552573254,-0.002935142813631982,0.07349806884472952,-0.028237987252965068,-0.01877476277141136,-0.007866492728651253,0.014846105252724002,-0.004054752769267829,-0.022824621796435525
2022-02-25,0.03204976261997694,0.04041970756920631,0.02136238894395189,0.05113665625530264,0.028771729121923537,0.02764192235373325,0.023383776878536242,0.02940761089715199,0.02603276626313281,0.022126080551265786,0.008596745876426087,-0.09435415694926126
2022-02-28,-0.01838214974979107,-0.044451743034085694,-0.04538363608389509,-0.0781223317054284,-0.025543327589698194,0.06328366671923247,-0.04259173739773504,-0.04113074011461837,0.024380998679193248,-0.0024455914631261143,-0.07690059796884804,0.08873151676105362
2022-03-01,-0.03992662237535842,-0.06144574753973036,-0.010863996606572904,-0.09001467253396926,-0.03323220502544867,-0.009703940142995226,-0.03845948875879074,-0.03487477731704269,0.010008970456499565,-0.015594467786613053,-0.07448448449339773,0.09997289761890603
2022-03-02,0.01611622117739637,0.03379427500204889,0.016420037929649287,0.020906840351713363,0.0246184302179644,-0.016220631322298614,0.02052776120716843,0.008522109569134588,0.02260705614912388,0.018471046780652183,0.08852360434069077,-0.08059307747498817
2022-03-03,-0.010768216307988432,-0.03052612606972035,-0.03311435331422147,-0.03777350275239314,-0.00883865075242216,-0.03069427706231825,-0.007133036841234957,-0.006811788533657814,0.0027389254492778,-0.005268520744245652,-0.01132394290127425,-0.008494014864764431
2022-03-04,-0.036916802822516,-0.08571783012612474,-0.018037288750916893,-0.11264866150660396,-0.01131075261503098,-0.007694240967559538,-0.028532632688531692,-0.016309031597692255,0.028448191631232713,-0.007965684543001903,-0.06728995634274705,0.04803997729179485
2022-03-07,-0.0658577864850991,-0.053934693966456705,-0.01854881621671438,-0.046138295423927306,-0.02388224831437421,0.024416268448949913,-0.039381391488552,-0.03427724462233269,0.014646949503504755,-0.029962586814416495,0.015539921026052641,0.13083078629404346
2022-03-08,0.006499120939761663,0.041929679248656274,-0.012316928182695589,0.0708799644669082,-0.001616730159876896,0.06657809432100732,-0.007067793292678575,-0.00167869178322426,0.015597046049171856,-0.007260043975698096,0.066820286856344,-0.03688598270340872
2022-03-09,0.06155388799112494,0.04487184331996821,0.019491724019354936,0.060682096887906656,0.037319250561839254,0.0028167605615058195,0.03928075463681283,0.04792671172494277,-0.031041595115464053,0.025373598122141117,0.03979581487349204,-0.07935503002105185
2022-03-10,-0.009056473918577699,-0.024548280388217797,-0.019309532776696753,-0.012031746544516105,-0.011122864907120859,-0.014164589800219342,-0.011911189666890736,-0.017777325451061123,0.030138433408926985,-0.004301049920247209,0.03182888828564746,-0.07086567301265848
2022-03-11,-0.008394848180174703,-0.0035566591039378572,-0.013206356113567064,-0.04669732275659717,-0.008829442165139385,-0.015333444036072025,-0.022781477046176817,-0.007951538779715649,-0.008035552985745126,-0.013046278933238144,-0.003486912482021683,0.017055200603855316
2022-03-14,0.02134255654488177,0.05206495118309422,0.0012917459532906209,0.08236650648030264,-0.006196598438584234,-0.03688623132347731,0.009882139938626158,-0.005414782270071755,-0.030385201624739885,-0.007448675095533314,0.06566072052959426,0.03263246843757496
2022-03-15,0.007255021685981901,0.007860934954513055,0.016096749758683797,0.021334111477904323,0.012780484957213324,0.01590493998932979,0.01759021125489114,0.018825539960962017,-0.03730717328389182,0.021182629724144964,0.009302383378101268,-0.0630078667210695
2022-03-16,0.030844773067989512,0.04162688216778436,0.030205154481837644,0.07127701206127064,0.034634495281186825,0.02627883334962999,0.04371630580700411,0.06099912062264328,-0.004605555539785727,0.022136921648393443,0.012879606564332553,-0.11197525491444403
2022-03-17,0.005359262600802877,-0.007539038335759956,0.008589826745143829,0.0049019850752570395,0.007338777991745678,0.012410643910700146,0.012565301934306642,0.022627830268426272,0.033832031532335535,0.012272205068700267,0.0018264610624562608,-0.03821634319943387
2022-03-18,-0.003025554589632016,-0.004333678799254996,0.0010467488605899985,0.0008145798280484878,0.006127967336639581,0.0033151737512697385,-0.0003568175451752219,0.010176075275291612,-0.0009472658831257621,0.011594814411888112,-0.020277151524708357,-0.07270052234591615
2022-03-21,-0.0013995711619846337,-0.017525000738706966,-0.006472514008470411,-0.0024459063693941002,-0.01864508796663391,-0.007117491655156391,-0.003217160822030732,-0.023583370213496244,0.03952017075658576,-0.0004347548543014596,0.07487253472087475,-0.014346243588262985
2022-03-22,0.0308000384317145,0.027249617261318825,0.009084640738567285,0.05788377642459469,0.011759575450993556,0.013715144008578874,0.02104414885667578,0.017235606665381046,-0.007383052799675016,0.011240699554074212,0.02474522581338776,-0.02539409693912241
2022-03-23,-0.02498132175182448,-0.021739990489893855,-0.020202701083974966,-0.023383748186538912,-0.021809861282408922,-0.01562169014206861,-0.0201137249379757,-0.01972205203995412,0.017056409859618513,-0.012348630252495208,-0.022156768044048137,0.027092569018550887
2022-03-24,-0.0004643470792939046,-0.0033023117903393773,0.0012415743297647921,0.00550525532924069,0.0018458111202234364,0.015621690142068623,0.006489261326778975,-0.002709885328851892,0.0024687554112384287,0.014242012281618024,0.008580052703814385,-0.08404588493141855
2022-03-25,0.015207856732938917,-0.0022073149810856846,0.0056556891336802225,0.010920577946659921,0.0037403304804559966,-0.011812129832698786,0.008704322990573735,0.002709885328851838,0.021693946196694718,0.005053380704237665,0.06250741952758367,-0.04049520432695106
2022-03-28,-0.004124731019566544,-0.11213607133309482,-0.014557320329164375,0.0015503925068796904,-0.006510376435313643,0.004268132669982917,-0.007425720259916901,-0.012088427182606058,-0.02507373380928883,0.007119551020042568,-0.006037492518996522,-0.058374649206258046
2022-03-29,-0.0025289625625989787,0.035219131791413144,0.009787404985932968,0.024484764617063188,0.012919431710938805,0.014564783050920072,0.002197983280695744,0.006225956919357807,-0.002607369195600128,0.01218204410139109,-0.03157937264686981,-0.03789706365376267
2022-03-30,-0.010180589360125914,-0.035219131791413054,-0.02692201488398488,-0.022936772106652608,-0.012054824979047234,-0.0023347264344797595,-0.0045435492575138115,-0.017243035131209086,0.011551694062853727,-0.006313588999088777,-0.01765495798858471,0.02249638739130696
2022-03-31,-0.04227645715076099,-0.023766051965454484,-0.028976864161982897,-0.02189312715724972,-0.01649469020595827,0.006059250611900264,-0.030486962736949542,-0.03230959864394787,-0.013642609433080167,-0.015776335226881762,-0.013233976584246328,0.061689125338078736
2022-04-01,-0.007793562517988677,0.00630913673956596,-0.02024084480375274,0.03495512184128574,0.00036366354811050064,0.0055604376716906195,-0.0074366803441886665,-0.004702154494432107,0.0080780721784208,0.0034044209614630277,0.021259385179061615,-0.04628844907562309
2022-04-04,-0.0017131006583547576,-0.015209340078329279,0.008941274600030432,-0.004590687523705908,-0.006105809220094661,0.02012880041872395,0.004424688106652371,0.0033280606051094954,0.0012969783877234918,0.008058382532133647,0.014617026654362705,-0.05551160660496785
2022-04-05,-0.017043701960626285,-0.01026968302880727,-0.023377218892008497,-0.01935791675085374,-0.0130333752821539,-0.0027209527083954213,-0.01170572937870559,-0.02318151349371679,-0.0158060910623463,-0.01263115907400537,0.057987279925693955,0.12440266343456106
2022-04-06,-0.01102208257178468,-0.011680869592586091,-0.020566613880996232,-0.02774661246376378,-0.02405510986052626,-0.011877786147485496,-0.013971406319505065,-0.02553418297652259,0.0059074280514791345,-0.009764433912479721,0.0205234594498696,0.0496276034194116
2022-04-07,-0.007839211570303171,-0.0065487778454092005,-0.009944508104976655,0.015157979498176214,-0.006694311389767854,-0.012020471563506913,-0.0030467377967978646,0.0,0.013004024247739217,0.004244365552037262,0.016347059897633725,-0.025201844638247307
2022-04-08,0.007083210478076373,0.007853473583616205,0.016847122544401832,0.014151220940319252,0.022784934612652304,-0.012637588228829336,0.01814253510576662,0.011125122148293481,0.027147675016591762,-0.0026545466755523947,0.022741001846927907,-0.018263181367582593
2022-04-11,-0.0020186600288895997,-0.003919062752334812,-0.006507064419713702,-0.06615325684719692,-0.0019623157097261863,-0.010416680125323803,-0.0036774061376887717,-0.0004760512686283507,-0.03051236523045362,-0.017021334584696127,0.024395861940048773,0.14124030229531587
2022-04-12,-0.010665449591953445,-0.013175280193013672,-0.004162712883722863,-0.025339179979518484,-0.0030600605770828818,-0.011488972687634463,-0.011038392362266537,-0.0010717119741641013,0.01645694010577098,-0.0034233005304522353,-0.019982524293112074,-0.00452398912382654
2022-04-13,-0.008975564575156771,0.02359198723304927,-0.0037815831657189445,0.01948394405623864,0.006825167238361649,0.012440335310333665,-0.032764226525842696,0.0023800242997752278,0.01480951679817259,0.011112603268901934,-0.014043049997609556,-0.10600194653157295
2022-04-14,-0.03272977808964653,-0.007802340025907765,0.01543353329760878,-0.014364463626371504,-0.001025413716645191,-0.011959044273852425,-0.009312688056358558,0.007460981769041345,0.003261503065270654,-0.012218480383508163,0.05114442919420282,0.03953799167815706
2022-04-18,0.033502326149764214,0.009096902254547063,0.02673551022929445,0.005939699132964862,0.025295977299750742,-0.007244683194138269,0.018383585823585468,0.020089271679238557,0.014545893962658906,-0.0002048892724065068,0.011950904821047239,-0.023624931027489242
2022-04-19,0.01836316373956666,0.007732026979880912,0.01159375320315369,0.009263252326337753,0.018233405897172664,0.020629172459878522,0.020495304452308714,0.02771131357895744,-0.008179430448046811,0.01593004474938665,0.017662837508861808,-0.03675191846691165
2022-04-20,0.0022717996491432623,0.0076726319141902765,0.0033955684696703784,0.013322468611147121,0.015095994728520662,-0.01772495883251649,0.003502174755610553,0.018940004244977552,0.0038502035976652332,-0.0006186664061825758,-0.02537949269344572,-0.050382500910835126
2022-04-21,-0.019091763464443048,-0.003828957315083635,-0.008890616690265439,0.006595262024527419,-0.020019591297810075,-0.05004740290862661,-0.007782114509576026,-0.018940004244977618,-0.03224857807139321,-0.014862855551311067,0.02675168789687113,0.10987788462348555
2022-04-22,-0.03531167363333445,-0.024596650686596777,-0.026961007537645038,-0.03257082709960673,-0.04443682964183759,-0.016910651403879977,-0.02914296112192932,-0.04803666794190046,-0.02475687899371267,-0.028132076377366966,-0.0037781794862899606,0.21819300024463079
2022-04-25,-0.007214468700754337,0.0013096798389342248,-0.0019538770416392417,-0.030161608359640723,0.005146744790751136,0.0,-0.0003155267018371187,0.0036513491194922537,-0.03362990148482351,0.0056817651441118085,-0.027915254873359947,-0.043099143086190964
2022-04-26,-0.022783583801481926,-0.04415424367500365,-0.01775901768037382,-0.04931519141535573,-0.026162213985449614,-0.02777240090524184,-0.030027518306975302,-0.0320178884654308,0.0013563176770579769,-0.028550008928597752,-0.019293167325614098,0.21556493979660302
2022-04-27,-0.005502387737307015,-0.004112389798150283,-0.012621680761380422,-0.07142503524457683,0.00035143789168780857,0.012147136452166628,-0.013091183615450143,-0.001944384154762737,0.014531986147771184,0.0020958490249645954,0.01645833306447674,-0.0589851566056232
2022-04-28,0.015330182373012995,0.036416583473103024,0.008432217477526071,0.010800334042013804,0.016401833474403944,0.004190505489908397,0.015689034253200607,0.022922578951613114,0.029872624855470705,0.024445655340832175,0.015842555575775737,-0.052293147535713964
2022-04-29,-0.031178976496822473,-0.013333534251608145,-0.026608411420117824,-0.03578910995305564,-0.04142275205113086,-0.015275417472680084,-0.03280064824973838,-0.034273637740042544,-0.026006207830638006,-0.03695915978469415,0.008347932947290934,0.10769196053867162
2022-05-02,0.012809891998531471,0.00401881148458493,0.010317906772585818,0.020040705198147844,0.016009411341896384,0.0015910099150543513,0.009090629089843955,0.01685667561808217,0.01584188947293682,0.005659199293818601,0.03706015309383799,-0.03225108680044981
2022-05-03,0.02702508925660728,0.03546000937378786,0.028136887903265212,0.03413310899875749,0.013566221639018529,0.015773357054543077,0.021193549597265895,0.021604759266710006,0.0276433928457248,0.004825465075359521,-0.012088801620569682,-0.1004252851893356
2022-05-04,0.03934480339727916,0.020434970865451842,0.04163590471141664,0.019934173327570626,0.029590330515973318,0.04088451974247631,0.032546012173234364,0.040597548475033746,0.04069459779983071,0.029425221557325833,-0.014633571375547655,-0.14034330491522218
2022-05-05,-0.02836339385019988,-0.04261464159354899,-0.017771324805823687,-0.0730962431169741,-0.03465605365241806,-0.039841784413453915,-0.025338168776719034,-0.026488484370482644,-0.01516042460292966,-0.03630067756409906,0.04981806562493625,0.20488185050598062
2022-05-06,-0.002400249751536886,-0.010610124041499497,0.006023512288188655,-0.0050683412844361,-0.000351617556997598,-0.03284191446751008,-0.0016152044201604837,-0.008394055800574753,0.029370744950813057,-0.00569038441395277,0.01842027290171324,-0.032907357859992
2022-05-09,-0.029262490457896324,-0.01884306239715013,-0.034088478037896185,-0.03516401298488368,-0.013089927696310037,-0.06163484869901892,-0.015147943117651821,-0.03725206157457528,-0.08635361417371364,-0.03256151953960419,-0.014189180671138658,0.14066881060216926
2022-05-10,-0.016914140539296487,-0.015058534260698161,-0.023115553987972253,0.023921947855948287,-0.012476949447282108,-0.0005729499815356363,-0.024674147645477797,-0.011027721623670498,0.009030952528155846,0.002454881760409255,-0.02832862863654373,-0.05197503589226457
2022-05-11,-0.005327270117039683,-0.013889039811728244,-0.022612709107032714,-0.022869978627284553,-0.01157258513791,-0.029661869666153633,-0.006328498105366799,-0.017217029868161805,0.013330683197529706,-0.016600232095697796,-0.02435021435531949,-0.01311995280695535
2022-05-12,-0.014156606385224176,0.01250885956155418,-0.023350746547826037,-0.00738780616954688,-0.007121595464250575,-0.007109154111403309,-0.0008468243563266987,-0.003810016837505523,0.004233837610526797,-0.0012968049941124407,-0.03625356696323783,-0.024562120621479416
2022-05-13,0.0028473635939595915,0.03528177690802247,0.022930923430110217,0.028200164601199604,0.025001004549995987,0.047600301500713774,0.008855949392359572,0.024509626745518705,0.033611289993224026,0.023589267956869442,0.04103497603584007,-0.09571943994586465
2022-05-16,-0.010288676695211725,0.017184878323948397,-0.0037853532389331675,-0.0030942806966710377,-0.011631184817052009,-0.007968151320101428,-0.006993966716409935,-0.007978032277169346,0.0260262017773969,-0.003954208517722458,-0.019959316729495295,-0.049708547633251145
2022-05-17,0.033336260946430225,0.04234120915070772,0.07291822791550062,0.04445178644438092,0.030923101073316413,0.04141619994435764,0.03260982822775026,0.03722077184256545,0.011512384093690832,0.01996891958146264,0.031140186400785898,-0.05115914616663997
2022-05-18,-0.03132761802586189,-0.02932026004309842,-0.03447581989932962,-0.029074816470754508,-0.020139135302109406,-0.004395537288739927,-0.01725385599248579,-0.0273819344690955,-0.025969014483465506,-0.041233809291248875,-0.028016871522343376,0.17076069020588336
2022-05-19,-0.012404399885837202,0.01413003741418094,0.009283634751675282,0.0270965706344488,0.004781313361725273,0.03782191913649574,-0.014933258071045816,-0.009088244339073848,-0.003677980473314088,-0.005850864777347809,-0.01079958214440509,-0.05340345987885895
2022-05-20,-0.017274630085824867,-0.006398010434300017,-0.0006027527169908173,0.0022223373831904885,-0.0045534357408717275,0.0052882369141713514,-0.00823241713869586,-0.007406155681500902,0.0042894330923850576,0.0001461310919903067,-0.02410612250446842,0.0027220133435583802
2022-05-23,0.05766695629162404,0.039023135726389144,0.05893227751849432,0.07201557448075598,0.03147504326206572,0.01205776803872415,0.060032910163049215,0.03637214414524393,0.026072749687288514,0.018384995412060758,0.025506174714586136,-0.032812502144316524
2022-05-24,-0.006151985950748484,0.03278998083978801,-0.0017069071800441798,0.022285064172101247,-0.008437136831398625,-0.014698390818675612,0.014026401439568096,-0.004261113633261989,0.0038052718619854195,-0.008153950903558081,-0.03524122572510517,0.0334918655332464
2022-05-25,0.005315229425077851,0.0059557830264308775,0.00037950043236885725,0.011866908406313279,0.003021479561323185,0.014177001028188904,0.0069400075294466,0.0032888579896635734,0.020442561034545476,0.009406385648931585,-0.003993440724930909,-0.03736165760137902
2022-05-26,0.022894417255482427,0.023475262711893857,0.02603391750765675,0.015308607026600984,0.027345603245967798,0.024718047407344606,0.017142377514885978,0.03313123943464242,0.010987154590731128,0.019688166007720866,0.002543132828195562,-0.031146273729954037
2022-05-27,0.009499433041429238,0.013825096190107586,-0.008727209918185194,0.005347611286872187,0.015179504460899522,0.02412177461283362,0.014038780070421733,0.01691463794788335,0.018123345478365915,0.024441130195822013,-0.0047281452958946955,-0.06691713200005571
2022-05-31,0.004850534696806455,-0.006888562695964367,-0.003924182434313062,-0.006241604656723748,0.0008265363990775646,-0.012993670214043778,0.007286629041369368,-0.0035925431664463954,-0.015137161711253016,-0.006294135193666945,0.036159324404729874,0.018108806238812062
2022-06-01,-0.014349967738235528,-0.016260625579267173,-0.019282147736973728,-0.01896221007183004,-0.015415787613210635,-0.011636615179514167,-0.01770098361476957,-0.013322094781436885,0.01615322347998123,-0.007510905041155451,0.030132112290688025,-0.019275847000948997
2022-06-02,0.006560951022793437,-0.002344654857601083,0.0007632216448772278,0.00726612869265886,0.007429044537863092,0.03990527362480968,0.015959909989547886,0.0023500109697089607,-0.003164422508040961,0.018263225415545106,-0.0061601451320184184,-0.03848922709776528
2022-06-03,-0.013993886307739088,-0.011806515769168994,-0.021203554041183025,-0.01091904055343664,-0.01732714060338272,-0.007854696167078673,-0.014037450758687564,-0.012757218742240853,0.01315719861474211,-0.016482405609817057,0.014991732031108228,0.002827778165847551
2022-06-06,-0.0011057867663212613,0.026949481047661233,0.0013627264417567081,0.019030947866881746,0.005725878624315903,0.01952240415586905,-0.0033088986234210997,0.008876434679582202,-0.0011177349314681797,0.003132489407036025,0.027024192656486028,0.011231517018839617
2022-06-07,0.00551709145430802,0.002309646036880509,0.0135268428364294,-0.0008981011079966225,0.003115198659367541,0.008662277674978274,0.0026174120463207276,0.0054054308668663,0.029425108537371528,0.00947833153171984,-0.021964351624706852,-0.04278506428781263
2022-06-08,-0.012735363562813223,-0.020979997594515225,-0.0133323915949726,-0.03102434823348188,-0.021472618747569252,-0.012536407181315691,-0.016042661677192503,-0.02527889501677803,0.0021696967692132777,-0.010852623040155319,0.018997458820730072,-0.0025011006728514825
2022-06-09,-0.03920956442294084,-0.02504603331783911,-0.02840959590842414,-0.023442288135299524,-0.03380474835134169,-0.027738083530197962,-0.02123941908740448,-0.024824607836551556,-0.022354510449179455,-0.02408645766515553,0.00493986402147121,0.08516636996056637
2022-06-10,-0.03960332872092641,-0.039413762701577856,-0.046281869466495776,-0.05459446604762625,-0.058199387961187,-0.018246888983142865,-0.04705614527436809,-0.04743578779385746,-0.017100207282333375,-0.029542414811409477,0.03613296040316574,0.061683735195286235
2022-06-13,-0.03528515447826766,-0.035809612379883025,-0.043261765893698734,-0.0356998600735295,-0.012974758647072362,-0.0589954049569552,-0.03023054564486715,-0.029101549115268553,-0.05360378851624394,-0.03953993199003993,0.06441970611637692,0.20371276023099444
2022-06-14,-0.017643891985574388,-0.014426404636912216,0.005892063342929103,-0.0041622681726856655,-0.002756835460052224,-0.011460098728641642,-0.01677954385585957,-0.0029307715543315403,0.0019008960700325622,-0.003780818039489633,0.03416892581469502,-0.039879421696833575
2022-06-15,0.018580411675805552,0.053997620887156476,0.034641157782553555,0.040863666178845216,0.026302028762699835,0.02386242873851725,0.011766626136695112,0.014041736402688335,-0.022327088481639216,0.014487058836534478,-0.02559024749126417,-0.09861934155361644
2022-06-16,-0.00625974567884508,-0.03697037738053221,-0.014608141725122599,-0.016145707357528353,-0.017703088069542714,-0.03767865299961816,-0.017305220413814534,-0.027607170240310737,-0.05797292109472178,-0.033052207113840666,-0.026262345040094236,0.10654144692998793
2022-06-17,0.002195449542340018,0.009049718507686395,-0.007922100490049653,0.008105386299108881,-0.01837989984539657,0.035532806488347335,-0.00353261415329491,-0.014300212733892401,-0.056220619536596454,0.0021984473410133873,-0.020776744841869622,-0.056819326608450633
2022-06-21,0.028718705399650855,0.026668385147221422,0.030484701984944185,0.030802297985287382,0.017783209246548574,0.024404211244262893,0.02447024897216427,0.02345355150839526,0.05050896708041961,0.024182474960671992,0.020776744841869744,-0.030661196085893273
2022-06-22,-0.007639389739751155,0.007490700193911676,-0.015973161032731612,0.0,-0.0009485968407214044,-0.006309154546349383,-0.005627560264559469,-0.003086579053107905,-0.04085473024421554,-0.0013024200953574458,-0.04673603939971345,-0.04194053103593365
2022-06-23,-0.016079376081733633,-0.04841719263629407,-0.018172711130391022,-0.11827249870516124,0.005712298777858546,0.0188092885625972,-0.010999647094405362,-0.005796094752004828,-0.037771758182981535,0.00948707248555652,-0.02827946195839178,0.0034482266622454993
2022-06-24,0.007143920485145158,0.03590124575056732,0.032058963852383035,0.04099819214682893,0.0563210269159954,0.004647687053167054,0.029408725204850446,0.050738759780998045,0.013075546031500768,0.030105539729901033,0.01840837419401581,-0.06469916716028097
2022-06-27,0.0012371914395677393,-0.0025219192115152377,-0.0006271225997634772,-0.007427023062233864,-0.006528229044001326,0.013814537948132108,-0.008044419891921083,-0.004894977717408918,0.02891181010210492,-0.0029774998903406716,0.021839768395954324,-0.010335964210215428
2022-06-28,-0.002785949651196698,-0.008877765390433742,-0.013047285795621298,-0.019355460281997142,-0.0042979848764183185,-0.027300309136381155,-0.0048234653844901635,0.009254551684717715,0.026646791199098224,-0.0203486731494949,0.0037500305647964753,0.050996397521043194
2022-06-29,-0.012476657960560217,-0.016699221122710498,-0.0023326672786359052,-0.026404082360565496,0.01257543101572188,-0.022176093692210776,-0.0044998138925212905,0.00038388686300775153,-0.03536971259874759,-0.0007119988201726959,-0.03588260941283481,-0.007077197314253043
2022-06-30,-0.02317943365320951,-0.015666035592189848,-0.02384909771768421,-0.025975587160241877,-0.020857055553975785,0.016940403990186148,-0.023606930633288663,-0.027619419256259495,-0.02130674117778881,-0.008797866246367652,-0.03990638502890689,0.019342936372938047
2022-07-01,0.01371851107758565,0.0,0.01895376157046813,-0.03256096425247035,0.007413226468444371,0.014073773837106614,0.012706584592784925,0.009030960335694033,0.01485186763337049,0.010498511296639174,-0.0283246873500172,-0.07258186826346097
2022-07-05,-0.01019116134336529,-0.03890491512284947,-0.005562484410936689,-0.03365696766064334,-0.00680714664728772,-0.01459859012393732,-0.0038109600041512,-0.00837398835553649,-0.04048906033728708,0.0015828751061934918,-0.02808184680314281,0.030975932563342613
2022-07-06,-0.008357591571766049,-0.022130950957455577,-0.009918164932256257,-0.02852033253306864,-0.011642191406286145,-0.0042106984386600255,-0.006503050465847241,-0.008709533177241711,-0.017220375599218886,0.003566795705066178,0.0363549610902727,-0.029853013518694623
2022-07-07,0.028009675490755236,0.02894757407242655,0.01675998155920453,0.014981567241852277,0.016341425380234448,0.04031559766831567,0.024978113019708467,0.02020552476890694,0.035418356303111694,0.014853723180930391,0.032091857202140146,-0.024617778892292053
2022-07-08,-0.0021995231233479557,0.008119008786931696,-0.0023466012462665087,0.029306215276370784,-0.00715851557347991,0.012584942387753617,-0.003143002010413597,-0.0033827508767885115,-0.00042288575152509526,-0.00083061639612735,0.030449291029472646,-0.05679762023851329
2022-07-11,-0.010435036307074385,-0.02042273459973273,-0.013547289545751313,-0.045546415233853284,-0.011159589548749583,-0.027384965294580853,-0.013203321986688,-0.011930903433563952,-0.00963035838411733,-0.011594417660525545,-0.03611690427225539,0.06024260556281789
2022-07-12,-0.0031834077957974918,-0.0027548084478973087,-0.001299747346611396,-0.008855198756342237,-0.002219333053313484,-0.018158736092399125,0.0009740181989036663,0.0015816507799839598,-0.019688942406717674,-0.00928686849749371,-0.01109441301473235,0.04190664881096002
2022-07-13,-0.016720846736454197,-0.002762493563898579,-0.013751040296230883,-0.007653105350567666,-0.00816914456828197,0.005742671923037862,-0.009427167561669685,-0.012721973967982176,-0.001597619889814707,-0.00446686411181668,-0.018424233520150567,-0.017372501793467377
2022-07-14,-0.023291098332086282,-0.038059441604886786,-0.03034587267450022,-0.01808831945844859,-0.029946076938578325,-0.004173253405450208,-0.03556371023474679,-0.0038753081093594655,-0.019078990476726985,-0.003003138812764307,0.019100169154498824,-0.015783870772208296
2022-07-15,0.0679966342185198,0.040821935168785274,0.12425650877905696,0.030811126688887625,0.04268559334730045,-0.016869172155223985,0.04481391443779892,0.04400363194148361,0.016167340163000428,0.01901923165863364,-0.010186835410455947,-0.08577247976665936
2022-07-18,0.0003099360368005655,0.02452441085072644,0.0017990339868740107,0.029890108100534645,0.024835879980838776,0.020000848415992343,-0.010322968010075215,0.010324315555922926,0.02263151907347075,-0.008398742485835936,0.010186835410455923,0.043212849641764174
2022-07-19,0.03322968828503238,0.03958301323867945,0.040318594633053005,0.057226690224531994,0.05423497575896736,0.018074232809406635,0.024476477980656858,0.03476768336165478,0.03032257342598907,0.02725351764373082,0.019736387191126525,-0.03213124802708314
2022-07-20,0.0003000279568387444,-0.010403231397493827,0.006119637991390876,-0.02463469739367656,0.010633462822388803,0.005613721129952617,-0.0001745796990923358,0.0019576751151716442,0.009632476387678689,0.0058784939410571665,0.005615195516504798,-0.025631864170057687
2022-07-21,0.008655301755894011,0.010403231397493719,0.0026655998983436974,0.032713204651931296,0.01571048796471621,-0.002037727379197482,0.006786918856288104,0.014681975063598854,-0.01768481271273141,0.00981306668950467,-0.04238775325260843,-0.032775802683622346
2022-07-22,-0.006559497625415788,-0.014332489117425755,-0.013014517544134352,-0.03509141166534605,-0.008024952813580663,-0.00562530721919289,-0.004868071318516951,-0.00713209515494166,-0.008258187665273349,-0.009376287293813849,-0.04462363087615721,-0.0034677070491447837
2022-07-25,0.008934119249711561,0.03228159638541866,0.004804438229535293,0.02003612615205893,0.0005864271635833395,0.0127391586690009,0.0040004084741154175,0.0014545985220390382,0.0360261081502358,0.001314302973305868,0.01320738147492981,0.014227440440232874
2022-07-26,-0.020366014576330038,-0.033594787367949276,-0.014677657816886873,-0.036843155221180465,-0.017334565321822655,-0.015820663511211624,-0.015745491871931583,-0.021550866437150824,-0.00912517379500079,-0.011610342599263359,-0.011771133993019343,0.05537314089952182
2022-07-27,0.016206781112969762,0.03613298461951008,0.018313718339580693,0.009638595299231232,0.018629480386935297,0.046239252490393686,0.015919041330892118,0.021066478702888435,0.02232408249831133,0.025820048778629066,-0.019200000842363698,-0.06052340285251661
2022-07-28,-0.008070777903957563,-0.053363346555302636,-0.002294920617705479,0.03302181618950178,0.0139830043490795,0.06787912534132845,-0.0037383296869452215,0.0147556720961326,0.0056039085072961395,0.012060319791912806,-0.019575869322345257,-0.03994385969968478
2022-07-29,0.014598945726098433,0.040608069015629814,0.003474323805557211,0.010386835239849049,0.012921005227427193,0.022686959556325752,0.00477906657892271,0.016143728950222088,0.0424596453167536,0.014107775781753557,-0.014653666179999488,-0.045816533528988145
2022-08-01,-0.0029620613339939816,0.026600612372680583,0.00038517218568039514,-0.009227313252368962,-0.003936961627359023,-0.012641252186686741,-0.010018662189712813,-0.002494217621375795,-0.02087426374097519,-0.002827076544916728,-0.013719732730259395,0.06839886256211869
2022-08-02,-0.02007547725493533,-0.01765484326659641,-0.02279248568558753,-0.014002574130176916,-0.012728210038550113,0.012641252186686705,-0.015708105722349902,-0.006681788436300513,-0.002346615382130382,-0.00668468837887098,0.05050633614804408,0.046619523204595135
2022-08-03,0.017996789082931258,0.026366806431699287,0.016803996295019212,0.02552342845695556,0.016005212209785014,-0.021311154406672382,0.01044061895413311,0.018033439736470317,-0.029133353944935072,0.015517456270090707,0.0025505459925708224,-0.08636574039389384
2022-08-04,-0.007159959146198513,-0.008711963165102905,-0.006804795545434249,0.010256390686014291,-0.003909700321146791,0.0190653989804002,-0.011063585675043544,0.0036381454229340556,-0.03779214506528578,-0.0007776424495837734,-0.026550153892715245,-0.023508813167236665
2022-08-05,0.016627229893073643,0.011187266318502264,0.007773104467775597,0.010152497803572295,0.00840174257810328,0.0076148831847153466,0.02981131943213006,0.008980464341707732,0.019622085147873083,-0.0016270690189191196,0.05948083549387322,-0.013618473656111421
2022-08-08,-0.013936179434375208,0.0049321667057731985,-0.003684622873976861,0.0022421163892616517,2.9814196236068613e-05,0.004452430963995459,-0.012255301784839391,-0.0011617602179988037,0.005186326811092154,-0.0012383171221209141,-0.026763349036716403,0.00659763445218728
2022-08-09,0.01275779918440672,0.0036830930252701216,0.01197386481776853,-0.0022421163892617454,0.005779696830666415,0.003547637393775613,0.008967200168315561,0.0038285002977131127,0.017408149402811306,-0.004257744235926498,0.01150671675614118,0.022295374365645357
2022-08-10,0.03334138303558111,0.037286603609898154,0.02089741508662414,0.022198449659286683,0.032989224818798076,0.044163045454023525,0.025753138798738598,0.028874929738269797,0.007198232950319601,0.021067158460407496,-0.003940509520518464,-0.09788587386321505
2022-08-11,0.023669559443612237,0.010468660133479763,0.015113416928517276,0.0032876769439552297,0.010777866541901184,-0.014075715745805907,0.014673544448714321,0.014629743405683649,0.03382165036101761,-0.0007057229222018175,0.03595734484326829,0.02303561976592722
2022-08-12,0.010801977653312533,0.014101190687329103,0.007012534561677413,0.024852694257411802,0.006066576673699307,0.011531148616667304,0.016428275669330465,0.016056876479593883,0.007547188981982703,0.017174046951492668,-0.01359617751120474,-0.03373086212935113
2022-08-15,-0.0013783479034866482,-0.00585135546396428,-0.0057168901598074265,-0.02375927535063829,0.005721320512461966,-0.0012746730819443606,0.0026983432967371433,0.003919570881301476,-0.01969017340628579,0.003961684056233163,-0.020568132564594728,0.02127740153136365
2022-08-16,0.010701202108303587,-0.009433985967187945,0.00203222988722773,0.006535976907643343,-0.002476029471614468,-0.012837159108738764,0.009508833865158358,-0.002175621799827259,-0.002342452629816856,0.0018739228259478625,0.011754362838360817,-0.013118261804125196
2022-08-17,-0.006297067908956293,-0.01793222603140977,-0.007782231042569393,-0.024176946729285557,-0.003471395952697072,-0.003883599243290793,-0.008447790481129178,-0.0051317048243346985,0.008303067879716575,-0.007264114867648021,0.02413970933964821,0.010608792786788055
2022-08-18,-0.0035770817735643113,-0.0096970619242638,-0.003913744241679004,-0.003342740491821941,0.002202651119601748,0.0021593495395395078,-0.007779603742725458,0.004151096105122208,0.026518615104389194,0.0022669896063847975,-0.004503653211141495,-0.017233075258002006
2022-08-19,-0.022297274595701723,-0.033439688540684784,-0.017709467790644286,-0.049180771934721035,-0.014919589730712139,-0.02799829465038092,-0.025056508225864128,-0.018928675867282974,-0.00025135398641812346,-0.012983928713038868,0.037148576856791134,0.05180445701037145
2022-08-22,-0.02165341282618103,-0.019072431339359045,-0.026190740800065872,-0.016548690223208266,-0.01980709123014625,-0.01564968262305291,-0.016659875737418544,-0.017370190572701522,-0.0018897813830363176,-0.021632366466494565,0.015931255853387,0.14439445430766584
2022-08-23,-0.008968264487219891,0.008945744980969037,-0.005870866095945141,-0.00837843851721488,-0.006563044131157626,0.00180092654174273,-0.009905826571542837,-0.001810539269504388,0.03542617479368133,-0.002240370434437464,0.005582007725839215,0.012941168887216881
2022-08-24,0.003191532924090357,-0.00638173961891041,0.001176849455849045,-0.0012025635525148913,0.0051603269721738525,0.019599838976099866,0.002420948422666508,0.003391703686805905,0.012216684088631712,0.002911916698724165,0.016883533211808566,-0.05498938644760824
2022-08-25,0.017801011793947,0.020279565847297246,0.020375318656701027,0.011961854172202874,0.01321847651535046,0.020520157349443808,0.023470294889045566,0.01467737295022671,0.007664874489840247,0.013993241836107048,-0.02609408460210402,-0.04664518202952005
2022-08-26,-0.032097347168008473,-0.03446420967304964,-0.044783661943968406,-0.03632370053839376,-0.029552818337734245,-0.023170373521910353,-0.0332766491533763,-0.03508751336082257,-0.01176076406623788,-0.03426857631703952,0.0029698298617484675,0.1600364595838233
2022-08-29,-0.0038274891036220665,0.0,-0.008270239690768323,0.015902532404117972,-0.007399284275035651,-0.011118663648947142,-0.00244439837837706,-0.016961414805701097,0.014976469806699713,-0.0066886751973248065,0.024411239668142366,0.02511237378979406
2022-08-30,0.005588985185858282,0.012903531705316402,-0.005891398266819573,0.02042116813427564,-0.0008690425841877565,-0.00988777306285756,0.00017473580169600017,-0.010837527082001227,-0.034479879938960706,-0.011089416492117008,0.0,0.0
2022-08-31,-0.014180554238639004,-0.0012828932416228541,-0.005516505388662434,-0.011961854172202892,0.00463989748978592,0.001805080635956845,-0.005961287790555835,0.00931345990559015,-0.009150465509486703,-0.007847738208153028,0.00736828663533309,-0.013056953766507983
2022-09-01,0.0023931958417119197,-0.023377693892689358,-0.0012299259135281875,-0.013325550129328612,0.0024919241679720572,-0.017739768099085056,0.006835018047826007,0.011085822911318707,-0.02490383602959183,0.0029917522671948716,0.04126881576308031,-0.012055420023286018
2022-09-02,-0.0011958819977346113,0.014351199652813725,0.0018445423540112999,0.008500530256064195,-0.006075312099585286,-0.016192906151687322,-0.007011018356354019,0.0026658003292785084,0.018173155609571987,-0.010794552570724387,-0.022298856634185422,-0.0035273465826869926
2022-09-06,-0.0111295311162029,0.014148153245311015,-0.012775673353349485,-0.004848729749403436,-0.015168467345536743,0.01067049342859092,0.00026384245098403026,-0.014808417147848472,-0.009297628500102207,-0.004103464690895143,0.045009843066673674,0.05499669703613629
2022-09-07,0.01530853614535531,-0.015444279761764917,0.008466643199399923,0.006056980511241127,0.012389238597153107,0.04731669302346247,0.01881270954296777,0.02011820367573236,-0.011681320399401786,0.018174848666169877,-0.02271098643248817,-0.0881268451739526
2022-09-08,0.03166511329586895,0.016720623439643596,0.025780352378294135,0.05062896857853826,0.014475902885438444,0.0065805530823464875,0.023028611688835753,0.01802663283882238,0.004332754791138795,0.006588966880442448,0.008235504758795113,-0.042700736945736
2022-09-09,0.008334436158672085,0.021451979781571665,0.01531300764133657,0.02829826476054743,0.013975563730107162,0.0026200388510216016,0.0047945942954160745,0.011467449618955126,0.024618293091324756,0.01515601498121106,0.00877067264264403,-0.035348493518901854
2022-09-12,0.009400833757706386,0.02952229237167191,0.0039394007549743235,0.03831908700088404,0.0072655067785773264,0.00695345242434134,0.011762453151896229,0.007683303059188579,0.018195771125206782,0.010528651483995635,0.012270059322721563,0.046300592079318664
2022-09-13,-0.036672491196656526,-0.034528703627201625,-0.03745313627608966,-0.03608935225518431,-0.04230337635342393,-0.02677350001113132,-0.035366830367067226,-0.034992252147064314,-0.02554277630891854,-0.04419916303197406,0.01768912382191146,0.13316473813460536
2022-09-14,-0.003831058028423203,-0.0037711398699970134,-0.011701034578755676,-0.0011141298851576249,-0.0034469722813795078,0.015449348189833593,-0.0023226197422806633,0.0014922470625082654,0.027854871415082673,0.003381289078844715,-0.002926543104318394,-0.04155569288771608
2022-09-15,0.01871955324196307,0.010025230718125803,0.0002066698755536475,0.02314143377150635,0.013234775617788939,-0.02843359800722087,0.014958330827850565,0.01231181198574937,-0.026106641628239634,-0.011382272168149512,0.013680949637107281,0.004196100366660546
2022-09-16,-0.011365525501982386,-0.012547338379243447,-0.006835961160512068,-0.009852305422740015,-0.016448334499278048,-0.00361188472287313,-0.006724931440726953,-0.009448454823953267,-0.0215657870612902,-0.007208049775663175,-0.0031852224119326747,0.0011412890518258574
2022-09-19,0.01656793198679435,0.005037870294668837,0.0026986193521238164,0.006578977104155902,0.00748240349711403,-0.002717341351606464,0.009182085068070361,0.014646922804140134,0.0005925888318782156,0.006833697724705768,0.01210739942168891,-0.0207460000532964
2022-09-20,-0.015103581896144769,-0.016466534967474772,-0.02073601572819999,-0.029952232750922906,-0.01656686731031024,-0.030388960966741346,-0.019915859414046336,-0.017395576390212487,-0.006979524594829159,-0.011336114736600402,0.02294395743971302,0.05292238695106717
2022-09-21,-0.03030517474484401,-0.03906743023903909,-0.019662764899620672,-0.032039360285961535,-0.007919818460420548,-0.005155979746259675,-0.029259561548451454,-0.009565059347033014,-0.014764354062946794,-0.01726467409850635,-0.017229661625886444,0.030101998277705832
2022-09-22,-0.019802522109485476,0.0,-0.016320789388866733,0.03091255956805323,-0.024589680885084897,-0.03199120307822639,-0.011443907527022361,-0.01858310477104156,-0.0035605567318511356,-0.008463293830453985,0.054876598025619165,-0.023130752534395428
2022-09-23,-0.02397765143975242,-0.061621260626682904,-0.02938782491177372,-0.06161159303453117,-0.03562000261176738,-0.029044593191720803,-0.018788802422202516,-0.03921584546303589,-0.07144956146728895,-0.017382828767330778,-0.002970945609026831,0.08981061284051299
2022-09-26,-0.022308092225318703,-0.025752349132768942,-0.02911357929506088,-0.02673306450225721,-0.02464107047258498,-0.024780028998486737,-0.021766958745922153,-0.021703572237549994,-0.024852044397571046,-0.010394360890280502,0.04779787505333456,0.07530086501150463
2022-09-27,-0.014935340085045653,-0.026433421632262987,-0.009348091537238834,-0.04922126844424009,-0.011058136617904874,0.006634311494335554,-0.008841392184015612,-0.003516645568369685,0.011137741465068369,-0.0021226109548247284,0.0219340508688874,0.010484220898846989
2022-09-28,0.01622352382442602,-0.008968565671870727,0.018839980430439843,-0.00909693192744418,0.031784045752646366,0.0156450048990057,0.020015603209233734,0.024729338813006617,0.04335042971684189,0.019481144181152356,-0.06757037494367583,-0.07713277811500176
2022-09-29,-0.013283705832235147,-0.027398980902378304,-0.023547052562688683,-0.026456547317575334,-0.015681295878925056,-0.04454278627581968,-0.01709117406159642,-0.019959876700840668,0.0,-0.0213527948230975,0.011272276056289433,0.053543902316957874
2022-09-30,-0.015117014024091845,-0.012422625580361875,-0.017130959457518646,-0.00807542116945849,-0.010387604014016505,-0.0005236522879348847,-0.015760324953129668,-0.010700277954292875,-0.008021192354404955,-0.0151813515462093,0.015097604397847127,-0.006933507445969212
2022-10-03,0.02904435687769726,0.0322858235760286,0.021133594043986962,0.01741510304949372,0.020601542434997618,0.030438327182742135,0.030441039974072097,0.017190739671772017,0.05497316959425825,0.02555457753093017,-0.041052009667511116,-0.04926467389430347
2022-10-04,0.04065463799737712,0.05159573172057934,0.04254944787597264,0.07789511511090115,0.051214880564727804,0.03101783727719678,0.045721920781028595,0.043694018163522676,0.042077642981879965,0.030125341416799834,-0.009356127496796464,-0.034818480355421226
2022-10-05,-0.014308108435141844,-0.02620237989916581,-0.012917848813599371,-0.03882768160510005,-0.01881859610524523,-0.040719303081107834,-0.012423364409062502,-0.010294393754474601,0.020454701411326093,-0.0020199875589381176,0.03850799988080086,-0.018049794693725838
2022-10-06,-0.014515871727156755,-0.039102755875249626,-0.01795217322720974,-0.01674217320266975,-0.014112030873252893,-0.02704280595153029,-0.02059297671000873,-0.0218958240175256,0.01762157927171934,-0.010297922911395202,0.01766688321074135,0.06672531203596996
2022-10-07,-0.02282706989091266,-0.013899800442288807,-0.020411291905034032,-0.0039037168286222266,-0.011853306477290422,-0.028878782004973503,-0.020176070498104395,-0.029707734619342605,-0.00779336362930251,-0.028403196531478058,0.014788159687201824,0.02715099352988201
2022-10-10,-0.002930930797771091,-0.012519747686725768,-0.014083042710223136,0.010376192094389329,-0.0017950808738917629,-0.004350368515439752,-0.009385590186502028,-0.006609981831478629,-0.020751916626274076,-0.007520673133652772,0.001286865317166616,0.03416725171638206
2022-10-11,-0.029457756197474535,-0.03689267426616251,-0.028033489108654164,-0.04082193856713554,-0.021287155898288584,-0.01040807550866098,-0.029284319542615175,-0.01814606378079239,-0.008020154959486226,-0.006540518412323781,0.01303196684650902,0.03571809085163382
2022-10-12,0.0030185606023661157,-0.011503911292318916,0.009595467020931647,0.02259229619168425,0.0037319484447967785,-0.02565665054685172,0.01605327557523608,-0.005208459297214273,0.008020154959486277,-0.0032961996501662937,-0.009437626896361436,-0.0017857556117495637
2022-10-13,0.0594814379847758,0.08093237174534071,0.0503745433544705,0.07953717511820106,0.039050136398018666,0.011235783133282258,0.054102816716580834,0.0348935292593963,0.04000281439815402,0.025634259307631132,0.012732525779777898,-0.04977364239369622
2022-10-14,0.0003154430689893635,-0.020016038500133435,0.006498091436803639,0.009661877514587703,-0.023326801504395835,-0.020316565065304836,0.016503777849918234,-0.05201053933944373,-0.03800773282253331,-0.023947120744528417,0.014569543124683509,0.0025015623572302516
2022-10-17,0.05880463588815881,0.03514498740283647,0.008293077436697938,0.010759290619687924,0.02215375425615972,0.01807950764925043,0.04114213506071421,0.024141968152369332,0.012379409222376231,0.026135524557561848,0.0012460157485846767,-0.02050867290942354
2022-10-18,0.0367920276524962,0.01638161070273004,0.012765143335007256,0.03159996045006845,0.02301252704057722,0.02542970675312579,0.025395529490595058,0.029380137576147464,0.00869730284472997,0.011362768207087462,-0.004243101443326504,-0.028125365341958763
2022-10-19,-0.027908613529543033,-0.033035972294259634,-0.018516953410178047,-0.0011526589148264847,-0.0066814812021439894,-0.029919003954144253,-0.019800983052679938,-0.02291916357070253,0.029088638563204566,-0.006694455239684375,0.031756502944521654,0.00848846846496936
2022-10-20,-0.006506756368722001,0.0030485837122785457,-0.009738190598959126,0.0011526589148265166,-0.0030521483120744203,-0.008472298729165786,-0.0032670170972777146,-0.01348593207776692,0.0009472376447989987,-0.007982686738766696,0.023705163830219405,-0.02568467467285204
2022-10-21,0.03642048637961748,0.013605777879251001,0.030743327692054238,0.027274442652301164,0.044951227429555096,0.01743094125632631,0.05119442164826104,0.03363185591292395,0.028470044580503708,0.023447759860447268,-0.00308093903591771,-0.009720170642020446
2022-10-24,0.0034278472426645533,0.02373987058120139,0.003383339497892548,0.015573148995006995,0.011012746469353624,-0.00783439920690736,0.0012263138665359532,0.0026473452121289257,0.004705304466907702,0.011811940205111494,0.0049722809246059855,0.005374545854703685
2022-10-25,0.00908303307250591,0.027478336718002226,0.020284111924640302,0.025069530206883715,0.011193554118799931,0.0293405258767166,0.0026112912278349184,0.013505319007560666,0.0010298507236253935,0.01613577001587496,-0.030210977585924875,-0.04768529212537634
2022-10-26,0.00872131583637386,-0.001427496985726205,0.0019837215411519834,0.008574513415298298,0.009849094179680802,0.025849522085744595,0.011426099753430601,0.004956027837498191,0.013519181915316167,-0.007415140398989885,-0.02289892963417796,-0.04234570234723907
2022-10-27,0.004750623699627753,-0.0014296911815048228,0.0006602407205141842,0.03667251719414668,0.004428695827311926,0.004773188310502341,0.003940327276134558,-0.0027227858035425395,0.0036044469572514438,-0.006101185053184453,-0.019618292978342174,0.004024102845698542
2022-10-28,0.008605111367751625,-0.010064785284914385,0.015070744878376856,0.008196632600899156,0.013667397374712937,-0.0015883199093374907,0.01180806501354521,0.0284349304911263,0.003479566726691512,0.024328036770856338,0.018372277229757438,-0.06174333388150429
2022-10-31,-0.0038768342474790702,0.0,-0.005870040879828049,-0.022704744031812423,0.0078387973961865,0.0010591247802411857,-0.001587606031105279,-0.0006083483827444147,0.008368214619216453,-0.007482327030336412,0.016570160060398912,0.00503581009507937
2022-11-01,0.00442947558424977,0.01434743559461461,0.007819244051873063,0.0031266339385819047,0.011744613057552217,0.0015870642282879595,0.017872363753805083,0.01868769918063042,0.009620301088183845,-0.0041096637203590055,-0.006150860772974884,-0.0027084441661897746
2022-11-02,-0.003043083765434681,-0.020144563648187026,-0.01460193778427925,-0.005216355677369857,0.003465189079878259,-0.015446655800369415,-0.009250647266475058,0.007733981897248545,-0.024395759333258982,-0.025319843737482882,0.0017260439323443014,0.0019354039072249207
2022-11-03,-0.005557252873154856,-0.020558804090052757,-0.021525066415729287,-0.015814786191742446,-0.002633651782681051,0.02071811906468791,0.001809762038127451,-0.00892902791734612,0.018324545617477688,-0.010642422531956597,0.015886942113691658,-0.021893031368095072
2022-11-04,0.024767471476842832,0.05765303139694737,0.023767764481206766,0.03241261936144371,0.0255823515976787,0.00733371553561977,0.02699104305406047,0.01460187553250812,0.012105510140621712,0.013526823285563951,0.007729522550855603,-0.03009254241419883
2022-11-07,0.0059618784444616,0.002797171872122665,0.013207206248550948,0.008196632600899156,0.012908451873533275,-0.010493321241085507,0.005266160556261407,0.008450025689667908,0.01702756586910239,0.00956806167935914,0.013859262510822305,-0.008179957968859137
2022-11-08,0.0026983407641297846,0.011111244471786616,0.008492101391757155,0.009141874208181624,0.004018717459607857,0.02397189364781984,0.0006088519191630499,-0.0033948526297267233,0.0009673080375575731,0.005582282828760321,-0.021103971708786872,0.047714021256488805
2022-11-09,-0.016026150630997698,-0.023760786453327416,-0.016615932511348384,-0.02560309574030261,-0.005564529019369786,-0.004645185094620639,-0.013094160446867337,-0.02169227440718734,-0.050117714368882335,-0.020996784712303443,0.006040877502206366,0.0213062185459617
2022-11-10,0.04314106025310953,0.05904255237278593,0.06528232765392122,0.05450405436413801,0.04406966776901971,0.06654137431374237,0.04033460496132239,0.06213913810388446,0.022008306005937655,0.05395251566479769,-0.0807456030859051,-0.10327587307618198
2022-11-11,0.007316609100612067,0.01718487220217524,0.035902842493600186,0.04231390650190215,0.01797092668893975,-0.01021677692147273,0.0016271615602828423,0.02205213674758606,0.028646489295695705,0.009198312304769028,-0.004187400127695018,-0.0438724083225021
2022-11-14,-0.01706757549579836,-0.0171848722021751,-0.023587438380070498,-0.014225003567062302,-0.007322271642842476,-0.00884075352830808,-0.010326201435155072,-0.01074272038246786,-0.0003220673176015155,-0.008975940544918012,0.013545413135650095,0.05233622755869435
2022-11-15,-0.001590033603348916,0.0,0.00020401623956718933,0.007611907588195476,0.0013591528549009016,0.01808889629291894,-0.007270006142439696,0.007653581562657596,0.010471271229387112,0.008675376414669186,-0.017223803774501868,0.03356442543314979
2022-11-16,-0.00905963028306849,-0.010723982262235305,-0.013552517164705685,-0.001897601227271791,-0.0014377235338798608,-0.010716086351809555,0.0013527384187478019,-0.007542178060326511,-0.020619631056572555,-0.008286283111873759,-0.028569587856105992,-0.01767775908195146
2022-11-17,-0.005098539522743559,0.01604322420670578,-0.0024840777553559695,-0.0009499548010076148,-0.0066918411436890255,0.004885179688870363,-0.004366311465604929,-0.009733328023455477,0.002168001077034882,-0.0030941046442292835,0.02223211508764368,-0.007493802835230617
2022-11-18,0.0005377026716469503,0.007925972567213755,0.008461708728251775,-0.00190311672285929,-0.0015283375741504865,-0.001463128079442424,0.009760519751878695,0.0028067101303147655,-0.00793533178479462,0.00474729564815821,0.011326337821938702,-0.03443483456993681
2022-11-21,0.0032216049163104076,-0.0026350876914207604,0.004510698764082369,-0.0057306798357242275,0.0026599711201213084,-0.007347431491393018,-0.005920062697858616,-0.0013461126535264894,-0.013624852343293966,-0.003891249800275618,0.0018317339590078366,-0.03342440451971913
2022-11-22,0.004812864348219056,0.0026350876914206615,0.009164106381134442,0.0038240336586754004,0.009580083774380611,0.012701573470971568,0.01484608533549207,0.0066013151134958325,0.030828556345260914,0.01348860626982839,-0.017671606160908154,-0.04903615367539873
2022-11-23,0.0031956451398900184,0.013071999958063173,-0.02234374036456313,0.016091293733126524,0.0061807140012066575,0.010622946959330526,0.010607122025210728,0.0028954722020777734,-0.010893562115998404,0.0058972660417383116,-0.013933721531497313,-0.04515659127403576
2022-11-25,0.0023903527297454556,0.014184643825752229,0.001036055691329713,0.014911784604608928,0.006734807970448582,-0.0009609938904770042,0.0019031463583725327,0.010838434921541386,-0.0036940607519863077,-0.0002830842622024787,-0.004055732138615902,0.00734395551031755
2022-11-28,-0.022533350183105885,-0.023316986093324558,-0.022195415585873332,-0.02529410991194923,-0.016856827469338736,-0.01843814665786024,-0.017632881377351733,-0.011283390213130327,-0.02781354137984135,-0.015564696794064813,0.0032459005606186157,0.08011771054057051
2022-11-29,0.0037910892137643353,0.02715098341457981,0.00717313034101823,0.0037879193414619315,0.0035244724801305766,-0.005401465454830194,0.016315676490557433,0.013151391986187401,0.014996263905519076,-0.0015931337016243704,0.012079018965760198,-0.014512713032827779
2022-11-30,0.022712943634948773,0.013933033607961023,0.017503956005253427,0.004714639239702155,0.012875453747110915,0.040999192448527524,0.011793024443732541,0.021613791284368286,0.004949161289474085,0.030478643521294944,-0.012079018965760163,-0.06171015695339056
2022-12-01,-0.029120427291410757,-0.007575705266301717,-0.013099003561152687,-0.019952975346363044,-0.0060782121172514945,-0.00949669359510664,-0.014139155954905001,-0.0007524712627376962,-0.0032968430019448616,-0.0008680098296065889,-0.04812876335028887,-0.036619617151065965
2022-12-02,-0.012942325574264685,-0.008911578213280097,-0.011366155092108688,0.012398767267600152,-0.00845118246062957,0.014681837558590032,-0.007958537452676499,-0.00972444106019022,-0.0059614501792258825,-0.001195374663761461,-0.006538758656564727,-0.040108239341404936
2022-12-05,-0.045649390125516054,-0.015464391275386798,-0.03445649072420871,0.004728112346291956,-0.024039847436659736,-0.012775231929047642,-0.028441614291901257,-0.02517877592727624,-0.030124914700174747,-0.01805624963097222,0.026180224269724647,0.08495437647046357
2022-12-06,-0.043581967795898846,0.014184643825752229,-0.0145667108034335,-0.013295520704765059,-0.023501711955437134,-0.021175011082076797,0.0016731380518745962,-0.025942910171172805,-0.026714355494171924,-0.014503869422986057,-0.024185646195967563,0.06619378039282739
2022-12-07,-0.007909812704871328,-0.00642252048623846,-0.006915984345877648,-0.0019139442283899121,-0.008273176352841189,-0.00389879447117145,-0.0006840673460510464,-0.0026320728199487457,-0.002346798133591606,-0.001864107253381664,-0.03034476981293357,0.022743465245738823
2022-12-08,-0.00920550702378536,-0.0012895796095468372,0.0004479029191997709,0.012375162821655359,-0.005125402180458105,0.007782252876924591,0.010439694355133618,0.01602582867509184,-0.004474559518225193,0.007493634413933237,0.02406260336456618,-0.017345303844040455
2022-12-09,-0.0018512250102809859,0.022960199703107795,0.0037965360504413083,0.008478724520537112,0.002956101290994554,-0.0029111546411957918,-0.005433284279751918,0.008756391220749612,-0.02461006920135571,-0.0073767194642132125,0.02153667168663992,0.023937268728642467
2022-12-12,0.010751068747876286,0.0,0.020082473452064622,-0.004701535492080951,0.01118616035501648,0.009189990309819781,0.015392285041064714,0.018273803158936012,0.025907423200103346,0.01417830729965003,0.012259877418280366,0.09080036766832521
2022-12-13,0.0006109811409884074,0.01750051128406214,0.01775712119927301,0.02788277700113134,0.015057628863503288,0.011794493133298245,-0.000969028117572624,0.017298971174887226,0.018796824130075884,0.007263223255457212,-0.03093613792779695,-0.10314079275274912
2022-12-14,-0.014455252736333064,-0.01121517456028013,-0.013179423235217098,-0.022243561627507718,-0.022797094976689927,0.011374635257889024,-0.005009195893455165,-0.024126429675885804,-0.006148720257244418,-0.006071116623835963,0.0005711289346533889,-0.06456808054524123
2022-12-15,-0.015925235519393843,-0.040926294802138635,-0.030024292715010358,-0.03820900547321926,-0.029711785969733052,-0.020953197314278627,-0.025123973910106234,-0.03040216637489687,-0.006069980046313215,-0.02523747790182607,-0.015245505340105022,0.0769085056296651
2022-12-16,-0.0022058306076559223,-0.006548840783714011,-0.006069579012532714,0.02119524940907083,-0.009997394781255014,-0.017965918524970197,-0.006245335748203738,-0.010650149707779345,-0.012369744508299186,-0.011200239946011676,0.009232628800020168,-0.009240949410513647
2022-12-19,0.011292576954726139,0.0,-0.009515320730738672,0.002855985398997051,-0.005036811334179703,-0.010837470446832623,0.005937860614267741,-0.015196382965911344,-0.0001197518185451459,-0.0090483289411038,0.02803524238525783,-0.008881086742406634
2022-12-20,0.004046639544296387,0.010457560020000993,-0.002735196053616836,0.05995323058748062,-0.0003480133762413886,-0.0014870647299484855,0.004832338520125681,-0.0045692936644598624,0.014979009124916481,0.001036800697890769,0.028357006485055087,-0.04283117271744946
2022-12-21,0.015107412048673741,0.011635592701652219,0.022569089880688353,0.015104759903757455,0.016325025430000226,0.014282409737834513,0.011185049493879454,0.019881057879257737,0.018818739296337574,0.014758548669054294,0.0,-0.06789610072682875
2022-12-22,-0.008913456569513837,-0.01163559270165228,-0.0184688544032592,-0.006192006159860131,-0.013166024397331312,-0.01726318976982001,-0.011414526852941526,-0.005772430705995934,-0.023312601938160146,-0.014557142498145655,-0.004080001595016868,0.09045170754006276
2022-12-23,0.0024668416104859027,0.012920133872688394,0.006118809904544825,0.009713169945812032,-0.0002025502000739959,-0.005487680116030008,0.004733769979703234,-0.0030149980547528443,0.031385439414208356,0.005850952271915072,0.022103330837151724,-0.05136509384120208
2022-12-27,0.0018460349074736588,0.002564005362058655,0.0029330565436052444,0.0017558063701947474,-0.010298333982673989,-0.011572273031458353,0.0034978633500457774,-0.012268555166024094,0.010625678791466173,-0.004057844034659477,0.028644704522388393,0.036692675527112216
2022-12-28,0.0073508784382013675,-0.009003275539805905,0.00516799387130889,-0.01413446220255569,-0.003222133482358724,-0.010173274670159597,0.005450371387653036,-0.007078894148945349,-0.022643164692080116,-0.012093470442948605,0.006970517161368415,0.022380462884019337
2022-12-29,0.011227521052338691,0.007722163419369958,0.012029461645464938,0.016762587004939003,0.007482103925293791,0.01572465162049055,0.005721160762292962,0.009192728497709947,0.010408220801500709,0.01731063431499432,-0.013468228694581346,-0.032127538600664654
2022-12-30,-0.0006037887396270536,0.0,0.0015487614583326319,0.007843274915462243,-0.00014536128173115687,-0.001007134314088876,0.00658403521717778,-0.002584171704091969,0.006307759508760331,-0.002543975646110833,0.011407930415342523,0.010670457956980314
2023-01-03,0.011706281407634331,0.021560677967733158,0.01208659413663089,0.016358387409032036,0.00823656144951315,-0.01114512744408617,0.007577436197660102,0.008199577974551278,-0.03572836737639485,-0.004008572481273608,-0.0224201170006011,0.05520807483314222
2023-01-04,0.018626047970386573,0.03936561059495156,0.025448920718908058,0.06368421602491894,0.004265802987154695,0.008117927970575494,0.009281629217240737,0.010790829868595126,-0.00011867488399104022,0.007510694562138916,-0.02239492984713925,-0.03963998796476396
2023-01-05,-0.002052484167729298,0.010797851188397782,-0.0044816803250879245,-0.02762154584915053,-0.011396444405597362,-0.020935230415313817,-0.00022129411642500573,-0.00846051577041972,0.018084187973350485,-0.011713869136457158,0.0029613476420959966,0.02023900261036192
2023-01-06,0.009929989351008762,0.009501212347611197,0.011907429541986128,0.02441123938275274,0.01248872593045732,0.02547260007019948,0.018954536598762957,0.018907819450306243,0.018791113556845884,0.02258383558903089,-0.041438229864690694,-0.06104211663738497
2023-01-09,-0.015227257547649562,0.0035397540874830117,0.004849615517410042,0.0,0.0140356573867303,0.008514818364040406,-0.004140717267050119,0.00091328111215542,-0.0035468228417629114,-0.0007679273259905782,-0.01467710400821589,0.03898406323239964
2023-01-10,0.006763835813718906,0.0,0.01358024405882405,0.015157973183183618,0.01227559578900969,0.014851920673978508,0.008913903269331528,0.014499524744590434,0.007081206285308664,0.006953997970593733,0.029141902902585858,-0.06535812844402532
2023-01-11,0.007591228252558769,0.009378749839069993,0.010732657112942546,0.0031620058113610437,0.019727951495920826,0.02858032533797655,0.007404238963797546,0.005719056167813129,0.0030678919489719727,0.012767571192293676,-0.018676543180380225,0.02447927502705114
2023-01-12,0.0026144811823712046,0.025347056233266378,0.007770995429946398,0.011769386231062084,0.014869219692799078,0.014695646792475064,-0.0010030726320742205,0.012225028605825958,0.01888108568121377,0.0034100849120427303,-0.029989402157500927,-0.11334766310842789
2023-01-13,0.021808601374172416,0.019155564141057423,0.016766291705996948,-0.007044963865154472,0.010914855112945949,-0.0014127397905836527,0.024921425601018742,0.012405009472045307,0.001446383474373444,0.003988892144656051,0.017816574158795638,-0.025821743328217784
2023-01-17,-0.020359099872100862,0.005564750047595095,0.007782258696780957,0.01404080444784303,-0.06655111231348577,0.006575870739298889,-0.015574150008227107,0.05744914023695861,0.002110059292727204,-0.002032555430996314,0.006812449802216194,0.053579518085733954
2023-01-18,-0.023447808174842596,0.0,-0.017646357285591267,-0.004658397532343439,-0.0023749132692152835,-0.011773154320165975,-0.030502880507100025,-0.005163594327103631,-0.018474482382741467,-0.01568496697774467,-0.046317999304294026,0.049380284747422815
2023-01-19,-0.01463803877860561,-0.010039158545549227,-0.0012144608957997273,-0.0038986166879698453,0.004744105871097304,-0.03421209686330653,-0.013416168212307764,-0.025482351101843197,0.012354134910061928,-0.007667671901812428,0.00649738675168578,0.008810644488462888
2023-01-20,0.0184859105894246,0.004474408497954239,0.03424588484304076,0.018576321225775,-0.025730962948161445,0.00975641142287404,0.0024458164308725655,0.02195583263794621,0.009885318616461431,0.01874167355235196,0.025288338607267067,-0.03319601625992202
2023-01-23,0.013789281229586689,0.01330387038464177,0.017270053408562313,-0.0038417025917159104,0.021130217895045093,0.017801678768154326,0.016082847050334914,0.009205139195205025,0.0013252059468706883,0.011811315951328555,0.011699413635376375,-0.002017192599349769
2023-01-24,0.00725799893227476,-0.015538602105690682,-0.010831659642194524,0.0030745897835703557,-0.0023229767596084617,-0.007659275122378023,0.008559353076173977,-0.016819549562570837,-0.003870664687300678,-0.0007117563642918193,-0.016014066190397917,-0.031276514981302975
2023-01-25,0.008640464229852873,0.02321840542453468,0.009291538022600455,0.0030650860219394198,0.003725245077259772,-0.008202666812746487,0.004827361734906124,0.0013603462207420086,0.0001110632312561783,-0.00018174157346566321,-0.0020199712269557955,-0.006269656748659141
2023-01-26,0.013388788724406122,0.017335241481644913,0.005572109310886341,0.018196199234759174,0.01515806686574529,-0.0004846058603980271,0.00616281444840223,0.008951787587766451,0.031087133894525106,0.010947708029114303,0.008914548660007973,-0.018514170005640936
2023-01-27,0.0031076918723204404,-0.0010748227660960822,-0.006343019508101324,0.008975385347587945,-0.003584158169399246,-0.004859116535870721,0.0024258801148980325,0.0037237443135503894,-0.02039784962889959,0.002491734021703855,0.007131639765950417,-0.011815353065151442
2023-01-30,-0.004240394243115233,-0.0032309541058153507,-0.0021235041399384987,-0.010479198451442403,0.010574160407155359,-0.01818669643149173,-0.008516511284625449,-0.00130173817369814,-0.02317555300402498,-0.013053569315292663,0.009336672935583434,0.07441665236620897
2023-01-31,0.005086389431718459,0.0010780679157698658,0.009041208721857463,0.006749109986734089,0.023090676195265333,0.028363701328909335,0.005947604313909156,0.014175902552897659,0.008823292738945276,0.014536304416419527,-0.006214730138871829,-0.027454744911028
2023-02-01,0.012325058791126428,0.007514910789341706,-0.0013413915567495646,0.008187674562682925,-0.0002735835735932398,0.010074571665542544,-0.0026469940784181584,0.008796989319607694,-0.01987817629834787,0.01039805629688473,-0.03812184604795953,-0.08214967027130217
2023-02-02,0.005829468103903468,-0.008592978705111646,0.0013413915567495355,-0.06984042704240238,0.010229120982211572,-0.006224675923456967,-0.00466732456714108,0.010334485685838855,-0.023063530835371517,0.014592384626854379,-0.0002944695860697241,0.04700311588127257
2023-02-03,0.008268927993168662,-0.014122857566428514,-0.014806341880435466,-0.011995272671479974,0.001298209648327383,-0.026278955642226102,0.015355885330246911,0.002215038697285729,-0.002207795615264969,-0.010408592637285455,0.039266059612264655,-0.02158743432649611
2023-02-06,-0.00164852888024464,-0.007688355658800532,-0.0017681954444491415,-0.01703896568801097,0.0022948417555563923,-0.002962918224733873,0.005865454214103871,-0.005344684775052476,-0.004547306804953116,-0.006159393193939262,0.028469686192052354,0.05827922140640191
2023-02-07,0.010938269153290606,0.017486932710633812,0.005294657586739085,0.0210533151604184,0.009662186524444288,-0.0004948726076617219,0.012116242435030816,0.003230447678520536,0.031971202131247434,0.012790364037397075,0.010947006247427362,-0.040436091853844745
2023-02-08,-0.007370261998932471,-0.0032554970967499835,0.0003911266366815888,0.005593418321685859,0.001867738838851238,-0.007948352594189446,-0.0070555832450519594,-0.0026238956793341833,-0.008981796053295781,-0.011142573012411353,-0.005732213878649546,0.05067677829384996
2023-02-09,-0.021601307502107914,0.0,-0.023139631505321064,-0.004792345291178502,-0.019136924177474663,-0.017102863606164653,-0.01568649357232512,-0.009238277977908023,-0.008602476048445794,-0.008869009831037385,0.008178881622161106,0.0535576656646979
2023-02-10,-0.003927186190480335,-0.01643873858850505,0.002597867046079061,-0.030896849140511974,0.008900732563555003,-0.0015232053670138634,0.004405937065830339,0.0039696562794230604,0.03841853933281736,0.0021928557092171274,0.016426886122269183,-0.00872936672367463
2023-02-13,0.001965752471085447,0.009895658633421634,0.01760499199172181,0.013125741010800072,0.007352908727436804,0.009608214741851995,0.010789327225233986,0.010006754474351029,-0.002552712087698167,0.011383569951155146,-0.007237654039951654,-0.009297866354522386
2023-02-14,-0.0008421908437493164,0.008714666111193897,0.011889740050110181,0.010539166827356422,-0.006007032099753993,-0.007070826579774606,0.0044093117315771565,0.011300761128599986,0.000333401571295467,-0.0002804538554937624,0.011767964313552287,-0.07289852352107458
2023-02-15,-0.0016859322494927617,-0.0872087579196376,0.00406068408160203,-0.009724558640365519,0.0068621660950007116,0.021063837023961626,0.004181150663580046,0.0026813928139781513,-0.01714442987680644,0.002769337533076689,0.01268183382121472,-0.03662231102109
2023-02-16,-0.00790505700240014,0.0011826867607761023,-0.006971488534224312,0.023341093140928845,-0.011120945379958043,-0.027164522080478225,-0.013864640700751366,-0.012575057678406385,-0.009881235102883182,-0.013884689204881605,0.008886603205457486,0.10112779216855393
2023-02-17,0.0019822179557786976,-0.003552264815794202,-0.0007774455210298853,0.01186254604968502,-0.004602782316689291,0.0005099079763377652,0.0029570030295314733,-0.0006027507342098243,-0.03626207288018766,-0.0027712421722827342,-0.003910803179751812,-0.007464558996273437
2023-02-21,-0.0237595136139663,-0.010733589759866758,-0.031209288761384287,-0.0352036391906138,-0.020230493355627925,-0.015926516983391953,-0.01851959565762799,-0.019175858208204766,-0.0049835419944023905,-0.020244783973471698,0.032638090400957095,0.13309424797811642
2023-02-22,-0.006685016412004823,0.0023951827114516524,0.004004832740822493,-0.00817652544982115,-0.0006369560498754526,-0.004151471228594798,-0.007692807235100331,-0.0035918002350168146,-0.006683323192139915,-0.0015747954856433837,-0.008123889905679086,-0.02568785625927578
2023-02-23,-0.0008755480673801593,0.024824766614905125,0.006771579878099919,-0.0016435296521905335,0.007316001032584143,0.0031153219235553033,0.007979164439688676,0.0068645364563971805,0.01497534934557522,0.005315278263237728,-0.0112793168418121,-0.05297123690102267
2023-02-24,-0.0014604498031924847,-0.01087631371282409,-0.0039778354358124875,-0.015748313495789455,0.0008524630608174852,-0.01883887700470369,0.008980683185405418,-0.0024536546464418644,-0.0012984992626548552,-0.010593464619774184,0.01788497717717894,0.02476186749877466
2023-02-27,0.0,0.014475725893441573,0.0057626953490466796,0.023122465613056524,0.004606557125892739,0.0167629356785303,0.008689880561825142,-0.010288184605515584,0.002948645600063663,0.0030682925395522777,-0.006860642092180467,-0.0337901362836813
2023-02-28,0.002627396209498029,0.013087460569585506,0.004349367636961657,0.016997590209943226,-0.03871183167243191,-0.0026006364191964904,0.008336203744123454,-0.002070347707974807,-0.014472265446354977,-0.0030406198309477117,-0.0015310138481571616,-0.01200494565700265
2023-03-01,-0.004675676313270709,0.0,0.015853181086218464,-0.003215551180375304,-0.008398419755736682,0.014477894042936586,-0.0055964373794141825,-0.0032175033917847427,0.019523499972620675,-0.004736464203492832,0.019722528068984144,-0.005814010429586494
2023-03-02,-0.012757811066037733,-0.0166868727502029,-0.0019434410498687404,-0.017872084517273935,0.008255146408708808,-0.005146610552095228,-0.010436469766929437,-0.0011440808964942645,0.008750010013761302,0.0075535937311959735,0.01958659293984831,-0.049300486953194694
2023-03-03,0.01980843700704666,0.008378211391118127,0.01831368046827753,0.022691375384664477,0.022629393864897315,0.02042970373832016,0.018193044887071373,0.023147961771831656,0.013499169030465143,0.01601874917648306,-0.027126204327727024,-0.057789206725168754
2023-03-06,-0.0020514002175406184,-0.0011924828407128619,-0.0032526146879540124,0.003200116495023062,-0.00011208666168110804,0.008557883349838157,-0.0058644043741769535,0.0005082446363685045,0.00045842800058223606,0.0006869307788483012,0.004781701156258701,0.006469070430775006
2023-03-07,-0.03249640308968473,-0.037694465644092984,-0.02130632292564063,-0.031645668551289946,-0.0312058671599757,-0.0105821435194088,-0.02984878501993718,-0.023864583771814094,-0.01756489524795198,-0.015445590479262547,-0.0020105901413385303,0.05132013629439375
2023-03-08,-0.013423055593528337,-0.0012397976185080503,-0.007861552423677478,0.01391743806933164,0.009232534063009723,0.0010127436838329915,-0.005932985285563792,-0.0016670117650397363,-0.010311510512608925,0.0014137941356032722,0.00025158242931099087,-0.02480744955448161
2023-03-09,-0.06404719045912116,-0.036643488131936686,-0.04190805223327042,-0.0322208221058383,-0.020828618428668084,-0.015298679025220108,-0.05565697149692354,-0.03934590267090804,-0.01423523561122133,-0.018631857945482354,-0.01290996745814487,0.1681805230936015
2023-03-10,-0.00888013524041627,-0.031375150347497986,-0.005363880449347093,-0.06863309423044599,-0.0430667471817536,-0.015014488871799533,0.025078044383102637,-0.02359501152471562,-0.012866293562270308,-0.01458396943606664,-0.06038580275239108,0.09245130912260863
2023-03-13,-0.059902161928892174,-0.039273799485275415,-0.07739156098088196,-0.02273863969369199,-0.03781672719230463,0.005202946901110103,-0.0181204298124142,-0.023141839962484343,-0.020541309108983403,-0.001510901840738768,-0.049940981225919875,0.06705556017148671
2023-03-14,0.008730453950048666,0.02185881248147838,0.05775426540811269,0.03525004606152459,0.02082687454018356,0.010838644295422402,0.025351937698558903,0.022253237341582563,0.009834387745895677,0.016342388235363665,0.03439452813429703,-0.11115913142156775
2023-03-15,-0.009432197031616766,-0.0860291345320839,-0.05596783742631093,-0.06988145656665355,-0.031405053312604604,-0.02389728187059713,-0.048396467945587184,-0.05224741121331423,-0.055195987408556,-0.007005363929353597,-0.040959415769202874,0.09672663368957533
2023-03-16,0.016707607902676516,0.02759800026472875,0.01769175256294725,-0.017291512669118325,0.009246235972348329,-0.003159510620355089,0.01922776847402299,0.018794147084301476,0.01079978026912589,0.017409576249031722,0.02628381721986391,-0.12840735602736547
2023-03-17,-0.04050565985677371,-0.03350644240668131,-0.03049075370451001,-0.042559583726613656,-0.03734497665895936,-0.03433802498525057,-0.03851446470672524,-0.033065771010874295,-0.015853884337562532,-0.011080621273953702,-0.054454729299752626,0.10401121230658243
2023-03-20,-0.0025194165986870943,-0.01192257796249043,-0.0036222961413375537,0.002020169471053678,0.019541374643480786,0.014630427720975817,0.010516142188558274,0.01719519507087409,0.019821874713907693,0.008878869635940853,0.02501583809467854,-0.054786176823226014
2023-03-21,0.02982112644914853,0.03823991033492147,0.021983719480867744,0.06636583695569923,0.02472989509972841,0.022341426315954198,0.026467466754258064,0.035783574178578643,0.03403468725200118,0.012898647518559103,0.03527951648364818,-0.12182849795903464
2023-03-22,-0.03379286699773452,-0.010152380668759422,-0.030640000855390807,-0.029709858766009435,-0.011443257903918725,-0.015907082290932056,-0.026152789505999006,-0.013726028467587803,-0.02150078784709507,-0.016600248639842885,-0.029836141475507342,0.040335489785902484
2023-03-23,-0.02453887998218036,-0.03109061584695975,-0.005965944746454055,-0.06324239975386634,0.003754968422871627,0.007454868479759245,-0.0026771755710354823,-0.01972506146450897,-0.013950532326058038,0.0029800838691824228,-0.027224415934694983,0.01560095715503785
2023-03-24,0.006283529859347609,-0.007547133826289078,-0.007855954443811958,-0.03158148957870995,-0.00726786402137589,-0.004253208829122255,-0.01533279898038997,-0.02226364223453248,0.0038588663931258273,0.005623963084303207,-0.0076628092074863905,-0.03923844211971962
2023-03-27,0.04854455922420302,0.02247279796957729,0.038006709810834274,0.04598500818726087,0.018888103718654594,0.0010650526414380382,0.02825762661626528,0.00818543519574556,0.02108844654429632,0.0016455995637670831,0.04285542776989133,-0.053862776851436873
2023-03-28,-0.013072197085315124,-0.004454354483843402,0.00977800147561007,-0.014403518608551017,-0.00028272321319220615,0.0,0.003030616577697764,0.002831620679871778,0.015343617777654013,-0.0015750832883878866,0.010152307980750515,-0.031059981269611188
2023-03-29,0.019370227041241576,0.03509142673703365,0.016014213450068808,0.02960899193669327,0.007134573297634453,0.019499966018227736,0.0020153416165601765,0.015895685080917436,0.013769510157836343,0.014136870775046802,0.0005610360581552392,-0.04349616152765742
2023-03-30,-0.012989518910272663,0.018505734342706266,0.002608327180809008,0.010010241886778223,0.0013086786490575418,0.016563367419901852,-0.003024569385506718,-0.001508616754771488,0.004386018612203325,0.005698999199482652,-0.004215227898973369,-0.005243870331479798
2023-03-31,0.010544816920812774,0.01400591692753933,0.017642321094670673,0.016790498318449445,0.018419323291406983,0.015283093186224813,0.012043648036874584,0.019436028598223624,0.006905315561655548,0.014333327782036555,-0.016182087560782068,-0.016967516525293273
2023-04-03,-0.0003496700701021798,0.024726485018863906,-0.0038462243689180897,0.01651332687126547,-0.0018052567470857078,-0.01118479115589723,-0.0011516902881159063,-0.007316074405848256,0.044278514222939463,0.003692022565802823,-0.018486919061638764,-0.008053816734809512
2023-04-04,-0.02156687242971474,-0.005442124247220397,-0.01336229517707556,-0.007736955051558634,-0.011923231666923098,-0.005125404355060585,-0.013458496081085708,-0.027214126973131737,-0.018299861095025495,-0.005813839745162529,-0.02748811287960086,0.023969231241808685
2023-04-05,-0.012225994568019784,0.009504492378957119,-0.0069670061654828275,-0.0097563185828674,-0.003477143103388233,-0.014493089218551584,0.001490182916831535,-0.011859852298788102,0.014944826202862797,-0.002495481657121423,-0.015096891067287238,0.004201682855065258
2023-04-06,0.007209868219022036,0.02006751083536322,0.001964456161071242,0.01845623516858364,0.002702200944678874,0.002083301259147865,-0.0010977906784845628,0.004404562556197607,-0.015297832859573231,0.0035727731328032467,0.00030423298548815146,-0.03629001813861621
2023-04-10,0.0035853872616301487,0.0013236281169987057,0.01428898932201639,-0.006760184727607642,0.007909150068629812,0.009837046002587398,0.0032895725521303893,-0.002259484154666603,0.007969937568246972,0.0009958070170100843,0.037897972173147346,0.030508103867642994
2023-04-11,0.027186032625987684,0.0,0.014511552661972084,0.017291512669118308,0.007388807713363155,0.0030864764394460172,0.004914031001601214,0.012892961534543898,0.009411782085577905,-4.135333298352082e-05,0.005548285066391556,0.006829607274288469
2023-04-12,-0.00804324327965905,0.003960404756809611,-0.005949990550173203,0.003802322248737331,0.008728463431153126,-0.002571315718963699,-0.00015576997341053243,0.004455983540555957,0.0006933430746104651,-0.0041434563234613855,-0.0037928598081782916,-0.0005237092940851025
2023-04-13,0.0028050059607633774,0.010485033278114647,0.008066271181108885,0.0037879193414619315,0.005707062209617343,0.018873303424285476,0.0038060886792042163,0.0025705689457867715,0.006221429209570649,0.013175510497831548,0.009020837931378397,-0.06996623129446441
2023-04-14,0.033060897278271884,0.021922304575539404,0.0466738835384964,0.03437399416852857,0.01431902997939179,-0.010157672207924621,0.07279468493146059,0.011833042017030261,0.0018358924523566203,-0.0020715175845779886,0.02007528615264115,-0.041875895507824036
2023-04-17,0.028387269103238452,-0.01413011789420299,0.002619599277976798,-0.014719625374691,0.008158591345495927,0.016202934868698907,0.007897615103910972,0.02932035508943688,-0.01187831957454877,0.0033007035826147536,0.019401706357546997,-0.007054640090812043
2023-04-18,0.006236619102910427,0.005161373682672403,0.007818210478871657,0.010142890770367025,-0.01713263059672937,-0.00050237840638293,0.011165261361878339,0.006252196910887655,0.003936604944072231,0.0008548548034659753,-0.005305067062253562,-0.007104875168132019
2023-04-19,-0.016496519000971398,0.0038535726682571826,0.006369397813048164,0.01276232616407494,0.008884821437325122,-0.006048410931385048,-0.0012735040164669783,0.006655541101127019,-0.00347268120923222,-8.426554793962826e-05,0.00836357573437638,-0.02222986404192645
2023-04-20,-0.005336955297528723,-0.02334738450653135,-0.020040857481775184,-0.01276232616407509,0.005387935574516511,-0.0010115164857376878,-0.002907488297926968,-0.00022125650911099297,-0.008851566420743338,-0.005970335188311131,-0.01595106471858472,0.04223053972525203
2023-04-21,-0.001003660529252658,0.0,-0.007518044632532019,-0.0018365176188859611,0.008671871265838205,0.002022112030345417,-0.0019196302383496261,0.00760138627693104,-0.0058664221299106626,0.0009027812573008861,0.007027395586396214,-0.023572076221130268
2023-04-24,-0.0036896036354842204,0.014332438155601757,0.0,0.010059504357760546,0.006709242218373055,0.0,0.0013512777558382712,-0.010148014485599023,0.015181890892224012,0.0008512167782723126,-0.015526021984707908,0.007130091551149501
2023-04-25,-0.03140195640652405,-0.04092977463030586,-0.023316735565204125,-0.066785436628267,-0.013110345730608295,-0.01989353301238185,-0.021983752793454502,-0.024010965726383542,-0.01895464162330517,-0.01593718381857645,-0.03444131361723403,0.10500526109575481
2023-04-26,-0.013966627694398147,0.025284205936845064,-0.021951367278925733,0.03442025243106508,-0.008638586405641569,-0.04208929357943905,-0.01788237772842942,0.00430583042965435,-0.013437566911137885,-0.0038485835033448754,0.010544917349681637,0.004255321468758906
2023-04-27,0.01569890864480426,0.07100566577833778,0.0036213052568084643,0.025059145319441947,0.014863913462230866,0.01757705871306019,0.013368821995912543,0.020369985609224973,0.0035852450551477548,0.019377193402696356,0.027588012283287236,-0.10100574225300608
2023-04-28,0.013409346575792042,-0.012315437651759692,0.011753720978358254,0.00912428587682992,0.005371969754924981,-0.012217966582276675,0.008645321703022688,0.005405591158780861,0.015388566527930974,0.008219331313243467,-0.0217774260811494,-0.07623323649860547
2023-05-01,-0.0082306478575543,-0.009962731552398482,0.003816737314895886,-0.019257736782711758,-0.008391575332228115,-0.01020685665775663,0.021186239784399503,-0.022935404497758674,-0.011340992495665326,-0.0003861810485107871,0.034731638607558186,0.018832960510421673
2023-05-02,-0.03077166749164093,-0.027920554198046232,-0.026811340849822344,-0.008368353322229335,-0.021367749073927352,-0.01852928388144141,-0.016279240346000604,-0.01882737204978981,-0.0444570116452721,-0.011653906680571788,-0.038504683812871233,0.10049800969856827
2023-05-03,-0.010710537641861525,-0.02080694237613324,-0.007199760683578012,-0.022663879624463937,-0.014259756627849882,-0.0011004775616938068,-0.021390266870838743,-0.018008033394632722,-0.019060318653431618,-0.007022908054892971,-0.010523270127936506,0.031010206443528907
2023-05-04,-0.031725593916690345,-0.01856825786229029,-0.01700359531769364,-0.01831371389793181,-0.022742499049766354,0.0065860878351047215,-0.013772951658531695,-0.025574873478388226,-0.011203032491047557,-0.007244913455062742,-0.015398599893553768,0.09113771127378989
2023-05-05,0.026326960299654274,0.045789529372243405,0.031135852700044587,0.037235836122999334,0.01777060830058035,0.018965642649939815,0.019346397455350647,0.02710773748143387,0.026779504616072713,0.018306166381879797,0.027955337072425625,-0.15589433595937743
2023-05-08,-0.0007220101222611104,0.0,0.0008632712886680005,-0.0018762398319331856,-0.0015607690109155133,-0.0026876240648342356,0.0024103748568505344,-0.005315828603444452,0.0,0.0004520264848820656,0.0215308472834517,-0.012291696538472011
2023-05-09,-0.0010841047423510398,-0.0064143291338198925,0.0034452041452802326,-0.0018797667261761502,-0.005343420310517081,-0.0059378454100296255,-0.004826573661375402,-0.0007108710683363731,0.00037369414486011874,-0.004589938949059595,0.0,0.04209324617502903
2023-05-10,-0.012368168251581475,-0.0025773232635635333,-0.0032295925821109535,0.0009404228661749881,-0.0068589959757449845,0.0059378454100296255,0.0005128635032414934,-0.007733883921238284,-0.011402932551079461,0.004473942241914432,-0.023564314334387118,-0.04445167934890709
2023-05-11,0.002558870103771119,-0.009073304170350778,-0.007359534206674823,-0.012293342114379522,-0.005689710015258094,-0.004314824918285408,-0.003155506135868156,-0.013105125301727517,-0.01204431507705061,-0.0016980648897067581,-0.012287988760436458,-0.0005905065795475104
2023-05-12,-0.01101337724514197,-0.002607633717578218,-0.012680253984114475,-0.004768697189031292,-0.0038111707757552426,0.030345421800734806,-0.014436639726371523,-0.0029088211109384336,0.0015293162255806186,-0.0015845615894390477,0.0192425714182636,0.0058893208235718105
2023-05-15,0.020461045814087853,0.02195061345349457,0.013114792753760322,0.01612161643723588,0.00801159376063696,0.008875303848853544,0.008391159100208597,0.006774033831092733,0.005081142187920493,0.002953797680316935,0.012910762654939041,0.005270884739881481
2023-05-16,-0.010543429165458853,-0.023256882515105375,-0.01686227756580575,-0.02187427371014647,-0.003919913102861103,-0.021009156854051355,-0.006752096413041332,-0.01322748334871097,-0.024888721047369767,-0.006398107681917463,0.011619835501602983,0.049568615505478746
2023-05-17,0.0432751946455844,0.03468558816725779,0.03898294513953586,0.01904817797767572,0.02878892398765347,0.005821569782698825,0.03028440524412348,0.024734282673572888,0.019043266357932388,0.011820688622071574,0.00897623539892902,-0.06427908893475077
2023-05-18,-0.0035065461642350792,0.0,-0.014764498598128213,0.029251689804530766,-0.001818988513911199,-0.011677442732595186,0.007555279306706962,0.00688843090718561,0.007238442134664889,0.009400723063727155,0.01853695668501943,-0.04982814426410975
2023-05-19,-0.012725385027344698,0.008799496243891815,-0.014766852438633498,0.0018885590358293431,-0.010461624707609581,-0.005353246862521139,-0.0022966255826196913,-0.026991406670774792,0.00768901340680919,-0.0014469138806754414,0.011989220141307225,0.046265113609435415
2023-05-22,0.008148754997217319,0.0025000686177052136,0.0017487177243018625,0.007518864850786954,-0.0037781684130203403,0.010678095401537763,-0.008297056790442644,0.00036465385949801854,-0.004152360770827858,0.00015502267980239146,0.007286549248590394,0.02351664137575075
2023-05-23,0.008433019188310423,0.0037382604715417655,0.002617038463398104,-0.007518864850786924,-0.00416350202907986,-0.009605150994110639,-0.010487283679034055,0.004487201703378822,0.010660645742840676,-0.011285468768284297,-0.0056627215385795585,0.07390052032710898
2023-05-24,-0.01693761352147739,-0.025190139075762584,-0.031418237512702854,-0.015209485028396615,-0.011688560702731294,-0.0042988101220970115,-0.009193422837352923,-0.01733212461823022,0.0043566557741258035,-0.007345512678305211,0.005662721538579535,0.07784010660543
2023-05-25,0.002487929272582961,-0.007682569280491403,-0.005861361906721774,0.0009574363653057129,0.012646027774577514,-0.0010776772205557765,0.002435218155704553,0.021679128381838036,-0.017921438148092092,0.008719456079011883,0.02522363654818636,-0.04545082982256886
2023-05-26,0.0049575830738304745,0.0038484956010351678,0.008330648178221869,0.001912127058007625,0.02479205889600452,-0.002698906047894107,0.009317474512627698,0.010784955472670157,-0.0039277881426792935,0.012964680931640788,-0.0010493045529003464,-0.06419019669813379
2023-05-30,-0.0017676572125980552,-0.0064224347079456555,0.0022395861578607752,-0.0028695634233134246,-0.0035604474360827823,0.0021597937054349064,0.0037901853140512223,-0.005737584337231134,-0.010336262044865891,1.660313066576836e-05,-0.02929634158244684,-0.02767765946212412
2023-05-31,-0.016771266875901004,-0.031416291217650286,-0.008537375001854308,-0.03014316222189281,-0.013584577882663186,-0.010846029317302297,-0.012812844512978953,-0.02009996657480553,-0.017729292122852007,-0.006127358186214099,-0.017173643457937347,0.027120388423994002
2023-06-01,0.007588222952481694,0.017139525180418176,0.01166459745024663,0.018582435327373505,-0.023427525612663713,0.01783320880347933,0.013685520881512151,0.0037843428502071894,0.012327202677119132,0.009806215085853812,-0.008005575777824793,-0.1365619937886482
2023-06-02,0.03292897969362333,0.02708091597704432,0.03247318249547299,0.026770211922916,0.022655500076946843,0.005342023057992017,0.02078817086904988,0.027402231207287187,0.029981865031924113,0.014429812390107408,0.022743806611901438,-0.06944933776874544
2023-06-05,-0.005938847505636379,-0.014093709027504602,-0.0017284210368943068,-0.020010174297869603,-0.005701401637372966,-0.003736267600857037,-0.009872842983592605,-0.007257829718678615,-0.00665525390056122,-0.002005591490657713,0.0005417371321639865,0.008864644555220937
2023-06-06,0.023888866061715322,0.020434890231230688,0.020972256031401754,0.01717594884140887,0.015387083969562941,0.0005346079502201104,0.001795794844297821,0.025001210385130066,0.008031167562709947,0.002351130233850576,0.00162332383472619,-0.053690099330757315
2023-06-07,0.00851659375558921,0.0025253218851968816,0.01659160760631903,-0.0018939243094390483,0.02701851495681229,-0.0029635952527541556,0.009642072309010588,0.007426268154554654,0.02615171126542984,-0.003819293926420617,0.022719149138572432,-0.0014337248360685253
2023-06-08,-0.00851659375558918,0.0025187641132441217,0.0018727814327418426,0.012247014616686721,-0.0008343622448790344,0.0026944524997099587,0.0002841818838620269,-0.0021991291542177026,-0.004270640127868317,0.00616957160752325,-0.01867217068365241,-0.021022881546280903
2023-06-09,0.001367730382980216,-0.008843901309018782,0.004149452064590936,-0.006575968687755916,0.0016382119237799162,-0.004314873921904061,0.001987591510170604,-0.001158981321823198,-0.0055179501112402685,0.0011474010230505239,0.008312127075240741,0.013100646475644698
2023-06-12,-0.004794669547048532,-0.008923081125015279,0.0031007426874575046,0.0037629086390846733,0.010273526738035573,0.010752794652672922,-7.066627405439763e-05,0.014166601758040735,-0.009636722647957983,0.00927797498175416,0.005326302703991416,0.08187652073388114
2023-06-13,0.009226208750242436,0.017766982434034087,0.004941396138535861,-0.0018795894824063712,0.008827521449494884,0.0010687029520638212,0.007207883536869642,0.009560907321137941,0.004706518448870682,0.006908570725908898,0.019464023425966336,-0.027010458630547705
2023-06-14,-0.009569451681367577,0.0025126973282145453,-0.009285098455422676,0.006563447647616518,-0.011984241522831422,-0.008044912255355563,-0.0037389175366603017,-0.0034042066419160337,-0.010308755927546622,0.0008190899801265841,-0.011264030788210661,-0.05125723893976474
2023-06-15,0.008548557103208648,-0.006293292340168515,0.006611565301027157,-0.008446766804294825,0.003893119453698779,0.016025936478382404,0.01124459905426423,0.012088570236101517,0.010926426879717087,0.012104580493589997,-0.018076004882748468,0.04369968610284749
2023-06-16,-0.00614756055803017,0.0012618308987097275,-0.0076486905866690455,-0.01806981474006875,-0.004218071515109316,-0.005846402084739076,0.001187433599000281,-0.010839197412887797,-0.0014828243466599147,-0.0036783764677510893,0.01093785158488308,-0.06850038475975376
2023-06-20,-0.011023191577353837,0.0,-0.012108523749715258,-0.021339334259113798,-0.02269041128912822,-0.021007905750938416,-0.005108619808219226,-0.01555894063872382,-0.022636347820212344,-0.004746353835236048,-0.010669602706506756,0.024800698656906404
2023-06-21,-0.010445706609643151,-0.026838762320322302,-0.00420980315866937,0.009756192229525392,-0.017231599788728194,-0.005458584518779872,-0.0014744465180526463,-0.004507003279915325,0.007881131293433284,-0.005259086366925201,-0.0016103175374655324,-0.050232148180967114
2023-06-22,-0.021582479964508766,-0.026248181926063405,-0.01658885963671219,-0.01073720563341805,-0.017033009991857376,-0.01045408989493573,-0.019440037631267233,-0.021541372059425135,-0.01351202514427931,0.0037039303873345254,0.020208072521576942,-0.022214622103519467
2023-06-23,-0.007539041626117575,-0.01473571202246727,-0.013168169833674834,-0.02383430183503783,-0.015355969960746936,-0.016731962920475508,-0.005243894712877584,-0.010947283786784794,-0.007212805440473898,-0.007688288056502158,-0.015919662802095117,0.04023311083432769
2023-06-26,0.012177947072362475,-0.005412738067043041,0.004769344158789294,0.005012652337378669,-0.007495163254771627,0.002247013691429892,0.0024458474957809325,0.00011951782173484665,0.01780847804643183,-0.004496934363132171,-0.0053633758054205845,0.05852160284113717
2023-06-27,0.005325663280078574,0.016151106049819616,0.003454039404048641,0.02566773376962129,0.0034834600572690093,0.008938566004866057,7.181873235327248e-05,0.009998874402934895,0.0022830038117845268,0.01139073352418076,0.013089484723688965,-0.03644563657852305
2023-06-28,-0.006038058917721786,0.005326249085714295,-0.003670617722539597,-0.0019513025172206802,0.000669580755279431,0.002776981711971929,-0.004391699286664793,-0.005224893620484565,0.010084405868519096,-0.0003541393883898215,-0.015512439946972748,-0.022820236877551976
2023-06-29,0.020801069748192146,0.01842158998348904,0.0012971464960211444,0.012615543328605058,0.029621524137483667,-0.004446791175300721,0.034327057001524636,0.014772957239478246,0.011473088618315457,0.00446356811449,0.038079706845877914,0.008157231408190429
2023-06-30,0.0010463140094205566,0.024469946127949876,-0.005415369742588047,0.015311177520422785,-0.0017038286922530714,0.02476053009692236,0.013916467390354991,0.001875442821068745,0.006426731345492391,0.0121943502618858,-0.009122984005735435,0.0036859747242309056
2023-07-03,0.017619904520807243,0.013897964530381902,0.015089812568302854,0.014144628487061793,0.012539606370076334,0.0,0.008012484029483478,0.011757223411182665,0.0023380286338705713,0.0011699930926736418,0.010160315123994521,-0.001472788033232051
2023-07-05,-0.004117987239937953,-0.04359661709444901,0.0012827344803763444,-0.04207134933608968,-0.02028972005643074,-0.015886304505412174,-0.006683932689179252,-0.005686719610772576,-0.00554607786623948,-0.0019702580976127164,0.022300012510176073,0.043971091267771496
2023-07-06,-0.027895741693090916,-0.011865673056019741,-0.03081163296200163,-0.02973455513530865,-0.022274007880114573,-0.02289967714254915,-0.009935671349555369,-0.03060818884622606,-0.022751206245329416,-0.007954061175894762,0.02404322134452484,0.08512897479383703
2023-07-07,0.00880128855092208,0.017094379492136942,0.007901674190708807,0.027779635011632393,0.006909176806691465,0.011794507559736905,0.007859250198546105,0.00036008414840150435,0.021266939986429336,-0.002869212795733482,0.0022247694930900624,-0.0403093664141097
2023-07-10,0.004546221851878731,-0.0026109698490944955,-0.0015316230577850475,0.008767689796458505,0.004116294113731406,0.013311283475402272,0.005596049541943719,0.0004797446420396197,0.007767706096584863,0.002402138610626312,-0.010923680495142807,0.016053841382581882
2023-07-11,0.012482825936401645,0.021978859346923035,0.018655602911404917,0.011571972578659974,0.013838756147056779,0.0038494910857066003,0.015517897743036016,0.01853216993538918,0.021746423238909903,0.006719583998254874,-0.006511423629652325,-0.015379744366417324
2023-07-12,0.011648095655551794,0.0339442076393863,0.018103053240973138,0.005736106094474032,0.017056278734110156,0.022253122045932088,0.004939754912416097,0.009488781815639067,0.009211226624860517,0.007383905235389679,-0.030355590998459227,-0.09167798335466223
2023-07-13,0.010503127003108044,0.02079587501650697,0.006311664985556408,0.02912380263783997,0.006961048345561419,0.013859513243508415,0.004848131987249541,0.0051169303439875646,-0.003817736363103144,0.008434482989627111,-0.026241375408985166,0.005156526770827636
2023-07-14,-0.019054677204588307,-0.012180429377374688,-0.04131998206435042,-0.004640387811264417,-0.007604585076989192,-0.01439624987531124,0.0060272438514918265,-0.005000367228607525,-0.026771639731961637,-0.001024932196907484,0.015303752060453974,-0.020037739511752393
2023-07-17,0.00991288234042796,0.007326046615967873,0.011085702525006388,0.0257129593240152,0.003091469306984297,0.022305627052361304,0.02381781878097881,0.0068545354098895304,-0.001966341316119237,0.0038479695744204137,-0.00577734657591947,0.01044001959958077
2023-07-18,0.04326811568408037,0.02166139175978051,0.016295492940500925,0.0036199750077298915,0.030312286311340277,-0.0063224891640843274,0.0018237836024696378,0.06249573740492125,0.010036862658346572,0.007092066941428338,-0.0021091220682673477,-0.013443021956755858
2023-07-19,0.02667678496529061,0.017699716365524566,0.01057754100628408,0.016129339645151262,0.009678234055736956,0.0031662413073735842,0.0038324136874762576,0.01318239551081437,0.0058288372596002535,0.002355134827233639,-0.012481885721065487,0.03400179957037673
2023-07-20,0.005061571616502028,-0.003514883967521393,-0.00231755388832104,0.0026632297489643437,0.029825250199121797,-0.013259255340072064,0.012242416787945569,0.006846511006135073,0.011676404398629114,-0.006779827396257691,0.02949133837098779,0.01657692317794938
2023-07-21,0.009109566376631984,-0.009434224936698194,-0.007622366328156155,0.003539708196775662,0.003130278553187546,0.0005337977199156463,-0.007714542046199697,0.0022360780004032515,0.008816829761576444,0.0003240420146130911,-0.004420810319858307,-0.0282729515257504
2023-07-24,0.020734243065904417,0.004728268718047888,0.012881660236393018,0.00264678280540732,0.01960983897088976,-0.0010679868455553002,0.01949260032724726,0.006996062496106005,0.016004267683224795,0.004026038496874852,0.005198924974974232,0.02253817417444661
2023-07-25,-0.0154324678193166,-0.007100689547807519,-0.012031777150389765,0.022648952564465356,-0.011855037557211871,0.0005341891256396809,-0.007496411375045684,-0.0026442084197829258,0.005239342005038764,0.0028107195758387046,0.014159028655559725,-0.003601025974701848
2023-07-26,0.008054503966188557,0.021152394429414956,0.0084586370900414,0.004297393260884289,0.008030802670821732,-0.004816724984018333,0.005976280653369887,-0.009363667932417141,0.0003484115470087689,-0.00015545097867591856,-0.01571586389972516,-0.049548034075017525
2023-07-27,-0.014294837685236336,-0.09252325763751662,0.008178485677420605,-0.05282910378445197,-0.0085666359381856,-0.023888049505519662,-0.011090861307484323,-0.008481618447015745,-0.006405428732690843,-0.006445393055197076,0.040957017859394415,0.08846346450642487
2023-07-28,-0.0015662030627861007,0.020202593029156016,-0.009864639525309119,0.004510524800384203,-0.0036170603413449155,-0.0010996916752941553,0.005688343843573158,-0.0035972591086223284,0.0030331910192436303,0.009829375810433848,-0.010775691747081624,-0.07790527095526222
2023-07-31,0.0031298934074323417,-0.001250783042640283,0.005259293908236784,0.0017986375088595013,0.007445888440288496,0.005485642801174145,0.006669521618960025,-0.00010927002512135033,0.01880872118225459,0.0014676354365687912,-0.0025227032037241862,0.022256125637552852
2023-08-01,-0.01194600822078138,-0.02534985645723182,-0.012456451346786905,-0.01174893204091421,0.00518513985218234,-0.014325328346030864,-0.004950307346230837,-0.006794366897971325,-0.004697972187274782,-0.0026686453076827116,0.02297229734529883,0.021771555594829607
2023-08-02,-0.013692139018037633,-0.039272097174026604,-0.01627795116959081,-0.024851743506611054,-0.01867939178269026,-0.041932603338116554,-0.011389208390148583,-0.017974660930070684,-0.013179366699901128,-0.013936200638336184,0.006642895577801318,0.14415316078816773
2023-08-03,0.007028652734906252,0.021136869220108913,-0.0021618211885284016,0.021208782352098266,0.005850250138255608,-0.0028976850287821486,0.006094746801202962,-0.00201731629148615,0.010073639186847859,-0.0025512254502915274,0.026855383936806924,-0.010621785279120752
2023-08-04,-0.0035082486097263287,0.007812546625987809,0.0006565440606911034,0.005459568645286581,0.00016974827766676537,-0.007573537248297723,-0.0021130965273567187,-0.003934098352567053,0.0013813766086747672,-0.0053141693739379705,-0.031279113406938744,0.07150230060821507
2023-08-07,0.018360885159615554,0.007751983587115363,0.0026218742131387,0.007233244553614565,0.006602823156088482,-0.005276959189389951,0.004731751573457302,0.003260877382277285,0.0011498658478892392,0.008983618964856572,0.004423729470131858,-0.08096905581433864
2023-08-08,-0.019319908866312643,-0.02080694237613324,-0.014727118060277905,-0.0320393190816592,-0.02074454366336478,-0.0011766700872174426,-0.005629382343113178,-0.006871364470475134,0.00492919409224975,-0.004227205100058866,-0.012833356087371363,0.013854082529355417
2023-08-09,-0.013198161921414079,-0.003950044196371862,-0.01607182295026354,0.006490418496172069,-0.016123148452112473,0.009956156464618893,-0.013498544882287734,-0.010339306745341814,0.01250026338410095,-0.007063619102045116,-0.003483441884922971,-0.0018779181199778247
2023-08-10,0.002588932470819159,0.008032159051698191,-0.0022527571130156925,0.012856087386585915,-0.006704945126766246,-0.012903257227059999,-0.0014964878407044033,0.0009132573840799444,-0.00011293187389702364,0.00025068252108086326,0.016807078698804215,-0.006916070021043794
2023-08-11,0.011248745773082441,0.0013324317982764484,0.005173793296587202,-0.0009128637567642761,0.0009691300168113159,-0.004733714212455313,0.005778997104937728,0.0006843726610411131,0.015243390482960027,-0.0010702648992294865,0.02133938781808981,-0.06584327636934291
2023-08-14,-0.011571971362107738,-0.004002701733764413,-0.010601169275985749,-0.004576675479666887,-0.008813962064571768,-0.0005934553597847474,0.0020696743196024557,-0.004227935782622751,-0.004235780687620155,0.005734004879419051,0.0038313728748963897,-0.001348648745654453
2023-08-15,-0.03253124276010668,-0.02162238407494664,-0.020387952333073552,-0.011070225643067456,-0.01650910427968844,-0.030122710332028086,-0.025786771233064214,-0.013487872381845475,-0.020996460164511007,-0.011618139396096483,0.008804382481670373,0.1049555403517941
2023-08-16,-0.021949184938249565,0.009517380236859437,-0.01327913113970979,-0.008383818295756516,-0.009375264791266734,-0.011070202864675166,-0.004252112240574726,-0.0019748282100358694,-0.008707558596594674,-0.007584081792624527,0.008727429391042157,0.0192546023319537
2023-08-17,-0.0003413675592493476,0.002702677082377485,-0.004230433612538381,0.002802454550414335,-0.004842960217856854,-0.012445715292610352,-0.01044097536841277,-0.002328935027708783,0.011896862158039954,-0.0077428113775290805,0.011674237378173408,0.06405412144418428
2023-08-18,-0.005823035737557195,-0.0067705075985225694,-0.004958037029347958,0.0,-0.00793932675185489,-0.0006263516995864606,0.0022845864323300423,-0.010546061376727032,0.009844239797722146,-0.00014871788395720285,-0.013319547333721798,-0.03353540600052895
2023-08-21,0.001373224862800995,0.0040678305161452296,-0.00426937161137041,0.0009323462727425966,-0.008871952966236756,-0.0018814124432890154,0.0034176091134998777,-0.007567566185180627,-0.006325559135690075,0.006855634859799785,0.02118084088649146,-0.0098751940591841
2023-08-22,-0.024658342749406658,-0.01637141733723459,-0.02527520577918263,-0.011246606054817535,-0.01020520071758869,-0.0031437628651034533,-0.02095645129314421,-0.015188948701985588,-0.007735159834050914,-0.0027813310465456837,-0.0032295158038431306,-0.009384224560183918
2023-08-23,0.00035151989095027694,0.009582454492935108,0.0014616703552945455,0.009380949234374342,0.011043205883724155,0.01624010149673866,0.006740592503666103,0.004928729305257969,-0.0025154193325775823,0.010984330710791359,-0.030497346915258614,-0.060109127091726666
2023-08-24,0.0059575782342736715,-0.001363243285255857,0.0,0.0,-0.0073798502216755706,-0.017500366632699715,-0.0009506716793328151,0.0005994349196097585,-0.0068925952857000795,-0.01354935398400801,0.008775149136327251,0.07357151648426023
2023-08-25,-0.004201687152933928,0.0013632432852557707,0.0038874080150563457,0.0009333105477007558,0.0005936765518653004,0.011285427538386168,-0.0012231511487750379,-0.00264022534695439,0.009636367063010073,0.006695501060295156,0.0009439958439537758,-0.09252339379134868
2023-08-28,0.00908144622342519,0.01755618729277849,0.0019379021385263085,0.022141128624840817,0.018015675086481397,0.003112390491169412,0.0034621542265405023,0.01384269008825864,0.00671342085521906,0.006245078594196461,-0.00638978656152717,-0.03901667686447267
2023-08-29,0.014155286884848435,0.025116935280954863,0.009633872042585045,0.018979311289800623,0.019984844682091097,0.02758370641809989,0.008099552775425048,0.013770643019146087,0.002718074474414808,0.014404068712056505,-0.0215990336940572,-0.04267495616173335
2023-08-30,-0.004466559059008281,-0.006548678901099904,-0.00842463729629999,-0.001792190829010818,-0.0037060420532615468,-0.02200573572474104,-0.004041793993660592,-0.003395658027041813,0.004963873807453501,0.003825854181192944,-0.0009709192024359762,-0.040245438035115294
2023-08-31,-0.004524169102840427,-0.013227775256482374,-0.0019356576730359316,-0.02359445810490624,-0.002651163550464918,-0.006199711446387901,-0.012428195675761812,-0.0012909172431624528,0.0006749613914957355,-0.0015982129743398576,-0.0060894343501968415,-0.02258751196590744
2023-09-01,0.010754685791023556,0.005312111823386703,0.007239601440542984,0.0,-0.000946473470614762,-0.0006221275550963336,0.003343040345170149,0.00702174801517548,0.02026101855591159,0.001797512765518541,0.01935698612013682,-0.03601285977913649
2023-09-05,-0.011452597082707757,-0.0053121118233866345,-0.005545833118698597,-0.046039176670761406,-0.01121106123694968,-0.01567919192853136,-0.01109532580658898,-0.010669025939926836,0.005276116702114825,-0.004202997821381205,0.022510195148274164,0.06792278510731134
2023-09-06,-0.00911645675433513,-0.005340481123372588,0.00024188935119177205,-0.012578726952660834,-0.008125568471651216,-0.017214259437893287,-0.0016542475784808348,-0.008047466996280377,0.0004383845907019929,-0.006996014491432261,0.005141361113268862,0.030923024672847757
2023-09-07,-0.009200403475683084,-0.014835054964624294,-0.015590995202386295,-0.004880447911387286,0.0025811728228578084,-0.007099205643725677,-0.008590739822561243,-0.0038095925994362633,-0.0009868174623264149,-0.003216433115732967,-0.007017510038449247,-0.0034662212677953473
2023-09-08,0.008143234993960273,0.008119111892181088,-0.0034431449131427385,0.010705658890994658,0.010996678962672186,0.0006475040909456643,0.000764900751227183,0.01279948560283017,0.009606125549066502,0.0014256060622570594,-0.0004696717271356976,-0.039665218876341175
2023-09-11,0.00422233892710285,0.01604316816137642,0.0,0.02202105424144383,-0.0026762177708610745,0.005164610011396533,0.004370656985370733,-0.016743153710701213,-0.013232233024979194,0.006700951498135517,0.007020906395632015,-0.0028943552301342276
2023-09-12,0.01705879105271686,0.02617944267382195,0.02649968449058473,0.0009464660200800882,0.019068522473033908,0.006418573357188106,0.012930004991546626,0.024134580898543215,0.02328465060987149,-0.005712169023003997,-0.005612776128422049,0.03068377394831886
2023-09-13,-0.003111620861433119,0.014111833757392497,0.016419102231082908,0.025223223159432744,0.012254522448610862,-0.00899747997592831,0.0004781190589867812,0.01967662771086366,-0.007556823891661513,0.0012408621175346041,-0.003523994358853536,-0.0541453084074137
2023-09-14,0.01101946107724675,0.015170938287707096,0.018009934320984442,0.015560964274664853,0.028226555585245092,0.024235862258046473,0.01921188554419313,0.020644964587574494,0.011635480127729556,0.00839458553366625,0.009136770487275693,-0.05020064383757028
2023-09-15,-0.012405401073233471,0.003757139176824486,-0.010017464913640717,-0.007292680150506768,-0.005908870677192031,-0.013959583896942872,-0.0029523695198117737,-0.0074373609988130215,-0.014565875340919635,-0.012234145842493929,0.007897815585151914,0.07293726135107188
2023-09-18,-0.002777725963592895,-0.01765495052629921,-0.0016402832362051826,-0.018467779609281414,0.0022744924128601457,-0.014157344977962344,0.0020809115614713264,0.0033873845630133514,0.008438823247245845,0.0007210276941755188,-0.0006944241619035038,0.015113640576325997
2023-09-19,-0.0038322179227490453,0.010126631621076184,0.0009377030729363911,0.0,-0.004173643139588182,0.0038810666168587428,-0.0012750619894129822,-0.0022570739272503525,-0.009380821259677895,-0.0021533273615331264,0.010594296754710237,0.00782641191758886
2023-09-20,-0.003496386836785283,-0.015228697314288152,-0.008943443194460433,-0.0027998392505226696,-0.015296767223606695,0.0019348673216203005,-0.004238980555276352,-0.015599558294063813,-0.009358571033707061,-0.009439204206291041,-0.0036722085032228316,0.07045652915299092
2023-09-21,-0.017668337382023835,-0.014166355957057312,-0.014046315197140058,0.0009341824300795356,-0.019372886662777304,-0.019519168135024297,-0.007852858430986836,-0.0262775128118796,-0.013811740514476029,-0.016536918318488084,0.02967712233172828,0.1471437684547391
2023-09-22,-0.014724611604631597,-0.006506271527155704,-0.019121800642526977,0.0009333105477007558,-0.007141497759180535,-0.008578088839144684,-0.009628765569953414,-0.018910159969519946,0.0016808244584680828,-0.0022982374027607495,-0.009419180617645751,-0.01957461096422612
2023-09-25,-0.0014481616581212475,-0.005235561493272463,0.002440807928751696,-0.002802454550414234,0.002893134683909215,-0.007316409894540556,0.004928221265581602,-0.0031264843642281486,0.012462639030619992,0.0040149942038066174,0.023163533302801496,-0.017595828819496954
2023-09-26,-0.01570247893951744,0.02206446744334623,-0.019695236318662254,-0.008454701394691715,-0.015383419423192431,-0.020229828019397787,-0.01043309269971654,-0.010411467725225573,-0.005766719497481132,-0.014844165482264943,0.003516546703208428,0.1139625165984174
2023-09-27,0.003673795335224546,-0.005147964684483895,0.005949193448844628,0.02790874533351577,-0.005791566488563163,-0.006149614748798223,0.005847790290555706,-0.006348508241375302,0.024608393199887158,0.00022928777229479233,0.014808598068713492,-0.03875626180982192
2023-09-28,0.010578275349180304,0.010269628803978272,0.018124560084338607,0.0036629776412033443,0.010044341986799104,0.00205409911115646,0.012339715049420254,0.006591705319963917,0.001084455045028139,0.005875877143000698,-0.006288604763013054,-0.04950387399329105
2023-09-29,-0.006552665260029645,-0.00512166411949443,-0.001700351377240022,0.004560071774467843,-0.005025063223817653,0.0,-0.01756668538003499,-0.006346758085924975,-0.02036857181534981,-0.002713259648289315,-0.00523450871265431,0.01032713148414973
2023-10-02,-0.025149255337067338,-0.026009205950297955,-0.015435904944298025,-0.035188898586155884,-0.01579302251794739,-0.0390565918534625,-0.008656902077581038,-0.015548222045493859,-0.0201147492628103,7.936440615299324e-05,0.023769514271059732,0.005123845531178813
2023-10-03,-0.030034558177512275,-0.01192858595563447,-0.015928696837859413,-0.022879837319728546,-0.0396454445476011,-0.02813026515775605,-0.007399901517151608,-0.030173366836812404,-0.0006774356122998218,-0.013839395863449198,0.02509355839499414,0.11620440374120897
2023-10-04,0.0011572300833727646,0.009290088695345255,-0.0012551759033542463,0.011505305017310901,0.008068915222525954,0.00583514616498728,0.004474483919264392,0.013621141845837183,-0.03190546851411157,0.008077047607828946,-0.014050752496451591,-0.06258563162924435
2023-10-05,0.004615265213539763,-0.005298039720781697,0.001756784807609245,0.004755225268898831,0.006137983325143601,-0.010233996176209152,0.004207522071940458,0.0007584325280900835,-0.006199847683909647,-0.0013048811469951228,-0.003808748915831271,-0.004855696259100858
2023-10-06,0.00038369725194675134,0.0171168369812952,0.017153968100002227,0.015066073837813804,0.0063565026977009395,0.01531191284835597,0.015278051303682942,0.014798379439680013,0.005966960569417912,0.011745642093961117,0.01410399398366313,-0.057890340650457284
2023-10-09,0.009163921807245349,-0.018445795371646694,0.004181507087406512,-0.014117812733225588,0.0004157640372149653,0.0,-0.0022770241307304376,-0.005242159527961537,0.032815791240902954,0.006284068119387409,0.0027137083026529288,0.014224990313812625
2023-10-10,0.02625807737913658,0.031416280350625124,0.01703626161993047,0.021566669456348057,0.006885888107702695,0.03763321503765393,0.00606017680019602,0.002749334706494037,0.0012410373256897518,0.005194476099985354,-0.030048752405225285,-0.03858814768935068
2023-10-11,0.0003700549434935179,0.007702142505234505,0.002169317467333088,0.0037036774929125604,-0.005575115443702771,0.009708872081594952,0.0034273822834616557,-0.01546923134405504,-0.012935656221008184,0.004283819500095073,-0.012973245653132551,-0.056778564506664936
2023-10-12,-0.004450997912417153,-0.051158717828319614,0.0,-0.020542197183360866,-0.010178780836137045,-0.025158580194782593,-0.0023293369630343315,-0.013910991009522663,0.001141552581803942,-0.006266024940654918,0.025143713533796977,0.03661179918471129
2023-10-13,-0.005217931973402853,-0.0026953923029499004,-0.0024108975813946763,-0.017126918577037683,-0.0017765487522449562,-0.009242876739358577,0.014907954689758137,-0.0002572058909251989,0.021777778800395945,-0.005031495660219892,-0.0177715212519247,0.14633104331612187
2023-10-16,0.008558055030924463,0.017391772455034725,-0.011653249338609327,0.02651658154436361,0.016322603319383407,0.014888525659324487,-0.001013932255897195,0.012011458032838903,0.00667506269541142,0.010538642302589985,0.017771521251924643,-0.11565025596248249
2023-10-17,0.023073894697692117,0.006609410191797479,0.006086436900474128,-0.004683858165210099,-0.01612872582450694,0.006313687955880663,-0.0021668379747166178,0.02011879503313146,0.010368289122552842,-9.824987944376507e-05,0.028247558366648357,0.03819216578233453
2023-10-18,-0.011287315746531896,-0.03213129605585167,-0.01787729077254436,-0.03050755052010031,-0.024211135169092825,-0.02549715339863534,-0.011041586547534538,-0.07025639594547414,0.009066751679869903,-0.013490408251151898,0.011691176914349405,0.07226864500819685
2023-10-19,-0.012898689221518178,-0.023400976187643776,-0.01018275719142774,-0.009727721115146078,-0.00921564440759753,-0.016636996627668398,-0.00425841427011924,-0.026523826483014303,-0.00174136832814934,-0.008519032328057976,0.01698385203043903,0.10743953638554474
2023-10-20,-0.024405147197376777,-0.015438819245359597,-0.009530951575254194,-0.011799548979512638,0.0028702945603501693,-0.03036129812114758,-0.016236594552344615,0.0028755666283568006,-0.016917900686720905,-0.012665149196155915,-0.012913846054582595,0.014382037517315394
2023-10-23,-0.02852931993149612,-0.007097262591927046,-0.020110167856682796,0.003948739404266683,-0.0027698067645621975,-0.004521651084051818,-0.013735094581624948,-0.01974750885252028,-0.016307713044393657,-0.0016869920654349177,-0.017619789809185774,-0.06370967028123974
2023-10-24,-0.0039186028935829205,-0.07235621975858728,0.0010278638367753653,-0.008906516709434905,-0.00013391431674750917,0.01870616383629801,0.0012050767796333228,-0.001954722455335002,-0.014176576456805293,0.0072395235196288195,0.00041337712599010917,-0.07120452368766059
2023-10-25,0.0031360466285288656,-0.003067534338529245,-0.008253605929784963,0.07097895961626462,-0.008121707820487722,-0.020974528902492486,-0.005469417279675203,-0.0022384267846315012,-0.0018291632879593258,-0.014443434657238052,0.02307871521436146,0.06232871102580391
2023-10-26,0.022064080944228816,-0.013921355768900533,0.018730285698442872,0.011965115328676714,0.000774683907175311,0.007541516306401467,0.0025608541415756986,0.009340027029384313,-0.0078117020069362955,-0.011903081205584871,-0.022046265430693296,0.023979605620941095
2023-10-27,-0.037048439205018414,-0.028437971313933278,-0.028359471381861588,0.0,-0.024127797777053577,-0.032063779611482504,-0.03668357093745281,-0.02344446231702131,-0.024280409534658952,-0.00481183857862075,0.0,0.028130586336432287
2023-10-30,0.020449042684747315,0.02843797131393332,0.017882791613203584,0.01453256192658919,0.03697460086728629,-0.0023301839249076986,0.012669105866781438,0.01484226761131178,0.003302969725880953,0.011938474300285915,0.006172902411178841,-0.07414415938657903
2023-10-31,0.024986914675294312,0.0015564048168477996,0.014282650031457714,-0.007239881776082352,0.009198893046602128,0.011596616240703928,0.01186371910696331,0.003253095324350459,0.0032922890955908593,0.006454084821688244,0.0,-0.0850340803068641
2023-11-01,0.002275250657371873,-0.015674384880821134,0.0027814720057858866,0.004531053478493369,0.011624683017104578,-0.010819259030303261,-0.0008634358976441368,0.0018339908466456416,-0.002350528510805638,0.010451194990191868,-0.01779847592035194,-0.07258246473530162
2023-11-02,0.04517617860535309,0.04176946795177249,0.04324334119569525,0.025001275179260204,0.021259645038658962,0.034367616860525564,0.017691889515236828,0.034765612829743595,0.029790668154923865,0.018682938934086474,-0.0253766806766211,-0.07442726548610695
2023-11-03,0.028552926222189405,0.026907411783904267,0.03466887941655713,0.012270079573116538,0.043226110854612684,0.025937030819313076,0.011110701393704042,0.03740748832580219,-0.010101040681262536,0.00934988354455146,-0.02406099778010487,-0.04907756227614069
2023-11-06,-0.0031717919404401825,-0.004434552488608543,-0.005219494012227841,-0.007870592446965903,-0.011388722718504553,-0.01399664542450505,0.007523944755882304,-0.004468392518041544,-0.011370427718918124,0.0017514577241005862,0.022560628998741297,-0.0013422487895297923
2023-11-07,-0.006018853830614513,-0.008928616816947638,-0.001904860777309461,-0.012367725097455805,0.00012339300603641677,-0.005952296942065891,-0.0004858543012210762,-0.005415107376550129,-0.02241975753822817,0.0028360934017119537,-0.01971255802374178,-0.005387213140145018
2023-11-08,-0.009634423370508571,-0.0014958714885302626,-0.003341922118939175,0.0026632297489643437,0.0018812710639925555,-0.015037881865193973,0.004917941334855999,0.006073581318535024,-0.012609000405893616,0.0010044110324198868,-0.010556582842814455,-0.024608255254246005
2023-11-09,-0.012991741643281231,-0.002998626203856249,-0.007681369812602282,-0.008904794181949196,-0.011714827388980735,-0.009897312569059067,-0.0029756056518959986,-0.023709150568765613,-0.0030256182207341734,-0.008116690699068705,0.0233814546104858,0.05650461608727744
2023-11-10,0.0054336613729871405,0.007479620667571693,0.013879320774832718,0.009790874229024863,0.014637701038827788,-0.004601251848711486,0.014722306283356227,0.015248905491663673,0.010969865455034807,0.015495759270772258,-0.0004321304670650882,-0.0760719583592971
2023-11-13,0.0007224324541759427,0.0,0.014626193564679707,0.004418928175265106,0.004291828812310816,0.0,-0.004448810751562864,-0.0038571540335411076,0.007167664787768358,-0.0008361884413700847,0.0008639713339323491,0.04079377559244869
2023-11-14,0.053420954799491674,0.02937061544547644,0.03813929278427233,0.02525167878697028,0.03548872517520576,0.07262449074039362,0.018082216768081992,0.04265410996911636,0.008887884460464054,0.01889537047457725,-0.04210916080819566,-0.04149975718963313
2023-11-15,0.013596346488590389,0.011510876439111684,0.011653970786165035,0.01789564380377182,-0.003312090692839512,0.004991163066897804,0.008719626060864554,0.017343253641832253,-0.0018896241860908972,0.0015957382078471765,0.020945477046301144,0.0014114651359527655
2023-11-16,-0.0027044796807226567,-0.007178635847990097,-0.0046901638218303475,0.0008442737169493358,-0.0027585466595236668,-0.011445135249074782,0.011355015254673771,-0.00025089103946067447,-0.019696092998644613,0.0011897193967137305,-0.020045142335526317,0.009824597595796142
2023-11-17,0.014785235478371411,0.036779168411637655,0.01532874995472651,0.02910805275677739,0.007457256305329892,0.006453972182176905,0.009005232558913404,0.007752854605851676,0.020759488413705257,0.0012812279371779871,-0.0009003347107747848,-0.03698853423681578
2023-11-20,0.0010001390887019906,-0.0027816860862645795,-0.0022071778334572236,0.01141005467626945,0.0007663877344443705,0.01841406827193553,0.0030707292826701424,-0.007250931474837927,0.0014157805687066468,0.007363103793795633,-0.004287505966760473,-0.028667920069603205
2023-11-21,-0.01173129092471381,-0.006988149932370918,-0.00376313946316416,-0.012230097517819668,-0.013285772680133761,-0.019844641420571383,-0.002089441486532903,-0.015553242366538296,-0.002242498184687401,-0.002022975931757968,-0.0009049118296162256,-0.004484272494152975
2023-11-22,-0.0010120151541230219,-0.008450669312988632,-0.001553579128352266,-0.008237210757199642,0.010896632933923114,-0.003585626641627966,0.002350563203350096,0.0002549024851257257,-0.0004731199294633231,0.004052905094313324,-0.0004528711541318026,-0.03817257239318107
2023-11-24,0.0033692954610090144,0.02099440427977638,0.004653605162602253,0.004950464159752382,0.0015047138289790134,-0.0028776149500622187,0.001368466783161313,0.0020363673798510407,0.004129687577931815,0.0005966956096450322,0.012601479225812796,-0.030820324606726717
2023-11-27,-0.005734472713525157,-0.011142135489519044,-0.003321818192456916,-0.004950464159752342,-0.0042548719119995335,-0.007956695443790634,-0.002282063569929695,-0.008939975528874121,-0.0035385898652779335,-0.0019560693168983586,-0.018734366349674715,0.018290732238712026
2023-11-28,-0.0010153721317877373,0.0027972478292321063,-0.004892005204972314,0.00577320559824156,-0.0001776004507815845,0.012987171749163197,0.0022820635699297293,-0.01382190857777808,0.0002362052754326367,0.0009796385280502918,-0.012149140580319549,0.0
2023-11-29,0.026070812856696032,0.008344887660286921,0.01964517453700143,0.017122291355839047,0.01587787925770588,0.010695399151603238,0.00506710744637479,0.021489524108787007,-0.007470188861808225,-0.0009466966151019382,-0.015104285795956962,0.022595427349522586
2023-11-30,0.01387085731068005,0.0,0.007621130516552234,0.0064463833162951,0.0037550500648541904,0.007771055874058362,0.011340579114066161,0.010007006989931289,0.0066428858737216856,0.003776931264994605,0.018787593475623688,-0.004633171749536714
2023-12-01,0.01529723677857021,0.024625079078706234,0.02421642665405972,0.011182293946711146,0.019972348447328994,0.02639053921849571,0.004857339440471556,0.019347770323064017,0.005188759710902861,0.005856558953846637,-0.029379684422811653,-0.02270155883612137
2023-12-04,-0.004532184476319398,-0.04420614208285252,0.002959770520364928,-0.007974538289308233,0.0027516090075948526,-0.0034329939547302684,0.0073055562259822454,0.003948320390726191,-0.004597661998248803,-0.005423188063826943,0.01456456920166436,0.035009394772744014
2023-12-05,-0.00781750432699932,-0.005665753128727634,-0.01424492961383718,-0.0024048313272407736,-0.022109392603822376,-0.01036985118804442,-0.0001263970630495155,-0.012888948376992379,-0.017642483029944502,-0.0005690315939348026,-0.027664632548519936,-0.017740499168593812
2023-12-06,-0.0016365122038167097,0.0042524118530975425,0.024535806712313604,-0.0008029243301621038,0.0006434738591416671,-0.012587694075721077,-0.010564063500518382,-0.009525094351320368,-0.015025401933580826,-0.003913851944943747,-0.012060009130668273,0.009295177888952625
2023-12-07,0.004249099727512507,0.012649516619489588,0.013283809679517995,0.006405173998721528,0.00771945612009415,0.002810951681227363,0.00306605311495127,0.011767731106912845,-0.006860167059930562,0.007936610684821922,0.0019394851753174692,0.006915137061659103
2023-12-08,0.00973710127962297,0.024828752295856366,0.00800901138577531,0.018972904036678576,0.017859322619762884,-0.011291458041922971,0.01097368182897772,0.02373595903945106,0.010759507165671839,0.0040871341465037936,0.027706500630285548,-0.05589806201597742
2023-12-11,-0.003559271404548417,-0.006835227803661286,-0.015251644442693937,0.003127498838630739,0.002647311142123885,0.002834857440729468,0.0036520123708876856,0.006541490835196134,0.0012153010669919376,0.003916813547781492,-0.001414437329924287,0.02241885146121545
2023-12-12,-0.0035719850823790656,-0.005502162482942212,-0.0018709832174573946,0.005449598775530679,0.0024134902662317184,-0.017131101988692065,0.008885625165452722,0.009373920793695182,-0.01382035246258587,0.0045888127956924,-0.007815313565545195,-0.0453519355978245
2023-12-13,0.04142044979963376,0.02721263783856605,0.02628489999967932,0.008504000870615636,0.0282962348544277,0.0422896821834745,0.0033584644839148906,0.02399214971198019,0.013820352462585811,0.01355834517501981,-0.04200152790936008,0.009892899244538716
2023-12-14,0.05760912027052147,0.043342337910206176,0.01807640374219183,0.010719923936995302,0.05560253907092702,0.04717850647473904,0.01802851965322757,0.06126350828560401,0.028970124462241897,0.002643565185154432,-0.025871071131754218,0.02351141719134706
2023-12-15,-0.01006835350959709,-0.03932361877978207,-0.00819430565956764,0.000761356843269554,-0.007748824611788751,0.007215429453825661,0.007532798141877825,0.005913826777504142,-0.005323856561657749,-7.625240044859478e-05,-0.0005090591736015014,-0.016155425287520307
2023-12-18,-0.005072328375145322,0.0,-0.0034173425701975635,-0.005341479604962656,-0.010860184935162583,-0.013820475322149065,0.00603400765368782,-0.0089942421927363,0.008134675644765926,0.004518122263400515,0.006597340089522483,0.0225452934750457
2023-12-19,0.002390183310388379,0.01854359439807432,0.025252226932741297,0.013677988212926496,0.015945644601614,0.026807740083874383,0.01326657955591621,0.012700050524904123,0.011926626377115423,0.005849267450818904,-0.00812601351703637,-0.002391446852206076
2023-12-20,-0.015942524373587032,0.006540313395472714,-0.017030148058494794,0.0037664896650056344,-0.012974632816145878,-0.03218307632235333,-0.01134336145721932,-0.008522005299574406,-0.009316596968676863,-0.014793147965305628,-0.011540027471538879,0.0870779087201619
2023-12-21,0.006648629083311394,0.011665733076778163,0.010529508123667016,0.016406050086054953,0.008046828029911102,0.031727668754254576,0.005687764623522619,0.016216279153709705,0.003902411555290532,0.010248769307271876,0.00437523786981183,-0.00146416263251253
2023-12-22,0.006903711979887437,0.014075651374322162,0.005125407889409204,0.01030177249371907,0.0002100840607933228,0.0013004313667066673,-0.0005972009827647425,-0.0023778148460888186,0.002946107128588978,0.0016586821527610754,0.0017960157268873689,-0.04648512304109971
2023-12-26,0.012780698690281575,0.012626368173599065,0.00939326282828146,0.005111360204565445,0.0025189094613315486,0.013553011553208195,0.005896540941974436,0.004642300905490076,0.008553593340570575,0.004222761046978559,-0.003852606542036752,-0.003074557580709151
2023-12-27,-0.0005906009491818519,-0.0025125389578061867,0.00233459370028721,0.0029091422111586257,0.007492584697420205,0.0025607752210045523,0.005980047730126162,0.008793705100225237,-0.00444337988476346,0.0014294356164229985,-0.02527818875224114,-0.04406688298848868
2023-12-28,0.0011812076960047069,-0.0075757823145320225,0.0011654534790145746,-0.010953031544994163,0.005007328885986962,0.005737911489666647,0.005298780341570053,-0.0002134382148523401,-0.015352284951809514,0.0003701061103271183,0.01597098243142868,0.0032128510314720048
2023-12-29,-0.006217648154083085,-0.0012681533521726157,-0.001554240007981379,-0.005152747765324235,-0.0016578093721330686,-0.010223675841636597,-0.0011749152179291622,-0.004173748210231213,-0.002263640925844865,-0.0028304770367338357,0.004147240976166879,-0.0016051735149952427
