Date,BAC,BCS,C,DB,GS,ICLN,JPM,MS,XLE,SP500,US10Y,VIX
2018-01-02,24.776775360107422,8.380319595336914,56.874507904052734,16.866777420043945,214.2659454345703,8.423617362976074,86.34089660644531,41.064857482910156,25.915483474731445,2695.81005859375,2.4649999141693115,9.770000457763672
2018-01-03,24.693906784057617,8.349929809570312,57.05042266845703,16.718441009521484,212.27142333984375,8.405805587768555,86.42889404296875,41.175025939941406,26.303600311279297,2713.06005859375,2.447000026702881,9.149999618530273
2018-01-04,25.017086029052734,8.395514488220215,57.75408935546875,17.250713348388672,215.23809814453125,8.343476295471191,87.66700744628906,41.80448532104492,26.462379455566406,2723.989990234375,2.453000068664551,9.220000267028809
2018-01-05,25.13309669494629,8.182780265808105,57.677616119384766,16.186172485351562,214.14024353027344,8.370190620422363,87.10423278808594,41.788753509521484,26.451791763305664,2743.14990234375,2.4760000705718994,9.220000267028809
2018-01-08,24.95907974243164,8.23596477508545,57.004539489746094,15.96803092956543,211.0310821533203,8.494851112365723,87.23285675048828,41.61565017700195,26.61056900024414,2747.7099609375,2.4800000190734863,9.520000457763672
2018-01-09,25.0833797454834,8.28914737701416,57.60112762451172,15.819695472717285,212.81610107421875,8.477042198181152,87.67505645751953,41.93825149536133,26.54353141784668,2751.2900390625,2.5460000038146973,10.079999923706055
2018-01-10,25.315404891967773,8.25115966796875,57.861175537109375,16.142545700073242,213.14297485351562,8.459234237670898,88.63985443115234,42.433956146240234,26.511775970458984,2748.22998046875,2.549999952316284,9.819999694824219
2018-01-11,25.406551361083984,8.114400863647461,57.79234313964844,16.19489860534668,213.81344604492188,8.628417015075684,89.11421203613281,42.64640808105469,27.05513572692871,2767.56005859375,2.5309998989105225,9.880000114440918
2018-01-12,25.84573745727539,8.167583465576172,58.7713508605957,16.317062377929688,215.40573120117188,8.601703643798828,90.58549499511719,43.37029266357422,27.316221237182617,2786.239990234375,2.552000045776367,10.15999984741211
2018-01-16,25.887174606323242,8.32713794708252,58.97786331176758,16.151273727416992,216.6041717529297,8.566088676452637,90.26390075683594,42.961143493652344,26.970458984375,2776.419921875,2.5439999103546143,11.65999984741211
2018-01-17,25.837451934814453,8.395514488220215,59.253196716308594,16.159996032714844,212.5731201171875,8.619514465332031,90.84278106689453,43.55125427246094,27.206850051879883,2802.56005859375,2.578000068664551,11.90999984741211
2018-01-18,26.08605194091797,8.410713195800781,59.1920280456543,16.168724060058594,210.32711791992188,8.557184219360352,91.05986022949219,43.93680953979492,26.984569549560547,2798.030029296875,2.6110000610351562,12.220000267028809
2018-01-19,26.28492546081543,8.463897705078125,59.88803482055664,16.386865615844727,214.64308166503906,8.574991226196289,90.8588638305664,45.21147918701172,26.949289321899414,2810.300048828125,2.63700008392334,11.270000457763672
2018-01-22,26.467233657836914,8.919761657714844,60.10984420776367,16.91913414001465,219.1686248779297,8.574991226196289,91.92011260986328,45.13280487060547,27.53145980834961,2832.969970703125,2.6649999618530273,11.029999732971191
2018-01-23,26.450658798217773,8.919761657714844,60.079246520996094,16.98893928527832,217.97019958496094,8.54827880859375,91.82363891601562,44.77872848510742,27.489124298095703,2839.1298828125,2.624000072479248,11.100000381469727
2018-01-24,26.591529846191406,9.010934829711914,60.76761245727539,17.224531173706055,222.65489196777344,8.51266098022461,92.9974594116211,45.03838348388672,27.41502571105957,2837.5400390625,2.6540000438690186,11.470000267028809
2018-01-25,26.591529846191406,9.010934829711914,60.759971618652344,17.13727378845215,225.46238708496094,8.539374351501465,93.02157592773438,44.700035095214844,27.199796676635742,2839.25,2.621000051498413,11.579999923706055
2018-01-26,26.682680130004883,9.048924446105957,61.24946975708008,17.023845672607422,224.7165069580078,8.539374351501465,93.52005004882812,45.3216438293457,27.347986221313477,2872.8701171875,2.6619999408721924,11.079999923706055
2018-01-29,26.748966217041016,8.881772994995117,61.157684326171875,16.66609001159668,228.353759765625,8.51266098022461,93.4235610961914,45.20360565185547,26.935171127319336,2853.530029296875,2.6989998817443848,13.84000015258789
2018-01-30,26.417516708374023,8.653841018676758,60.13279724121094,16.037837982177734,225.38705444335938,8.51266098022461,92.54723358154297,44.729454040527344,26.391809463500977,2822.429931640625,2.7260000705718994,14.789999961853027
2018-01-31,26.516948699951172,8.63864517211914,60.025691986083984,16.0029354095459,224.50706481933594,8.521562576293945,92.9974594116211,44.689937591552734,26.409448623657227,2823.81005859375,2.7200000286102295,13.539999961853027
2018-02-01,26.931278228759766,8.631047248840332,60.5764045715332,16.2734317779541,228.14419555664062,8.477042198181152,93.9622802734375,45.401187896728516,26.68113136291504,2821.97998046875,2.7730000019073486,13.470000267028809
2018-02-02,26.475521087646484,8.334733009338379,59.148006439208984,14.912223815917969,217.9282989501953,8.290048599243164,91.87992095947266,43.84434509277344,25.566186904907227,2762.1298828125,2.8540000915527344,17.309999465942383
2018-02-05,25.075092315673828,7.992835998535156,56.26817321777344,14.301421165466309,208.76834106445312,8.031818389892578,87.47405242919922,41.52885437011719,24.493572235107422,2648.93994140625,2.7939999103546143,37.31999969482422
2018-02-06,25.854032516479492,8.129594802856445,57.45850372314453,14.414857864379883,216.80528259277344,8.103055000305176,90.1352767944336,42.93553161621094,24.687637329101562,2695.139892578125,2.7679998874664307,29.979999542236328
2018-02-07,25.895456314086914,8.068812370300293,57.58906555175781,14.039652824401855,215.4644012451172,8.058533668518066,90.74629211425781,43.10939025878906,24.27481460571289,2681.659912109375,2.8440001010894775,27.729999542236328
2018-02-08,24.64419174194336,8.121994972229004,55.19303512573242,13.51611042022705,206.45530700683594,7.844827175140381,86.73439025878906,40.9282341003418,23.540935516357422,2581.0,2.8510000705718994,33.459999084472656
2018-02-09,25.13309669494629,8.167583465576172,56.58301544189453,13.594639778137207,208.92755126953125,7.8804450035095215,88.47100067138672,41.204833984375,23.523290634155273,2619.550048828125,2.8289999961853027,29.059999465942383
2018-02-12,25.787734985351562,8.205574035644531,57.41243362426758,13.969846725463867,212.1624755859375,8.022915840148926,89.83780670166016,42.22426986694336,23.90787696838379,2656.0,2.8570001125335693,25.610000610351562
2018-02-13,25.837451934814453,8.243560791015625,57.7349739074707,13.87386417388916,214.14865112304688,8.129767417907715,90.39253997802734,42.19267272949219,23.809083938598633,2662.93994140625,2.8399999141693115,24.969999313354492
2018-02-14,26.516948699951172,8.456298828125,58.909942626953125,14.187989234924316,220.05690002441406,8.23662281036377,92.48291015625,43.50452423095703,24.15485382080078,2698.6298828125,2.9130001068115234,19.260000228881836
2018-02-15,26.69097137451172,8.562666893005371,59.194087982177734,14.057104110717773,224.3310089111328,8.414711952209473,92.86882781982422,43.781124114990234,24.094877243041992,2731.199951171875,2.8910000324249268,19.1299991607666
2018-02-16,26.492090225219727,8.60825252532959,58.99440002441406,14.030926704406738,224.2807159423828,8.450329780578613,92.20152282714844,43.57564926147461,24.034894943237305,2732.219970703125,2.877000093460083,19.459999084472656
2018-02-20,26.45894432067871,8.570263862609863,58.71794891357422,14.362502098083496,221.9928741455078,8.414711952209473,92.2256088256836,43.51243209838867,23.904354095458984,2716.260009765625,2.8929998874664307,20.600000381469727
2018-02-21,26.409223556518555,8.60825252532959,59.13264083862305,14.458484649658203,220.74417114257812,8.459234237670898,92.61155700683594,43.54403305053711,23.502120971679688,2701.330078125,2.943000078201294,20.020000457763672
2018-02-22,26.260066986083984,8.874175071716309,58.572044372558594,14.336326599121094,219.09317016601562,8.477042198181152,92.4427261352539,43.3543701171875,23.759681701660156,2703.9599609375,2.9170000553131104,18.719999313354492
2018-02-23,26.541807174682617,8.904566764831543,59.194087982177734,14.336326599121094,223.56837463378906,8.423617362976074,94.31599426269531,44.31060028076172,24.27481460571289,2747.300048828125,2.871000051498413,16.489999771118164
2018-02-26,26.864990234375,8.904566764831543,59.63181686401367,14.379955291748047,227.33132934570312,8.530468940734863,95.48982238769531,45.05345153808594,24.41948699951172,2779.60009765625,2.8589999675750732,15.800000190734863
2018-02-27,26.790414810180664,8.904566764831543,58.65651321411133,14.310148239135742,224.54054260253906,8.405805587768555,94.356201171875,44.82427978515625,24.10193634033203,2744.280029296875,2.9079999923706055,18.59000015258789
2018-02-28,26.599809646606445,8.927359580993652,57.973026275634766,13.90876579284668,220.96876525878906,8.334569931030273,92.86078643798828,44.27107620239258,23.547985076904297,2713.830078125,2.868000030517578,19.850000381469727
2018-03-01,26.18393898010254,8.874435424804688,56.56767272949219,13.699350357055664,215.80026245117188,8.281144142150879,91.19654846191406,43.061973571777344,23.512706756591797,2677.669921875,2.803999900817871,22.469999313354492
2018-03-02,26.308696746826172,8.836084365844727,56.58301544189453,13.777881622314453,216.92645263671875,8.334569931030273,91.10810089111328,43.25954818725586,23.622085571289062,2691.25,2.8570001125335693,19.59000015258789
2018-03-05,26.724580764770508,8.912787437438965,57.15131378173828,13.865138053894043,221.12847900390625,8.361283302307129,92.50703430175781,43.852256774902344,23.872591018676758,2720.93994140625,2.88100004196167,18.729999542236328
2018-03-06,26.70794677734375,9.096871376037598,56.8748664855957,14.013474464416504,224.3304443359375,8.423617362976074,92.58744049072266,44.697845458984375,23.88669776916504,2728.1201171875,2.877000093460083,18.360000610351562
2018-03-07,26.76617431640625,9.058520317077637,56.76734924316406,14.249069213867188,223.00259399414062,8.441425323486328,92.24172973632812,44.95071792602539,23.706758499145508,2726.800048828125,2.882999897003174,17.760000228881836
2018-03-08,26.782808303833008,9.089201927185059,56.91325378417969,14.118184089660645,223.83460998535156,8.432520866394043,92.249755859375,45.01394271850586,23.699705123901367,2738.969970703125,2.865999937057495,16.540000915527344
2018-03-09,27.2153263092041,9.027837753295898,58.44916534423828,14.065829277038574,227.5575714111328,8.494851112365723,94.90290832519531,46.36531066894531,24.15132713317871,2786.570068359375,2.8940000534057617,14.640000343322754
2018-03-12,27.31513214111328,9.104540824890137,58.38003921508789,14.057104110717773,229.75112915039062,8.539374351501465,94.59741973876953,46.554988861083984,24.144269943237305,2783.02001953125,2.869999885559082,15.779999732971191
2018-03-13,26.915884017944336,9.020169258117676,57.52762222290039,13.777881622314453,225.67514038085938,8.521562576293945,93.46379852294922,45.85953903198242,23.97138214111328,2765.31005859375,2.8480000495910645,16.350000381469727
2018-03-14,26.732894897460938,8.935795783996582,56.42176055908203,13.699350357055664,222.22935485839844,8.539374351501465,92.4186019897461,45.03765869140625,23.83025360107422,2749.47998046875,2.816999912261963,17.229999542236328
2018-03-15,26.699626922607422,8.943467140197754,56.321929931640625,13.699350357055664,224.06146240234375,8.54827880859375,92.6517333984375,45.21940994262695,23.706758499145508,2747.330078125,2.8259999752044678,16.59000015258789
2018-03-16,26.757854461669922,9.020169258117676,56.42176055908203,13.804058074951172,224.89349365234375,8.485946655273438,92.81254577636719,45.44860076904297,23.91819190979004,2752.010009765625,2.8480000495910645,15.800000190734863
2018-03-19,26.59981346130371,9.457369804382324,55.83043670654297,13.55974006652832,220.63267517089844,8.530468940734863,92.0809097290039,45.006046295166016,23.548635482788086,2712.919921875,2.8450000286102295,19.020000457763672
2018-03-20,26.59981346130371,9.357657432556152,55.99936294555664,13.542287826538086,221.18731689453125,8.601703643798828,92.16937255859375,45.4169921875,23.74762535095215,2716.93994140625,2.878999948501587,18.200000762939453
2018-03-21,26.50832176208496,9.25794506072998,56.30656433105469,12.90531063079834,220.06114196777344,8.628417015075684,92.249755859375,45.132484436035156,24.369478225708008,2711.929931640625,2.9070000648498535,17.860000610351562
2018-03-22,25.410398483276367,8.997159004211426,53.99501419067383,12.381768226623535,212.28741455078125,8.477042198181152,88.39862823486328,43.180511474609375,23.871997833251953,2643.68994140625,2.8320000171661377,23.34000015258789
2018-03-23,24.26255989074707,8.889776229858398,52.14424514770508,11.997838020324707,206.11880493164062,8.361283302307129,86.03491973876953,41.149497985839844,23.726301193237305,2588.260009765625,2.8299999237060547,24.8700008392334
2018-03-26,25.31890869140625,9.181242942810059,53.58799362182617,12.277060508728027,214.20352172851562,8.655131340026855,88.68807983398438,42.91181564331055,24.15271759033203,2658.550048828125,2.8429999351501465,21.030000686645508
2018-03-27,24.553680419921875,8.97414779663086,52.43608474731445,12.015290260314941,207.79959106445312,8.521562576293945,86.9675521850586,42.00300216674805,23.92530059814453,2612.6201171875,2.7860000133514404,22.5
2018-03-28,24.445545196533203,9.020169258117676,52.42070770263672,12.006563186645508,209.57286071777344,8.441425323486328,86.83087158203125,41.81333541870117,23.459793090820312,2605.0,2.7750000953674316,22.8700008392334
2018-03-29,24.944604873657227,9.066189765930176,51.83707046508789,12.198529243469238,211.66542053222656,8.477042198181152,88.41474151611328,42.64312744140625,23.953725814819336,2640.8701171875,2.740999937057495,19.969999313354492
2018-04-02,24.37900733947754,8.958807945251465,51.998348236083984,11.936758995056152,207.87522888183594,8.352380752563477,86.71027374267578,41.663185119628906,23.474010467529297,2581.8798828125,2.7320001125335693,23.6200008392334
2018-04-03,24.61190414428711,9.089201927185059,52.58966827392578,11.971661567687988,210.5897674560547,8.54827880859375,87.90018463134766,42.01880645751953,23.975046157836914,2614.449951171875,2.7839999198913574,21.100000381469727
2018-04-04,24.85310935974121,9.15056324005127,53.2270622253418,12.111272811889648,212.30416870117188,8.628417015075684,89.23480224609375,42.413944244384766,23.943065643310547,2644.68994140625,2.7880001068115234,20.059999465942383
2018-04-05,25.21908950805664,9.227264404296875,53.92588806152344,12.495203018188477,214.9850616455078,8.690750122070312,90.406494140625,43.3543701171875,24.373031616210938,2662.840087890625,2.8320000171661377,18.940000534057617
2018-04-06,24.645166397094727,9.12755012512207,52.68181228637695,12.102546691894531,210.07717895507812,8.566088676452637,88.15198516845703,41.91608428955078,23.932401657104492,2604.469970703125,2.7750000953674316,21.489999771118164
2018-04-09,24.844799041748047,9.21192455291748,53.32689666748047,12.224706649780273,211.9427947998047,8.681843757629395,89.21054077148438,42.16105651855469,24.04611587524414,2613.159912109375,2.7860000133514404,21.770000457763672
2018-04-10,25.352170944213867,9.426691055297852,54.14860153198242,12.285786628723145,215.6238250732422,8.735270500183105,90.91559600830078,42.785377502441406,24.84208869934082,2656.8701171875,2.796999931335449,20.469999313354492
2018-04-11,24.869749069213867,9.403679847717285,53.67247772216797,12.381768226623535,212.57315063476562,8.708558082580566,89.3883285522461,41.67900085449219,25.101482391357422,2642.18994140625,2.7899999618530273,20.239999771118164
2018-04-12,25.49357032775879,9.54941177368164,55.392704010009766,12.573734283447266,218.16183471679688,8.753079414367676,91.6104965209961,42.55620574951172,25.097932815551758,2663.989990234375,2.8340001106262207,18.489999771118164
2018-04-13,24.78656768798828,9.365326881408691,54.53260040283203,12.547557830810547,215.07749938964844,8.67293930053711,89.12974548339844,41.8686637878418,25.375102996826172,2656.300048828125,2.8289999961853027,17.40999984741211
2018-04-16,24.89470100402832,9.457369804382324,53.81070327758789,12.503928184509277,216.72474670410156,8.619514465332031,89.0570068359375,42.200584411621094,25.63450050354004,2677.840087890625,2.8320000171661377,16.559999465942383
2018-04-17,24.986194610595703,9.349987983703613,53.557273864746094,12.547557830810547,213.15301513671875,8.681843757629395,89.0570068359375,42.074134826660156,25.733991622924805,2706.389892578125,2.813999891281128,15.25
2018-04-18,24.561994552612305,9.373000144958496,52.97364044189453,12.5999116897583,213.46392822265625,8.761983871459961,88.33784484863281,42.089935302734375,26.139087677001953,2708.639892578125,2.867000102996826,15.600000381469727
2018-04-19,25.10264015197754,9.41135025024414,53.97199630737305,12.617362976074219,213.6068115234375,8.753079414367676,90.27720642089844,43.227928161621094,26.171070098876953,2693.1298828125,2.9140000343322754,15.960000038146973
2018-04-20,25.169179916381836,9.373000144958496,53.756954193115234,12.442849159240723,211.74954223632812,8.717461585998535,90.07518768310547,43.03826904296875,26.04669761657715,2670.139892578125,2.9509999752044678,16.8799991607666
2018-04-23,25.21908950805664,9.365326881408691,53.35762405395508,12.434123992919922,207.3037872314453,8.646225929260254,89.63883972167969,42.39024353027344,26.206605911254883,2670.2900390625,2.9730000495910645,16.34000015258789
2018-04-24,25.110958099365234,9.280957221984863,53.081153869628906,12.896584510803223,203.7908477783203,8.583897590637207,89.21863555908203,41.93978500366211,25.925880432128906,2634.56005859375,2.9830000400543213,18.020000457763672
2018-04-25,25.069372177124023,9.204254150390625,53.26546859741211,12.739523887634277,201.05111694335938,8.557184219360352,88.87924194335938,41.125789642333984,26.131982803344727,2639.39990234375,3.0239999294281006,17.84000015258789
2018-04-26,25.011150360107422,9.089201927185059,53.12721633911133,12.512656211853027,201.77381896972656,8.664033889770508,88.9681396484375,41.25225067138672,26.512195587158203,2666.93994140625,2.990000009536743,16.239999771118164
2018-04-27,25.077688217163086,8.97414779663086,52.98130798339844,12.11999797821045,201.53012084960938,8.815411567687988,88.4024887084961,41.1807746887207,26.231483459472656,2669.909912109375,2.9570000171661377,15.40999984741211
2018-04-30,24.886383056640625,8.851423263549805,52.42837905883789,11.91930866241455,200.29476928710938,8.770889282226562,87.9014892578125,40.99018859863281,26.227928161621094,2648.050048828125,2.936000108718872,15.930000305175781
2018-05-01,24.911338806152344,8.751709938049316,52.41301345825195,11.858227729797363,198.89967346191406,8.779793739318848,87.9014892578125,41.14109420776367,26.06801986694336,2654.800048828125,2.9760000705718994,15.489999771118164
2018-05-02,24.603580474853516,8.705690383911133,52.21335983276367,11.893129348754883,196.69776916503906,8.735270500183105,87.20655822753906,41.053733825683594,26.174623489379883,2635.669921875,2.9639999866485596,15.970000267028809
2018-05-03,24.287511825561523,8.621318817138672,52.17497253417969,11.893129348754883,196.15994262695312,8.717461585998535,86.65706634521484,40.5614013671875,26.114221572875977,2629.72998046875,2.946000099182129,15.899999618530273
2018-05-04,24.370685577392578,8.713360786437988,52.421878814697266,12.024015426635742,197.4457550048828,8.735270500183105,87.61865997314453,40.81550598144531,26.242141723632812,2663.419921875,2.944000005722046,14.770000457763672
2018-05-07,24.653488159179688,8.767051696777344,52.85395812988281,12.024015426635742,199.3450927734375,8.779793739318848,88.37824249267578,41.60163497924805,26.27767562866211,2672.6298828125,2.950000047683716,14.75
2018-05-08,24.89470100402832,8.728700637817383,54.78293228149414,11.858227729797363,199.17697143554688,8.67293930053711,89.68731689453125,42.387779235839844,26.483774185180664,2671.919921875,2.9690001010894775,14.710000038146973
2018-05-09,25.551795959472656,8.958807945251465,55.515953063964844,12.024015426635742,203.15211486816406,8.753079414367676,91.642822265625,42.991275787353516,27.023889541625977,2697.7900390625,3.003999948501587,13.420000076293945
2018-05-10,25.693193435668945,9.020169258117676,55.994327545166016,12.111272811889648,204.58924865722656,8.913361549377441,92.35392761230469,43.70594787597656,27.226442337036133,2723.070068359375,2.9709999561309814,13.229999542236328
2018-05-11,25.718143463134766,9.027837753295898,56.21809768676758,12.093820571899414,204.1522674560547,8.842123985290527,92.00646209716797,43.83300018310547,27.265533447265625,2727.719970703125,2.9709999561309814,12.649999618530273
2018-05-14,25.884502410888672,8.966477394104004,56.03290939331055,11.910581588745117,204.98422241210938,8.886648178100586,92.038818359375,43.848876953125,27.453861236572266,2730.1298828125,2.994999885559082,12.930000305175781
2018-05-15,25.967674255371094,8.874435424804688,56.07920455932617,11.596456527709961,203.00927734375,8.859932899475098,91.33577728271484,43.55506896972656,27.460969924926758,2711.449951171875,3.0799999237060547,14.630000114440918
2018-05-16,25.834596633911133,8.79773235321045,55.515953063964844,11.343411445617676,202.50502014160156,8.886648178100586,91.58626556396484,43.65034866333008,27.556915283203125,2722.4599609375,3.0950000286102295,13.420000076293945
2018-05-17,25.626657485961914,8.79006290435791,55.215030670166016,11.334685325622559,200.94186401367188,8.859932899475098,91.27922821044922,43.57094955444336,27.972667694091797,2720.1298828125,3.1089999675750732,13.430000305175781
2018-05-18,25.169179916381836,8.736370086669922,53.98046112060547,11.090365409851074,199.17697143554688,8.788698196411133,89.8004150390625,42.816585540771484,27.755903244018555,2712.969970703125,3.066999912261963,13.420000076293945
2018-05-21,25.410398483276367,8.751709938049316,54.3431396484375,11.090365409851074,199.7653045654297,8.895552635192871,90.6246566772461,43.16596221923828,28.040178298950195,2733.010009765625,3.065000057220459,13.079999923706055
2018-05-22,25.693193435668945,8.813074111938477,54.844661712646484,11.317234992980957,200.01739501953125,8.922266006469727,91.31961822509766,43.57888412475586,27.667068481445312,2724.43994140625,3.065000057220459,13.220000267028809
2018-05-23,25.31890869140625,8.690348625183105,54.19654083251953,11.238701820373535,199.8577117919922,8.886648178100586,90.89942932128906,43.158023834228516,27.663522720336914,2733.2900390625,3.003000020980835,12.579999923706055
2018-05-24,25.127588272094727,8.575297355651855,53.47895050048828,10.688982963562012,198.42066955566406,8.779793739318848,89.88125610351562,42.88010025024414,27.20867156982422,2727.760009765625,2.9809999465942383,12.529999732971191
2018-05-25,25.086008071899414,8.559956550598145,52.80767059326172,10.626372337341309,197.5045623779297,8.67293930053711,89.42066192626953,42.09396743774414,26.501548767089844,2721.330078125,2.930999994277954,13.220000267028809
2018-05-29,24.087894439697266,8.115083694458008,50.70121383666992,9.96497917175293,190.79808044433594,8.539374351501465,85.59849548339844,39.67203903198242,26.419809341430664,2689.860107421875,2.7679998874664307,17.020000457763672
2018-05-30,24.528728485107422,8.237805366516113,51.44966506958008,10.203078269958496,193.2692413330078,8.681843757629395,87.55401611328125,40.474056243896484,27.219335556030273,2724.010009765625,2.8420000076293945,14.9399995803833
2018-05-31,24.25311851501465,8.191784858703613,51.45737838745117,9.770970344543457,190.50291442871094,8.646225929260254,86.47120666503906,39.814964294433594,27.013227462768555,2705.27001953125,2.822000026702881,15.430000305175781
2018-06-01,24.553781509399414,8.352862358093262,51.912628173828125,9.735695838928223,192.58609008789062,8.601703643798828,87.59442901611328,40.66463088989258,27.141159057617188,2734.6201171875,2.8949999809265137,13.460000038146973
2018-06-04,24.553781509399414,8.460243225097656,51.95891571044922,9.885612487792969,193.88490295410156,8.405805587768555,87.63483428955078,40.93461990356445,26.90662956237793,2746.8701171875,2.937000036239624,12.739999771118164
2018-06-05,24.319936752319336,8.245476722717285,51.51140213012695,9.726877212524414,192.5776824951172,8.281144142150879,87.14189910888672,40.32316589355469,26.842668533325195,2748.800048828125,2.9189999103546143,12.399999618530273
2018-06-06,25.088281631469727,8.437233924865723,52.64563751220703,10.009072303771973,195.8583984375,8.272239685058594,89.17823791503906,41.220489501953125,26.97059440612793,2772.35009765625,2.9749999046325684,11.640000343322754
2018-06-07,25.130041122436523,8.383541107177734,52.81538391113281,10.150169372558594,196.88731384277344,8.192099571228027,89.53378295898438,41.40312194824219,27.379241943359375,2770.3701171875,2.933000087738037,12.130000114440918
2018-06-08,25.063230514526367,8.337518692016602,52.8308219909668,9.920886039733887,196.8367156982422,8.254433631896973,89.78427124023438,41.220489501953125,27.3259334564209,2779.030029296875,2.937000036239624,12.180000305175781
2018-06-11,25.1049861907959,8.391212463378906,52.553043365478516,10.079620361328125,197.4270782470703,8.201004981994629,89.55802917480469,41.11724853515625,27.468076705932617,2782.0,2.9570000171661377,12.350000381469727
2018-06-12,24.97136116027832,8.283828735351562,52.1672477722168,10.061983108520508,196.19577026367188,8.201004981994629,89.04085540771484,40.75197219848633,27.25841522216797,2786.85009765625,2.9570000171661377,12.34000015258789
2018-06-13,24.921245574951172,8.276158332824707,51.920345306396484,10.026708602905273,197.20782470703125,8.201004981994629,88.86310577392578,40.97431182861328,27.15537452697754,2775.6298828125,2.9769999980926514,12.9399995803833
2018-06-14,24.637292861938477,8.283828735351562,51.048439025878906,9.894431114196777,197.05601501464844,8.183194160461426,87.29544067382812,40.74404525756836,27.11627769470215,2782.489990234375,2.946000099182129,12.119999885559082
2018-06-15,24.45355987548828,8.115083694458008,51.18732833862305,9.788607597351074,195.59693908691406,8.156481742858887,87.19039154052734,40.62491989135742,26.53388786315918,2779.659912109375,2.9240000247955322,11.979999542236328
2018-06-18,24.553781509399414,8.099742889404297,51.5036735534668,9.770970344543457,195.14993286132812,8.111960411071777,87.41663360595703,40.31523132324219,26.79861068725586,2773.75,2.9260001182556152,12.3100004196167
2018-06-19,24.436853408813477,7.961679458618164,51.526824951171875,9.850337028503418,192.56080627441406,8.070433616638184,86.90757751464844,39.64027786254883,26.737794876098633,2762.590087890625,2.8929998874664307,13.350000381469727
2018-06-20,24.42015266418457,7.946338653564453,51.98976516723633,9.770970344543457,192.13909912109375,8.070433616638184,86.89947509765625,39.616451263427734,26.8558406829834,2767.320068359375,2.927999973297119,12.789999961853027
2018-06-21,24.4619140625,7.854296684265137,52.18266677856445,9.60341739654541,191.43064880371094,8.01626968383789,86.87525177001953,39.53703689575195,26.35857582092285,2749.760009765625,2.8970000743865967,14.640000343322754
2018-06-22,24.21135902404785,7.954007625579834,51.85089111328125,9.709240913391113,190.6209716796875,8.079460144042969,85.45304107666016,38.8223762512207,26.884475708007812,2754.8798828125,2.9000000953674316,13.770000457763672
2018-06-25,23.785430908203125,7.854296684265137,50.73208236694336,9.60341739654541,186.84266662597656,8.03432559967041,84.67728424072266,38.060062408447266,26.344274520874023,2717.070068359375,2.875,17.329999923706055
2018-06-26,23.835542678833008,7.838957786560059,51.16416931152344,9.506413459777832,186.87635803222656,7.962106704711914,84.73387145996094,37.94888687133789,26.676979064941406,2723.06005859375,2.880000114440918,15.920000076293945
2018-06-27,23.58498764038086,7.631861209869385,50.50831985473633,9.153670310974121,185.69564819335938,7.81766939163208,83.42479705810547,37.472450256347656,27.03472328186035,2699.6298828125,2.8269999027252197,17.90999984741211
2018-06-28,23.944114685058594,7.746913909912109,51.60398483276367,9.233037948608398,188.42822265625,7.81766939163208,84.7904281616211,38.34593200683594,26.99895477294922,2716.31005859375,2.8469998836517334,16.850000381469727
2018-06-29,23.543230056762695,7.693222522735596,51.63483810424805,9.365316390991211,186.02459716796875,7.880862236022949,84.2005386352539,37.63920593261719,27.167085647583008,2718.3701171875,2.8489999771118164,16.09000015258789
2018-07-02,23.618398666381836,7.631861209869385,51.820030212402344,9.382953643798828,188.29330444335938,7.880862236022949,84.91161346435547,37.893306732177734,26.76641082763672,2726.7099609375,2.865999937057495,15.600000381469727
2018-07-03,23.200809478759766,7.593507766723633,50.97127151489258,9.43586540222168,185.86436462402344,7.916969299316406,83.72377014160156,37.33745574951172,26.934545516967773,2713.219970703125,2.8380000591278076,16.139999389648438
2018-07-05,23.317737579345703,7.700892448425293,51.3570671081543,9.8150634765625,186.16796875,7.935025215148926,84.26812744140625,37.083351135253906,26.905933380126953,2736.610107421875,2.8399999141693115,14.970000267028809
2018-07-06,23.409608840942383,7.708562850952148,51.80459213256836,10.106075286865234,187.05349731445312,8.01626968383789,84.54435729980469,37.393028259277344,27.07049560546875,2759.820068359375,2.8310000896453857,13.369999885559082
2018-07-09,24.261472702026367,7.800604343414307,53.19346618652344,10.176624298095703,192.282470703125,8.124598503112793,87.16048431396484,38.441219329833984,27.474740982055664,2784.169921875,2.859999895095825,12.6899995803833
2018-07-10,24.077733993530273,7.723903179168701,52.64563751220703,10.079620361328125,191.3209686279297,8.097516059875488,86.6242446899414,38.19504928588867,27.67866325378418,2793.840087890625,2.872999906539917,12.640000343322754
2018-07-11,23.952463150024414,7.700892448425293,52.398712158203125,9.8326997756958,190.31741333007812,7.998215198516846,86.43739318847656,37.91712188720703,27.09195899963379,2774.02001953125,2.8420000076293945,13.630000114440918
2018-07-12,24.02762794494629,7.800604343414307,52.861663818359375,9.876792907714844,191.63304138183594,8.097516059875488,86.81112670898438,38.13151931762695,27.138463973999023,2798.2900390625,2.8529999256134033,12.579999923706055
2018-07-13,23.843887329101562,7.785263538360596,51.696571350097656,9.912067413330078,190.94992065429688,8.05237865447998,86.41302490234375,38.17918014526367,27.281566619873047,2801.31005859375,2.8310000896453857,12.180000305175781
2018-07-16,24.87114143371582,7.930998802185059,53.59468078613281,10.705738067626953,195.19216918945312,8.01626968383789,89.84159851074219,38.830318450927734,26.966754913330078,2798.429931640625,2.8580000400543213,12.829999923706055
2018-07-17,25.063230514526367,7.731572151184082,53.50980758666992,10.46763801574707,194.83787536621094,8.01626968383789,89.7765884399414,39.052650451660156,26.85943031311035,2809.550048828125,2.864000082015991,12.0600004196167
2018-07-18,25.163440704345703,7.700892448425293,53.895606994628906,10.652826309204102,195.02349853515625,8.03432559967041,90.61341094970703,40.14847946166992,26.877307891845703,2815.6201171875,2.875,12.100000381469727
2018-07-19,24.779272079467773,7.547488689422607,53.232032775878906,10.599916458129883,193.6656036376953,8.03432559967041,89.28099822998047,39.584678649902344,26.884475708007812,2804.489990234375,2.8469998836517334,12.869999885559082
2018-07-20,25.163440704345703,7.639530181884766,53.409507751464844,10.608733177185059,195.40293884277344,8.079460144042969,90.4103012084961,39.91820526123047,26.79145622253418,2801.830078125,2.8949999809265137,12.859999656677246
2018-07-23,25.681245803833008,7.670210838317871,54.173377990722656,10.741012573242188,197.1488037109375,8.070433616638184,92.09211730957031,40.29142761230469,26.673397064208984,2806.97998046875,2.9649999141693115,12.619999885559082
2018-07-24,25.748058319091797,7.777595520019531,54.83694839477539,10.829197883605957,198.93675231933594,8.169734954833984,92.74207305908203,40.481998443603516,27.00967788696289,2820.39990234375,2.9489998817443848,12.40999984741211
2018-07-25,25.948497772216797,7.777595520019531,55.33846664428711,10.741012573242188,199.61984252929688,8.305145263671875,93.57889556884766,40.52964401245117,27.23505973815918,2846.070068359375,2.936000108718872,12.289999961853027
2018-07-26,25.839927673339844,7.716233730316162,55.045284271240234,10.758650779724121,199.97413635253906,8.196816444396973,93.31077575683594,40.48994064331055,27.5319881439209,2837.43994140625,2.9749999046325684,12.140000343322754
2018-07-27,25.940149307250977,7.800604343414307,55.315345764160156,10.952657699584961,200.42111206054688,8.21487045288086,94.26948547363281,40.53757858276367,27.413925170898438,2818.820068359375,2.9600000381469727,13.029999732971191
2018-07-30,26.148935317993164,7.900318145751953,55.77828598022461,11.278944969177246,201.52589416503906,8.232927322387695,94.83820343017578,40.65739822387695,27.639305114746094,2802.60009765625,2.9749999046325684,14.260000228881836
2018-07-31,25.789819717407227,7.930998802185059,55.469661712646484,11.517047882080078,200.2439727783203,8.223898887634277,93.39204406738281,40.38582229614258,27.589229583740234,2816.2900390625,2.9639999866485596,12.829999923706055
2018-08-01,26.098833084106445,7.854296684265137,55.500526428222656,11.420042037963867,199.0716552734375,8.178762435913086,93.96887969970703,40.0822868347168,27.20642852783203,2813.360107421875,3.003000020980835,13.149999618530273
2018-08-02,26.123886108398438,7.654870986938477,55.431068420410156,11.058481216430664,197.34275817871094,8.142651557922363,94.36698913574219,39.786739349365234,27.05617904663086,2827.219970703125,2.9860000610351562,12.1899995803833
2018-08-03,26.315969467163086,7.708562850952148,56.2075309753418,11.02320671081543,197.4270782470703,8.097516059875488,95.13067626953125,39.866615295410156,26.916658401489258,2840.35009765625,2.953000068664551,11.640000343322754
2018-08-06,26.324323654174805,7.624190330505371,56.21527862548828,11.040844917297363,198.97889709472656,8.070433616638184,95.15507507324219,39.93050765991211,27.01683235168457,2850.39990234375,2.937999963760376,11.270000457763672
2018-08-07,26.315969467163086,7.631861209869385,56.223060607910156,11.129029273986816,200.58131408691406,8.061407089233398,95.50443267822266,40.04235076904297,27.217172622680664,2858.449951171875,2.9730000495910645,10.930000305175781
2018-08-08,26.558170318603516,7.73924446105957,56.59576416015625,11.040844917297363,199.3499755859375,8.061407089233398,95.69940185546875,40.034358978271484,27.020408630371094,2857.699951171875,2.9709999561309814,10.850000381469727
2018-08-09,26.391138076782227,7.747793674468994,55.889183044433594,10.935020446777344,197.1656036376953,8.043352127075195,94.9600601196289,39.49119567871094,26.76999282836914,2853.580078125,2.934999942779541,11.270000457763672
2018-08-10,26.048721313476562,7.545743465423584,54.553688049316406,10.423544883728027,193.64871215820312,7.889887809753418,94.02574157714844,38.65248489379883,26.934545516967773,2833.280029296875,2.8570001125335693,13.15999984741211
2018-08-13,25.455753326416016,7.421406269073486,53.699581146240234,10.097256660461426,191.32940673828125,7.80864143371582,92.53082275390625,37.8217658996582,26.591115951538086,2821.929931640625,2.877000093460083,14.779999732971191
2018-08-14,25.71465492248535,7.444717884063721,54.359554290771484,10.13253116607666,193.60655212402344,7.682260513305664,93.1483154296875,38.22914123535156,26.6555118560791,2839.9599609375,2.8949999809265137,13.3100004196167
2018-08-15,25.355533599853516,7.258212566375732,53.30358123779297,9.867974281311035,193.34512329101562,7.564902305603027,92.37646484375,37.90164566040039,25.72537612915039,2818.3701171875,2.8519999980926514,14.640000343322754
2018-08-16,25.65619659423828,7.335922718048096,54.01015090942383,9.885612487792969,196.50778198242188,7.655175685882568,93.24577331542969,38.58059310913086,25.911401748657227,2840.68994140625,2.871000051498413,13.449999809265137
2018-08-17,25.67289924621582,7.413633823394775,54.09556579589844,9.876792907714844,196.82830810546875,7.700314044952393,93.24577331542969,38.636512756347656,25.975799560546875,2850.1298828125,2.872999906539917,12.640000343322754
2018-08-20,25.781471252441406,7.444717884063721,54.7633171081543,9.894431114196777,198.85240173339844,7.80864143371582,93.12391662597656,38.57261276245117,26.151084899902344,2857.050048828125,2.822999954223633,12.489999771118164
2018-08-21,25.906742095947266,7.522430419921875,55.314605712890625,10.176624298095703,201.2729034423828,7.889887809753418,93.69263458251953,38.772300720214844,26.283458709716797,2862.9599609375,2.8440001010894775,12.859999656677246
2018-08-22,25.873336791992188,7.561285018920898,55.221431732177734,10.238354682922363,201.85482788085938,7.871832847595215,93.40829467773438,38.82021713256836,26.598264694213867,2861.820068359375,2.822999954223633,12.25
2018-08-23,25.756410598754883,7.429176330566406,54.980735778808594,9.96497917175293,199.32467651367188,7.772532939910889,93.21330261230469,38.444793701171875,26.473066329956055,2856.97998046875,2.821000099182129,12.40999984741211
2018-08-24,25.79817008972168,7.444717884063721,54.87202835083008,10.044346809387207,198.287353515625,7.844750881195068,93.17268371582031,38.45278549194336,26.666244506835938,2874.68994140625,2.8259999752044678,11.989999771118164
2018-08-27,26.148935317993164,7.576827049255371,56.2075309753418,10.344176292419434,204.60426330566406,7.916969299316406,94.82195281982422,39.85063934326172,26.862993240356445,2896.739990234375,2.8480000495910645,12.15999984741211
2018-08-28,26.11553382873535,7.475802421569824,56.199745178222656,10.185443878173828,204.41030883789062,7.880862236022949,94.3588638305664,39.93849182128906,26.7485294342041,2897.52001953125,2.884000062942505,12.5
2018-08-29,26.006959915161133,7.483573913574219,56.31624221801758,10.282447814941406,204.26644897460938,7.925996780395508,94.05012512207031,39.898563385009766,26.913087844848633,2914.0400390625,2.884000062942505,12.25
2018-08-30,25.898395538330078,7.34369421005249,55.48542404174805,10.070801734924316,202.5740966796875,7.80864143371582,93.5870361328125,39.379364013671875,26.837963104248047,2901.1298828125,2.859999895095825,13.529999732971191
2018-08-31,25.831575393676758,7.273753643035889,55.314605712890625,9.929704666137695,201.22869873046875,7.871832847595215,93.09143829345703,39.003944396972656,26.630464553833008,2901.52001953125,2.8529999256134033,12.859999656677246
2018-09-04,26.006959915161133,7.37477970123291,55.43883514404297,10.070801734924316,201.10174560546875,7.754478454589844,93.55451202392578,38.90808868408203,26.573226928710938,2896.719970703125,2.9019999504089355,13.15999984741211
2018-09-05,26.040372848510742,7.304837703704834,55.260257720947266,10.114893913269043,201.01707458496094,7.709341526031494,93.09954833984375,38.91607666015625,26.537452697753906,2888.60009765625,2.9019999504089355,13.90999984741211
2018-09-06,25.889310836791992,7.234897613525391,54.43719482421875,10.035528182983398,198.44479370117188,7.709341526031494,92.7014389038086,38.2850456237793,26.047348022460938,2878.050048828125,2.878999948501587,14.649999618530273
2018-09-07,25.897705078125,7.15718936920166,54.0722770690918,9.8150634765625,197.9285888671875,7.664205074310303,92.88019561767578,38.516700744628906,26.04377555847168,2871.679931640625,2.941999912261963,14.880000114440918
2018-09-10,25.864133834838867,7.281525135040283,54.06450653076172,9.797426223754883,196.23626708984375,7.664205074310303,92.38457489013672,38.29303741455078,26.033035278320312,2877.1298828125,2.937000036239624,14.15999984741211
2018-09-11,25.889310836791992,7.203814506530762,53.90922927856445,9.912067413330078,194.79774475097656,7.691288471221924,92.96952819824219,38.22914123535156,26.27987289428711,2887.889892578125,2.9769999980926514,13.220000267028809
2018-09-12,25.536846160888672,7.126103401184082,54.7477912902832,9.912067413330078,193.0546112060547,7.709341526031494,91.87272644042969,37.92559814453125,26.41581916809082,2888.919921875,2.9630000591278076,13.140000343322754
2018-09-13,25.29347801208496,7.102789402008057,54.46828842163086,10.017889976501465,193.2069091796875,7.664205074310303,92.23017883300781,38.117313385009766,26.426555633544922,2904.179931640625,2.9630000591278076,12.369999885559082
2018-09-14,25.486494064331055,7.063934326171875,54.77108383178711,10.0531644821167,193.9769744873047,7.646149158477783,92.21395111083984,38.49272537231445,26.566078186035156,2904.97998046875,2.99399995803833,12.069999694824219
2018-09-17,25.410966873168945,7.118331432342529,55.03508377075195,10.150169372558594,192.83462524414062,7.664205074310303,92.49020385742188,38.08536148071289,26.609010696411133,2888.800048828125,3.000999927520752,13.680000305175781
2018-09-18,25.35222053527832,7.071706771850586,55.407779693603516,10.211898803710938,193.6807861328125,7.754478454589844,92.86394500732422,38.22114562988281,26.784299850463867,2904.31005859375,3.0480000972747803,12.789999961853027
2018-09-19,26.01519012451172,7.250441551208496,57.240203857421875,10.538185119628906,199.34170532226562,7.781558990478516,95.56129455566406,39.21961212158203,26.866579055786133,2907.949951171875,3.0829999446868896,11.75
2018-09-20,26.174640655517578,7.3825507164001465,58.07101821899414,10.802742958068848,200.88172912597656,7.862806797027588,96.38189697265625,39.84265899658203,26.87373161315918,2930.75,3.078000068664551,11.800000190734863
2018-09-21,26.040367126464844,7.320382118225098,57.574092864990234,10.882109642028809,199.13861083984375,7.889887809753418,95.7481689453125,39.46723175048828,27.051313400268555,2929.669921875,3.068000078201294,11.680000305175781
2018-09-24,25.796998977661133,7.265982151031494,57.33338928222656,10.793924331665039,197.07394409179688,7.81766939163208,94.83009338378906,38.78828430175781,27.447542190551758,2919.3701171875,3.078000068664551,12.199999809265137
2018-09-25,25.73825454711914,7.273753643035889,57.077152252197266,10.714557647705078,196.7354736328125,7.781558990478516,94.56198120117188,38.564613342285156,27.624040603637695,2915.56005859375,3.1019999980926514,12.420000076293945
2018-09-26,25.285079956054688,7.203814506530762,56.25411605834961,10.494091987609863,193.67236328125,7.781558990478516,93.44891357421875,38.1013298034668,27.357486724853516,2905.969970703125,3.061000108718872,12.890000343322754
2018-09-27,25.125638961791992,7.211584568023682,56.64234924316406,10.414727210998535,192.70770263671875,7.772532939910889,93.04267120361328,38.15724563598633,27.357486724853516,2914.0,3.055999994277954,12.40999984741211
2018-09-28,24.722824096679688,6.955140113830566,55.70281982421875,10.017889976501465,189.74610900878906,7.7635040283203125,91.677734375,37.19872283935547,27.28184700012207,2913.97998046875,3.055999994277954,12.119999885559082
2018-10-01,24.882272720336914,7.009537696838379,55.850364685058594,9.920886039733887,190.6684112548828,7.745451927185059,92.21395111083984,37.24664306640625,27.660064697265625,2924.590087890625,3.0799999237060547,12.0
2018-10-02,24.823532104492188,6.892969608306885,55.74943161010742,9.8150634765625,191.2945556640625,7.80864143371582,92.59581756591797,37.24664306640625,27.688875198364258,2923.429931640625,3.055999994277954,12.050000190734863
2018-10-03,25.175996780395508,7.001765727996826,56.18423080444336,9.98261547088623,192.74154663085938,7.772532939910889,93.46514129638672,37.630062103271484,27.91219711303711,2925.510009765625,3.1610000133514404,11.609999656677246
2018-10-04,25.536846160888672,7.048391819000244,56.38610076904297,9.876792907714844,192.48768615722656,7.664205074310303,94.3078384399414,37.75785446166992,27.79694175720215,2901.610107421875,3.197000026702881,14.220000267028809
2018-10-05,25.36900520324707,7.009537696838379,56.23082733154297,9.806244850158691,190.98995971679688,7.610040664672852,93.77605438232422,37.34248733520508,27.793333053588867,2885.570068359375,3.2249999046325684,14.819999694824219
2018-10-08,25.402576446533203,6.924055099487305,56.36281204223633,9.744514465332031,190.6853485107422,7.673231601715088,94.34876251220703,37.55816650390625,27.771717071533203,2884.429931640625,3.2330000400543213,15.6899995803833
2018-10-09,25.159210205078125,6.861886501312256,55.81930160522461,9.726877212524414,188.6206512451172,7.682260513305664,93.69422912597656,36.8712272644043,28.020261764526367,2880.340087890625,3.2079999446868896,15.949999809265137
2018-10-10,24.5382022857666,6.931826114654541,54.31297302246094,9.62987232208252,181.83433532714844,7.447547435760498,91.19889068603516,35.6411247253418,27.141366958618164,2785.679931640625,3.2249999046325684,22.959999084472656
2018-10-11,23.79970932006836,6.791945934295654,53.093955993652344,9.550506591796875,180.209716796875,7.357273578643799,88.46627044677734,34.738502502441406,26.22284507751465,2728.3701171875,3.132999897003174,24.979999542236328
2018-10-12,23.883623123168945,6.753088474273682,54.22756576538086,9.559325218200684,180.9712371826172,7.492685317993164,87.50086975097656,34.69057083129883,26.29488754272461,2767.1298828125,3.1410000324249268,21.309999465942383
2018-10-15,23.430450439453125,6.7220048904418945,53.7384033203125,9.726877212524414,182.1136016845703,7.465601921081543,87.00177001953125,34.7225341796875,26.075166702270508,2750.7900390625,3.1630001068115234,21.299999237060547
2018-10-16,23.94236946105957,6.7220048904418945,54.12662887573242,9.841519355773926,187.5968475341797,7.619067668914795,88.86715698242188,36.695491790771484,26.291282653808594,2809.919921875,3.1559998989105225,17.6200008392334
2018-10-17,24.252872467041016,6.784173965454102,54.22756576538086,9.929704666137695,193.1646728515625,7.601014137268066,89.85712432861328,37.693946838378906,26.125595092773438,2809.2099609375,3.178999900817871,17.399999618530273
2018-10-18,23.7073917388916,6.60543966293335,53.28030014038086,9.673966407775879,190.34686279296875,7.519765853881836,88.43352508544922,36.76737976074219,25.99591827392578,2768.780029296875,3.174999952316284,20.059999465942383
2018-10-19,23.766136169433594,6.628753185272217,53.46664810180664,9.62987232208252,192.04766845703125,7.546848773956299,88.28628540039062,37.07889938354492,25.76538848876953,2767.780029296875,3.197999954223633,19.889999389648438
2018-10-22,22.97728729248047,6.597668647766113,51.704097747802734,9.453502655029297,187.51217651367188,7.555875778198242,87.01814270019531,36.03251266479492,25.480823516845703,2755.8798828125,3.196000099182129,19.639999389648438
2018-10-23,22.675182342529297,6.698692798614502,51.03635025024414,9.43586540222168,184.9398651123047,7.411438941955566,86.1100082397461,35.561248779296875,24.8144474029541,2740.68994140625,3.1659998893737793,20.709999084472656
2018-10-24,21.978639602661133,6.745319366455078,49.53778839111328,8.818565368652344,177.00271606445312,7.239920139312744,84.50641632080078,34.738502502441406,23.834692001342773,2656.10009765625,3.124000072479248,25.229999542236328
2018-10-25,22.31431770324707,6.81525993347168,50.44623565673828,8.818565368652344,181.0897216796875,7.348247051239014,85.79092407226562,35.58519744873047,24.1264591217041,2705.570068359375,3.135999917984009,24.219999313354492
2018-10-26,22.146482467651367,6.659836769104004,49.85612487792969,8.527551651000977,179.6935272216797,7.294083595275879,84.61280059814453,35.12192153930664,23.946361541748047,2658.68994140625,3.0769999027252197,24.15999984741211
2018-10-29,22.33110809326172,6.807488441467285,49.9648323059082,8.501096725463867,181.49588012695312,7.14061975479126,85.78274536132812,35.10594940185547,23.499706268310547,2641.25,3.0869998931884766,24.700000762939453
2018-10-30,22.473772048950195,6.745319366455078,50.10459518432617,8.589282989501953,185.549072265625,7.239920139312744,87.29632568359375,35.78955841064453,24.043615341186523,2682.6298828125,3.109999895095825,23.350000381469727
2018-10-31,23.077991485595703,6.830801486968994,50.82670211791992,8.615737915039062,190.70223999023438,7.321165561676025,89.19441986083984,36.72249984741211,24.19129180908203,2711.739990234375,3.1589999198913574,21.229999542236328
2018-11-01,23.338144302368164,7.09501838684082,51.11399841308594,9.039031028747559,192.05612182617188,7.528793811798096,89.16170501708984,36.90747833251953,24.396617889404297,2740.3701171875,3.1440000534057617,19.34000015258789
2018-11-02,23.405277252197266,7.102789402008057,51.53615951538086,9.277131080627441,194.3577117919922,7.528793811798096,88.67079162597656,36.95574188232422,24.335376739501953,2723.06005859375,3.2139999866485596,19.510000228881836
2018-11-05,23.54794692993164,7.0794758796691895,52.61503219604492,9.224218368530273,193.53695678710938,7.63712215423584,89.25169372558594,36.85118865966797,24.742408752441406,2738.31005859375,3.2009999752044678,19.959999084472656
2018-11-06,23.673826217651367,7.056164264678955,52.130332946777344,9.206582069396973,193.09695434570312,7.718369960784912,89.66893768310547,36.770755767822266,24.8576717376709,2755.449951171875,3.2139999866485596,19.90999984741211
2018-11-07,23.950761795043945,7.203814506530762,53.365570068359375,9.356496810913086,195.70314025878906,7.935025215148926,91.20707702636719,37.486549377441406,25.264705657958984,2813.889892578125,3.2130000591278076,16.360000610351562
2018-11-08,24.227697372436523,7.219356536865234,52.99030303955078,9.118396759033203,196.0162353515625,7.880862236022949,91.94341278076172,37.34178924560547,24.717195510864258,2806.830078125,3.2339999675750732,16.719999313354492
2018-11-09,23.933977127075195,7.110560417175293,51.411067962646484,8.924388885498047,188.400634765625,7.80864143371582,91.05162811279297,36.7787971496582,24.673969268798828,2781.010009765625,3.188999891281128,17.360000610351562
2018-11-12,23.287796020507812,6.784173965454102,50.199283599853516,8.580464363098145,174.35418701171875,7.781558990478516,89.13714599609375,35.49199676513672,24.162479400634766,2726.219970703125,3.186000108718872,20.450000762939453
2018-11-13,23.296184539794922,7.110560417175293,50.6449089050293,8.69510555267334,173.50802612304688,7.781558990478516,89.66078186035156,35.934326171875,23.607769012451172,2722.179931640625,3.1449999809265137,20.020000457763672
2018-11-14,22.834619522094727,6.993994235992432,49.644203186035156,8.703924179077148,171.34178161621094,7.7635040283203125,87.81175231933594,35.26679229736328,23.56814193725586,2701.580078125,3.119999885559082,21.25
2018-11-15,23.413671493530273,6.636524200439453,50.504188537597656,8.730379104614258,172.39952087402344,7.81766939163208,90.05347442626953,35.62871170043945,23.9139347076416,2730.199951171875,3.118000030517578,19.979999542236328
2018-11-16,23.287796020507812,6.566583633422852,50.77781677246094,8.651013374328613,171.02870178222656,7.871832847595215,89.9880142211914,35.49199676513672,24.198495864868164,2736.27001953125,3.0739998817443848,18.139999389648438
2018-11-19,23.287796020507812,6.620981216430664,50.51982498168945,8.624556541442871,167.7286376953125,7.790586471557617,90.6752700805664,35.71717834472656,24.19129180908203,2690.72998046875,3.056999921798706,20.100000381469727
2018-11-20,22.97728729248047,6.395618438720703,48.885860443115234,8.139534950256348,161.9069366455078,7.664205074310303,88.72808837890625,34.663597106933594,23.398847579956055,2641.889892578125,3.0480000972747803,22.479999542236328
2018-11-21,22.884979248046875,6.574354648590088,49.151676177978516,8.324726104736328,162.97314453125,7.80864143371582,88.06538391113281,35.170284271240234,23.766254425048828,2649.929931640625,3.061000108718872,20.799999237060547
2018-11-23,22.63321876525879,6.512186527252197,48.27606201171875,8.157172203063965,160.01153564453125,7.799614906311035,87.25540161132812,34.64753341674805,23.0206356048584,2632.56005859375,3.053999900817871,21.520000457763672
2018-11-26,23.128347396850586,6.70646333694458,49.82401657104492,8.580464363098145,164.44549560546875,7.853779315948486,89.39080047607422,35.612632751464844,23.36642837524414,2673.449951171875,3.072000026702881,18.899999618530273
2018-11-27,23.279396057128906,6.683150291442871,49.612937927246094,8.677468299865723,163.86160278320312,7.9891886711120605,89.7671127319336,35.427650451660156,23.301591873168945,2682.169921875,3.055000066757202,19.020000457763672
2018-11-28,23.858449935913086,6.70646333694458,51.270347595214844,8.721562385559082,167.83860778808594,8.151679039001465,90.76527404785156,36.44101333618164,23.7014217376709,2743.7900390625,3.0439999103546143,18.489999771118164
2018-11-29,23.531164169311523,6.652065753936768,50.738731384277344,8.307088851928711,165.54470825195312,8.124598503112793,90.04530334472656,35.79759979248047,23.856307983398438,2737.800048828125,3.0350000858306885,18.790000915527344
2018-11-30,23.833267211914062,6.4267048835754395,50.652713775634766,8.07780647277832,162.01039123535156,8.115570068359375,90.96981048583984,35.70109176635742,23.813081741333008,2760.169921875,3.013000011444092,18.06999969482422
2018-12-03,23.950761795043945,6.473330497741699,50.941986083984375,8.280632972717285,162.80902099609375,8.20584487915039,91.82884216308594,36.52143478393555,24.342578887939453,2790.3701171875,2.992000102996826,16.440000534057617
2018-12-04,22.65000343322754,6.139172554016113,48.674774169921875,7.989620685577393,156.58990478515625,8.097516059875488,87.72993469238281,34.679664611816406,23.643787384033203,2700.06005859375,2.9240000247955322,20.739999771118164
2018-12-06,22.17742156982422,6.115859508514404,46.9548225402832,7.848522663116455,156.4029998779297,8.061407089233398,86.0609130859375,34.26951217651367,23.20794105529785,2695.949951171875,2.875999927520752,21.190000534057617
2018-12-07,21.46011734008789,6.007063865661621,45.61794662475586,7.698607921600342,152.64776611328125,7.871832847595215,84.50641632080078,33.23202133178711,23.078271865844727,2633.080078125,2.8499999046325684,23.229999542236328
2018-12-10,20.89471435546875,5.937124252319336,44.61724090576172,7.389958381652832,151.93406677246094,7.880862236022949,82.9273910522461,32.74141311645508,22.718063354492188,2637.719970703125,2.8559999465942383,22.639999389648438
2018-12-11,20.742809295654297,5.797245025634766,43.95271682739258,7.345864772796631,150.2094268798828,7.880862236022949,82.11746978759766,32.669029235839844,22.72526741027832,2636.780029296875,2.878999948501587,21.760000228881836
2018-12-12,20.69217300415039,6.1857991218566895,43.76508331298828,7.963164806365967,150.1244659423828,7.998215198516846,82.64925384521484,32.82184982299805,22.815319061279297,2651.070068359375,2.9059998989105225,21.459999084472656
2018-12-13,20.590904235839844,6.14694356918335,43.60089874267578,7.8220672607421875,149.46173095703125,7.8989152908325195,82.73106384277344,32.652950286865234,22.887353897094727,2650.5400390625,2.9110000133514404,20.649999618530273
2018-12-14,20.658424377441406,6.100317001342773,43.01455307006836,7.760338306427002,146.78555297851562,7.907942295074463,82.0519790649414,31.8808650970459,22.36506462097168,2599.949951171875,2.8910000324249268,21.6299991607666
2018-12-17,20.649978637695312,5.890498161315918,42.41257858276367,7.583967208862305,142.74139404296875,7.718369960784912,81.0047836303711,31.84869956970215,21.958030700683594,2545.93994140625,2.8570001125335693,24.520000457763672
2018-12-18,20.649978637695312,5.906038761138916,42.162391662597656,7.663332462310791,145.70655822753906,7.677239894866943,80.6202392578125,32.08192825317383,21.43933868408203,2546.159912109375,2.825000047683716,25.579999923706055
2018-12-19,20.405254364013672,5.797245025634766,41.29460144042969,7.381139278411865,143.794921875,7.585845470428467,79.59754943847656,31.60741424560547,21.18719482421875,2506.9599609375,2.7780001163482666,25.579999923706055
2018-12-20,20.34618377685547,5.758389472961426,40.86461639404297,7.10776424407959,143.0812530517578,7.503587245941162,78.9103012084961,31.29375648498535,20.60006332397461,2467.419921875,2.7890000343322754,28.3799991607666
2018-12-21,19.72170639038086,5.711761474609375,39.277557373046875,6.940210342407227,135.9786376953125,7.339076042175293,77.04492950439453,30.30452537536621,20.400096893310547,2416.6201171875,2.7920000553131104,30.110000610351562
2018-12-24,19.181612014770508,5.6340508460998535,38.51139831542969,6.975485324859619,132.83511352539062,7.320796966552734,75.38409423828125,29.765653610229492,19.574787139892578,2351.10009765625,2.749000072479248,36.06999969482422
2018-12-26,20.34618377685547,5.766160011291504,40.21571350097656,7.195949554443359,138.42547607421875,7.540146827697754,78.50942993164062,31.60741424560547,20.792755126953125,2467.699951171875,2.796999931335449,30.40999984741211
2018-12-27,20.56559181213379,5.773930072784424,40.47370910644531,6.887299537658691,140.532470703125,7.503587245941162,79.39302825927734,31.896944046020508,20.90182876586914,2488.830078125,2.743000030517578,29.959999084472656
2018-12-28,20.582469940185547,5.859413146972656,40.5206298828125,7.098945140838623,138.51040649414062,7.521866321563721,79.22120666503906,31.663713455200195,20.74185562133789,2485.739990234375,2.7360000610351562,28.34000015258789
2018-12-31,20.793447494506836,5.859413146972656,40.70043182373047,7.187129974365234,141.92581176757812,7.549285888671875,79.86753845214844,31.88890266418457,20.850929260253906,2506.85009765625,2.686000108718872,25.420000076293945
2019-01-02,21.06348991394043,5.906038761138916,41.84968185424805,7.2312235832214355,146.1568603515625,7.604122638702393,81.25020599365234,32.492103576660156,21.261764526367188,2510.030029296875,2.6610000133514404,23.219999313354492
2019-01-03,20.72593116760254,5.882726192474365,41.09132766723633,7.134219646453857,144.01580810546875,7.540146827697754,80.09548950195312,31.913036346435547,21.050891876220703,2447.889892578125,2.553999900817871,25.450000762939453
2019-01-04,21.58669662475586,6.123631477355957,43.10055160522461,7.513418674468994,148.72264099121094,7.7686357498168945,83.04824829101562,33.21593475341797,21.767131805419922,2531.93994140625,2.6589999198913574,21.3799991607666
2019-01-07,21.56981658935547,6.1857991218566895,43.47581481933594,7.672151565551758,149.54672241210938,7.832612991333008,83.10598754882812,33.54567337036133,22.09071159362793,2549.68994140625,2.681999921798706,21.399999618530273
2019-01-08,21.52762222290039,6.2246551513671875,43.358543395996094,7.707425594329834,148.99447631835938,7.924009799957275,82.94927215576172,33.336570739746094,22.2615909576416,2574.409912109375,2.7160000801086426,20.469999313354492
2019-01-09,21.73859977722168,6.2246551513671875,44.07780075073242,7.548691749572754,149.9290313720703,7.987985610961914,82.80907440185547,33.569801330566406,22.614255905151367,2584.9599609375,2.7279999256134033,19.979999542236328
2019-01-10,21.71328353881836,6.302366256713867,44.12470245361328,7.592784404754639,149.5297393798828,8.07938289642334,82.80081939697266,33.50547409057617,22.679702758789062,2596.639892578125,2.7309999465942383,19.5
2019-01-11,21.966445922851562,6.302366256713867,44.320159912109375,7.548691749572754,150.31988525390625,8.125080108642578,82.4049072265625,33.569801330566406,22.545177459716797,2596.260009765625,2.7009999752044678,18.190000534057617
2019-01-14,22.253368377685547,6.418933391571045,46.071388244628906,7.566328525543213,151.8406524658203,8.088520050048828,83.25447082519531,34.16496276855469,22.49064826965332,2582.610107421875,2.7100000381469727,19.06999969482422
2019-01-15,22.405271530151367,6.387848377227783,47.98679733276367,7.610422134399414,152.8516845703125,8.04282283782959,83.86479187011719,34.48666763305664,22.570634841918945,2610.300048828125,2.7109999656677246,18.600000381469727
2019-01-16,24.00865936279297,6.48887300491333,48.62004470825195,8.192447662353516,167.43930053710938,8.070241928100586,84.54114532470703,35.781517028808594,22.541542053222656,2616.10009765625,2.7309999465942383,19.040000915527344
2019-01-17,24.464359283447266,6.504415988922119,48.838958740234375,7.866160869598389,169.14698791503906,8.189058303833008,84.88753509521484,34.205169677734375,22.748781204223633,2635.9599609375,2.749000072479248,18.059999465942383
2019-01-18,24.725967407226562,6.659836769104004,49.34712600708008,8.060169219970703,172.07815551757812,8.179916381835938,86.26494598388672,35.13812255859375,23.210519790649414,2670.7099609375,2.7839999198913574,17.799999237060547
2019-01-22,24.548757553100586,6.535499095916748,48.3542366027832,7.804430961608887,167.9490509033203,8.07938289642334,84.90404510498047,34.10865783691406,22.705150604248047,2632.89990234375,2.7300000190734863,20.799999237060547
2019-01-23,24.405288696289062,6.613210678100586,48.573143005371094,7.980802059173584,167.286376953125,8.179916381835938,84.68959045410156,33.89955139160156,22.472469329833984,2638.699951171875,2.755000114440918,19.520000457763672
2019-01-24,24.540313720703125,6.589895248413086,49.026588439941406,7.813248634338379,168.05099487304688,8.362707138061523,84.73907470703125,33.819129943847656,22.592449188232422,2642.330078125,2.7119998931884766,18.889999389648438
2019-01-25,24.962257385253906,6.698692798614502,50.05073547363281,8.148353576660156,170.54888916015625,8.417547225952148,85.27518463134766,34.56709289550781,22.879669189453125,2664.760009765625,2.753000020980835,17.420000076293945
2019-01-28,25.00444793701172,6.582125186920166,49.91783142089844,8.174810409545898,169.68223571777344,8.371847152709961,85.67935180664062,34.30168914794922,22.650615692138672,2643.85009765625,2.74399995803833,18.8700008392334
2019-01-29,24.80191993713379,6.574354648590088,49.41748046875,8.139534950256348,170.34500122070312,8.463244438171387,85.91851806640625,34.173004150390625,22.719694137573242,2640.0,2.7119998931884766,19.1299991607666
2019-01-30,24.531871795654297,6.589895248413086,50.20709991455078,8.192447662353516,172.0271453857422,8.518080711364746,86.11646270751953,34.658992767333984,23.039636611938477,2681.050048828125,2.694999933242798,17.65999984741211
2019-01-31,24.02553939819336,6.496642589569092,50.39472961425781,7.8308868408203125,168.22946166992188,8.673452377319336,85.36592102050781,34.26210021972656,23.18870735168457,2704.10009765625,2.634999990463257,16.56999969482422
2019-02-01,23.9495906829834,6.4267048835754395,50.12705993652344,7.804430961608887,166.9805450439453,8.68259334564209,85.67935180664062,33.87329864501953,23.59227180480957,2706.530029296875,2.690999984741211,16.139999389648438
2019-02-04,24.371536254882812,6.457788467407227,50.43409729003906,7.760338306427002,167.9830780029297,8.673452377319336,85.9845199584961,34.39168930053711,23.646808624267578,2724.8701171875,2.7239999771118164,15.729999542236328
2019-02-05,24.28714370727539,6.4811015129089355,50.237274169921875,7.848522663116455,168.22946166992188,8.737431526184082,85.60511016845703,34.38359451293945,23.68315887451172,2737.699951171875,2.7019999027252197,15.569999694824219
2019-02-06,24.244951248168945,6.4811015129089355,50.30025863647461,7.8926167488098145,167.0485382080078,8.68259334564209,85.56385040283203,34.326900482177734,23.508649826049805,2731.610107421875,2.7019999027252197,15.380000114440918
2019-02-07,23.831445693969727,6.3334503173828125,49.449974060058594,7.37231969833374,164.0324249267578,8.59119701385498,84.44214630126953,33.59791564941406,22.98874282836914,2706.050048828125,2.6519999504089355,16.3700008392334
2019-02-08,23.873641967773438,6.317907810211182,48.82013702392578,7.222405433654785,162.8429412841797,8.572917938232422,83.60086059570312,33.055233001708984,22.883304595947266,2707.8798828125,2.631999969482422,15.720000267028809
2019-02-11,23.97490692138672,6.255740165710449,48.50522232055664,7.3370466232299805,162.55409240722656,8.646035194396973,83.2049560546875,32.56924057006836,22.992374420166016,2709.800048828125,2.6610000133514404,15.970000267028809
2019-02-12,24.211198806762695,6.317907810211182,49.33974838256836,7.531054973602295,165.23887634277344,8.719152450561523,84.62360382080078,33.330623626708984,23.283235549926758,2744.72998046875,2.684000015258789,15.430000305175781
2019-02-13,24.219633102416992,6.294594764709473,49.63106155395508,7.531054973602295,165.4088134765625,8.728292465209961,85.02775573730469,33.36301803588867,23.574087142944336,2753.030029296875,2.7079999446868896,15.649999618530273
2019-02-14,23.958030700683594,6.255740165710449,49.14292526245117,7.354683876037598,163.57362365722656,8.810547828674316,84.47514343261719,32.982322692871094,23.657712936401367,2745.72998046875,2.6570000648498535,16.219999313354492
2019-02-15,24.565631866455078,6.364534378051758,50.599430084228516,7.760338306427002,168.64573669433594,8.773990631103516,87.05675506591797,34.01100540161133,24.03946876525879,2775.60009765625,2.6659998893737793,14.90999984741211
2019-02-19,24.582502365112305,6.450016975402832,50.6860237121582,7.592784404754639,168.79019165039062,8.837964057922363,86.75155639648438,34.14870071411133,24.112178802490234,2779.760009765625,2.6470000743865967,14.880000114440918
2019-02-20,24.81879425048828,6.519957065582275,50.89072799682617,7.707425594329834,168.73074340820312,8.792265892028809,87.17221069335938,34.359291076660156,24.213979721069336,2784.699951171875,2.6540000438690186,14.020000457763672
2019-02-21,24.717529296875,6.504415988922119,50.6387939453125,7.636877059936523,166.82760620117188,8.847105979919434,86.99077606201172,33.9867057800293,23.839496612548828,2774.8798828125,2.687999963760376,14.460000038146973
2019-02-22,24.540313720703125,6.341222286224365,50.49707794189453,7.628058910369873,166.5217742919922,8.929363250732422,86.60310363769531,33.8490104675293,23.9085750579834,2792.669921875,2.6549999713897705,13.510000228881836
2019-02-25,24.70064926147461,6.4267048835754395,50.80412673950195,7.733882427215576,168.77320861816406,8.965920448303223,87.51036834716797,34.173011779785156,23.948575973510742,2796.110107421875,2.6730000972747803,14.850000381469727
2019-02-26,24.717529296875,6.7220048904418945,50.4813346862793,7.866160869598389,168.98561096191406,8.984197616577148,86.84227752685547,34.351200103759766,23.872220993041992,2793.89990234375,2.635999917984009,15.170000076293945
2019-02-27,24.92006492614746,6.931826114654541,50.70177459716797,8.033713340759277,168.98556518554688,8.920223236083984,86.73506927490234,34.47269058227539,23.963115692138672,2792.3798828125,2.693000078201294,14.699999809265137
2019-02-28,24.665597915649414,6.89124059677124,50.37111282348633,8.148353576660156,167.79135131835938,8.865385055541992,86.07524871826172,34.002906799316406,23.723154067993164,2784.489990234375,2.7109999656677246,14.779999732971191
2019-03-01,24.86069107055664,6.811666965484619,50.75688934326172,8.192447662353516,169.07095336914062,8.856244087219238,86.13298797607422,34.424095153808594,24.15943717956543,2803.68994140625,2.755000114440918,13.569999694824219
2019-03-04,24.62319564819336,6.843497276306152,50.19003677368164,8.113080024719238,167.1771697998047,8.874523162841797,85.93502044677734,34.019107818603516,24.20306968688965,2792.81005859375,2.7219998836517334,14.630000114440918
2019-03-05,24.665597915649414,6.91511344909668,49.54445266723633,8.07780647277832,167.19424438476562,8.93850326538086,85.86903381347656,33.9381103515625,24.123090744018555,2789.64990234375,2.7219998836517334,14.739999771118164
2019-03-06,24.4620361328125,6.859411239624023,49.21378707885742,8.086625099182129,166.11941528320312,8.81968879699707,85.54736328125,33.71131896972656,23.81768798828125,2771.449951171875,2.691999912261963,15.739999771118164
2019-03-07,24.216054916381836,6.70026159286499,48.73354721069336,7.636877059936523,164.4389190673828,8.691732406616211,84.92879486083984,33.34681701660156,23.67588996887207,2748.929931640625,2.635999917984009,16.59000015258789
2019-03-08,24.300878524780273,6.596811294555664,48.85950469970703,7.6192402839660645,166.5459442138672,8.68259334564209,84.9617919921875,33.5007209777832,23.232337951660156,2743.070068359375,2.625,16.049999237060547
2019-03-11,24.546857833862305,6.708219051361084,49.056331634521484,8.04253101348877,167.1686248779297,8.883662223815918,86.0669937133789,33.89760971069336,23.595911026000977,2783.300048828125,2.6429998874664307,14.329999923706055
2019-03-12,24.546857833862305,6.771878242492676,49.449974060058594,7.813248634338379,167.73165893554688,8.956781387329102,85.8113021850586,34.04340744018555,23.74860954284668,2791.52001953125,2.6050000190734863,13.770000457763672
2019-03-13,24.843727111816406,6.89124059677124,50.111305236816406,7.989620685577393,168.26052856445312,9.02989673614502,86.09999084472656,34.351200103759766,23.988569259643555,2810.919921875,2.6110000610351562,13.40999984741211
2019-03-14,24.987918853759766,6.92307186126709,50.47346878051758,7.857341289520264,168.4481964111328,8.984197616577148,86.88352966308594,34.5779914855957,24.014019012451172,2808.47998046875,2.630000114440918,13.5
2019-03-15,24.85220718383789,6.978775978088379,51.323753356933594,7.8308868408203125,169.1220703125,8.984197616577148,87.88156127929688,35.096378326416016,24.004487991333008,2822.47998046875,2.5929999351501465,12.880000114440918
2019-03-18,25.293270111083984,6.978775978088379,51.90633773803711,8.165992736816406,172.7133331298828,9.075594902038574,88.4094009399414,35.663360595703125,24.337940216064453,2832.93994140625,2.6019999980926514,13.100000381469727
2019-03-19,25.149076461791992,7.034478187561035,51.67015075683594,7.980802059173584,171.56179809570312,9.02989673614502,88.0877456665039,35.598567962646484,24.2719783782959,2832.570068359375,2.614000082015991,13.5600004196167
2019-03-20,24.292390823364258,6.843497276306152,50.623050689697266,7.742701053619385,165.76116943359375,9.09387493133545,86.20719146728516,34.8533821105957,24.484498977661133,2824.22998046875,2.5350000858306885,13.90999984741211
2019-03-21,23.902225494384766,6.660472393035889,50.316009521484375,7.434050559997559,165.98292541503906,8.984197616577148,84.8462905883789,34.93437576293945,24.656728744506836,2854.8798828125,2.5369999408721924,13.630000114440918
2019-03-22,22.909833908081055,6.501321792602539,48.00923156738281,7.240042209625244,161.1889190673828,8.810547828674316,82.28121185302734,33.79231643676758,23.98982810974121,2800.7099609375,2.4549999237060547,16.479999542236328
2019-03-25,22.765642166137695,6.469491958618164,47.49748611450195,7.20476770401001,160.80502319335938,8.792265892028809,81.59663391113281,33.411617279052734,24.00082778930664,2798.360107421875,2.4200000762939453,16.329999923706055
2019-03-26,23.079465866088867,6.461533546447754,48.19818878173828,7.301771640777588,162.66465759277344,8.856244087219238,82.41316223144531,33.921913146972656,24.345264434814453,2818.4599609375,2.4140000343322754,14.680000305175781
2019-03-27,22.926803588867188,6.549066543579102,47.812408447265625,7.460506439208984,162.1016387939453,8.773990631103516,82.13272857666016,33.50881576538086,24.17304229736328,2805.3701171875,2.374000072479248,15.149999618530273
2019-03-28,23.181255340576172,6.381959438323975,48.79652404785156,7.222405433654785,163.08262634277344,8.883662223815918,83.06475067138672,33.962406158447266,24.264650344848633,2815.43994140625,2.3889999389648438,14.430000305175781
2019-03-29,23.401792526245117,6.366042613983154,48.985477447509766,7.160675525665283,163.77359008789062,8.920223236083984,83.49365234375,34.18110656738281,24.228010177612305,2834.39990234375,2.4140000343322754,13.710000038146973
2019-04-01,24.20758056640625,6.612727642059326,50.6702766418457,7.539874076843262,167.82550048828125,9.00247859954834,86.3061752319336,35.25837707519531,24.54680061340332,2867.18994140625,2.496999979019165,13.399999618530273
2019-04-02,24.487483978271484,6.676388740539551,50.717533111572266,7.4957804679870605,168.47378540039062,9.03903579711914,86.71857452392578,35.39606475830078,24.378238677978516,2867.239990234375,2.4809999465942383,13.359999656677246
2019-04-03,24.4620361328125,6.835538864135742,51.22138595581055,7.57514762878418,171.3399658203125,9.048174858093262,86.89177703857422,35.94685745239258,24.143728256225586,2873.39990234375,2.5169999599456787,13.739999771118164
2019-04-04,24.7249755859375,6.811666965484619,51.819732666015625,7.4957804679870605,172.5086212158203,9.121292114257812,87.73119354248047,36.39234924316406,24.345264434814453,2879.389892578125,2.51200008392334,13.579999923706055
2019-04-05,24.665597915649414,6.724133491516113,51.607173919677734,7.363502025604248,172.6365509033203,9.230968475341797,87.52342987060547,36.36803436279297,24.77398109436035,2892.739990234375,2.500999927520752,12.819999694824219
2019-04-08,24.741941452026367,6.716175079345703,52.01655197143555,7.3370466232299805,172.7730712890625,9.221824645996094,87.8060073852539,36.432830810546875,24.8839054107666,2895.77001953125,2.5190000534057617,13.180000305175781
2019-04-09,24.50444221496582,6.668430805206299,51.331607818603516,7.26649808883667,171.13522338867188,9.157851219177246,87.15773010253906,35.84965515136719,24.57977294921875,2878.199951171875,2.499000072479248,14.279999732971191
2019-04-10,24.65711784362793,6.716175079345703,51.58354187011719,7.240042209625244,173.14834594726562,9.267524719238281,87.54835510253906,36.00355529785156,24.671384811401367,2888.2099609375,2.4769999980926514,13.300000190734863
2019-04-11,24.65711784362793,6.779836654663086,51.89059066772461,7.398776531219482,173.02040100097656,9.176128387451172,88.28804016113281,36.28704071044922,24.6897029876709,2888.320068359375,2.503999948501587,13.020000457763672
2019-04-12,25.590139389038086,6.899199962615967,53.07941436767578,7.592784404754639,177.2941436767578,9.157851219177246,92.42691040039062,37.81790542602539,24.755653381347656,2907.409912109375,2.559999942779541,12.010000228881836
2019-04-15,25.310232162475586,6.954902648925781,53.047916412353516,7.6192402839660645,170.52960205078125,9.221824645996094,91.37142944335938,37.32382583618164,24.609088897705078,2905.580078125,2.552999973297119,12.319999694824219
2019-04-16,25.34415626525879,6.962860107421875,54.5673828125,7.8220672607421875,172.1759796142578,9.212689399719238,92.33551788330078,38.0851936340332,24.77031707763672,2907.06005859375,2.5920000076293945,12.180000305175781
2019-04-17,25.471393585205078,7.0503926277160645,55.38618469238281,7.874979496002197,177.34532165527344,9.258387565612793,94.99506378173828,39.089576721191406,24.737340927124023,2900.449951171875,2.5920000076293945,12.600000381469727
2019-04-18,25.471393585205078,6.962860107421875,54.85081100463867,7.742701053619385,175.6477813720703,9.230968475341797,94.29691314697266,38.51449203491211,24.620080947875977,2905.030029296875,2.559999942779541,12.09000015258789
2019-04-22,25.488359451293945,6.92307186126709,54.39419937133789,7.716245651245117,174.53030395507812,9.230968475341797,94.41326904296875,38.30389404296875,25.140405654907227,2907.969970703125,2.5899999141693115,12.420000076293945
2019-04-23,25.50531768798828,6.835538864135742,54.48080062866211,7.531054973602295,174.13792419433594,9.313222885131836,94.52959442138672,38.35248565673828,25.100099563598633,2933.679931640625,2.569999933242798,12.279999732971191
2019-04-24,25.462909698486328,6.771878242492676,54.18950271606445,7.4957804679870605,171.06700134277344,9.267524719238281,94.37171173095703,38.37678909301758,24.66038703918457,2927.25,2.5220000743865967,13.140000343322754
2019-04-25,25.513805389404297,6.580897808074951,54.11076736450195,7.363502025604248,171.80056762695312,9.230968475341797,94.42158508300781,38.30389404296875,24.58344078063965,2926.169921875,2.5339999198913574,13.25
2019-04-26,25.742815017700195,6.636600017547607,54.72486114501953,7.222405433654785,173.233642578125,9.249245643615723,95.1363296508789,38.789878845214844,24.264650344848633,2939.8798828125,2.505000114440918,12.729999542236328
2019-04-29,26.099058151245117,6.795752048492432,55.92156219482422,7.3370466232299805,176.5093536376953,9.249245643615723,96.50762939453125,39.49900436401367,24.24266242980957,2943.030029296875,2.5360000133514404,13.109999656677246
2019-04-30,25.93790626525879,6.811666965484619,55.6617317199707,7.301771640777588,175.6563262939453,9.285804748535156,96.449462890625,39.32783889770508,24.224346160888672,2945.830078125,2.509000062942505,13.119999885559082
2019-05-01,25.666479110717773,6.748005390167236,55.07912826538086,7.187129974365234,174.6411895751953,9.249245643615723,95.70980834960938,38.77357482910156,23.74066162109375,2923.72998046875,2.510999917984009,14.800000190734863
2019-05-02,25.870044708251953,6.795752048492432,55.3940544128418,7.2488603591918945,174.86297607421875,9.2035493850708,95.91757202148438,38.96919631958008,23.32660675048828,2917.52001953125,2.552000045776367,14.420000076293945
2019-05-03,26.04816436767578,6.85145378112793,55.996238708496094,7.2488603591918945,177.0211944580078,9.340642929077148,96.50762939453125,39.17296600341797,23.542795181274414,2945.639892578125,2.5309998989105225,12.869999885559082
2019-05-06,25.8445987701416,6.7559638023376465,55.79023361206055,7.151855945587158,176.0913543701172,9.194411277770996,95.651611328125,38.88768768310547,23.564777374267578,2932.469970703125,2.5,15.4399995803833
2019-05-07,25.378093719482422,6.588855743408203,54.007423400878906,6.896118640899658,172.84983825683594,9.249245643615723,94.08912658691406,38.072601318359375,23.359582901000977,2884.050048828125,2.447999954223633,19.31999969482422
2019-05-08,25.276302337646484,6.572939395904541,54.05495834350586,6.940210342407227,171.41673278808594,9.212689399719238,93.59046936035156,37.9258918762207,23.359582901000977,2879.419921875,2.4820001125335693,19.399999618530273
2019-05-09,25.199968338012695,6.533152103424072,53.587467193603516,6.860844612121582,171.996826171875,9.139572143554688,93.51566314697266,37.860687255859375,23.359582901000977,2870.719970703125,2.4570000171661377,19.100000381469727
2019-05-10,25.08970069885254,6.588855743408203,53.80141067504883,6.940210342407227,172.35508728027344,9.212689399719238,93.50736999511719,37.77102279663086,23.46950912475586,2881.39990234375,2.4549999237060547,16.040000915527344
2019-05-13,23.96159553527832,6.350128650665283,51.012290954589844,6.737383842468262,166.3155975341797,8.956781387329102,90.96418762207031,36.010433197021484,23.06644630432129,2811.8701171875,2.4049999713897705,20.549999237060547
2019-05-14,24.27543067932129,6.453575611114502,51.709571838378906,6.772658348083496,167.43307495117188,9.057315826416016,91.68726348876953,35.87187957763672,23.348588943481445,2834.409912109375,2.4189999103546143,18.059999465942383
2019-05-15,23.995529174804688,6.493364334106445,51.40054702758789,6.7638397216796875,167.53541564941406,9.075594902038574,91.33816528320312,35.78221130371094,23.46950912475586,2850.9599609375,2.378999948501587,16.440000534057617
2019-05-16,24.24999237060547,6.5251946449279785,52.28008270263672,6.755020618438721,169.8727264404297,9.148711204528809,92.51002502441406,36.09194564819336,23.597755432128906,2876.320068359375,2.4049999713897705,15.289999961853027
2019-05-17,24.08882713317871,6.381959438323975,51.55900955200195,6.684472560882568,168.4140625,9.02989673614502,92.06123352050781,35.76591491699219,23.359582901000977,2859.530029296875,2.3929998874664307,15.960000038146973
2019-05-20,24.08882713317871,6.31829833984375,51.47185134887695,6.552194118499756,168.2520294189453,9.00247859954834,92.54328155517578,35.75775909423828,23.370573043823242,2840.22998046875,2.4159998893737793,16.309999465942383
2019-05-21,24.334806442260742,6.358086109161377,52.35932540893555,6.631561279296875,169.84716796875,9.121292114257812,92.85910034179688,36.181610107421875,23.641727447509766,2864.360107421875,2.4260001182556152,14.949999809265137
2019-05-22,24.165163040161133,6.151189804077148,51.23415756225586,6.472827434539795,166.78480529785156,9.176128387451172,92.1028060913086,35.448036193847656,23.275299072265625,2856.27001953125,2.3929998874664307,14.75
2019-05-23,23.545978546142578,6.031826496124268,50.63195037841797,6.3758225440979,163.7565460205078,9.00247859954834,90.2909927368164,34.81226348876953,22.494821548461914,2822.239990234375,2.2960000038146973,16.920000076293945
2019-05-24,23.902225494384766,6.071613788604736,51.02021408081055,6.441312313079834,164.6351318359375,9.048174858093262,91.18028259277344,35.01604461669922,22.5790958404541,2826.06005859375,2.3239998817443848,15.850000381469727
2019-05-28,23.664730072021484,6.023868560791016,50.54479217529297,6.297773838043213,161.5983428955078,9.176128387451172,90.19123840332031,34.372108459472656,22.344585418701172,2802.389892578125,2.2679998874664307,17.5
2019-05-29,23.53749656677246,6.087529182434082,50.481414794921875,6.208061695098877,161.13563537597656,9.10301399230957,89.9419174194336,34.388423919677734,22.201679229736328,2783.02001953125,2.2360000610351562,17.899999618530273
2019-05-30,23.037063598632812,5.999996185302734,50.40217590332031,6.199090957641602,160.55296325683594,9.176128387451172,88.97784423828125,34.094993591308594,21.91953468322754,2788.860107421875,2.2269999980926514,17.299999237060547
2019-05-31,22.562070846557617,5.944293022155762,49.245323181152344,6.0734944343566895,156.3714141845703,9.130431175231934,88.0636215209961,33.165794372558594,21.5347843170166,2752.06005859375,2.1419999599456787,18.709999084472656
2019-06-03,22.629920959472656,5.992038726806641,49.60981369018555,6.037609577178955,156.97120666503906,9.276665687561035,88.47919464111328,33.198394775390625,21.809608459472656,2744.449951171875,2.0810000896453857,18.860000610351562
2019-06-04,23.681692123413086,6.22280740737915,52.200836181640625,6.342629909515381,162.70372009277344,9.386340141296387,91.2052001953125,34.62479782104492,22.187021255493164,2803.27001953125,2.11899995803833,16.969999313354492
2019-06-05,23.67321014404297,6.1352739334106445,52.121604919433594,6.208061695098877,161.4698486328125,9.368060111999512,91.52933502197266,34.584041595458984,21.94151496887207,2826.14990234375,2.122999906539917,16.09000015258789
2019-06-06,23.775543212890625,6.087529182434082,52.668331146240234,6.055551528930664,162.64370727539062,9.349781036376953,91.72880554199219,34.893768310546875,22.348249435424805,2843.489990234375,2.124000072479248,15.930000305175781
2019-06-07,23.477075576782227,6.095486164093018,52.050289154052734,6.064523220062256,162.64370727539062,9.514293670654297,90.72318267822266,34.80412292480469,22.45084571838379,2873.340087890625,2.0840001106262207,16.299999237060547
2019-06-10,23.937572479248047,6.127316474914551,53.18336868286133,6.181148529052734,166.33688354492188,9.514293670654297,91.703857421875,35.2850227355957,22.516801834106445,2886.72998046875,2.1429998874664307,15.9399995803833
2019-06-11,24.082544326782227,6.1352739334106445,53.78554916381836,6.2618889808654785,166.85958862304688,9.55085277557373,91.98643493652344,35.5947380065918,22.56077766418457,2885.719970703125,2.140000104904175,15.989999771118164
2019-06-12,23.835241317749023,6.031826496124268,52.93772506713867,6.172177314758301,162.99502563476562,9.496015548706055,90.81458282470703,34.73890686035156,22.241981506347656,2879.840087890625,2.127000093460083,15.90999984741211
2019-06-13,23.826711654663086,6.031826496124268,53.151676177978516,6.163206100463867,164.04901123046875,9.596551895141602,91.03897094726562,35.00788879394531,22.502145767211914,2891.639892578125,2.0910000801086426,15.819999694824219
2019-06-14,23.9119930267334,5.9840803146362305,53.46861267089844,6.091436386108398,164.22894287109375,9.523435592651367,91.2717056274414,34.90193557739258,22.355575561523438,2886.97998046875,2.0929999351501465,15.279999732971191
2019-06-17,23.81818962097168,5.968165397644043,52.72379684448242,6.118350028991699,163.51773071289062,9.475549697875977,90.77302551269531,34.64924621582031,22.54245376586914,2889.669921875,2.0859999656677246,15.350000381469727
2019-06-18,24.406604766845703,6.047741413116455,53.86479949951172,6.351600646972656,167.0737762451172,9.641304016113281,92.0113754272461,35.325767517089844,22.853914260864258,2917.75,2.059999942779541,15.149999618530273
2019-06-19,24.150766372680664,6.087529182434082,53.55576705932617,6.432341575622559,167.6393280029297,9.668929100036621,91.34651947021484,35.16275405883789,22.828264236450195,2926.4599609375,2.0290000438690186,14.329999923706055
2019-06-20,24.108131408691406,6.087529182434082,53.95988845825195,6.432341575622559,167.6907196044922,9.80705738067627,91.5792007446289,35.423583984375,23.333932876586914,2954.179931640625,2.000999927520752,14.75
2019-06-21,23.980213165283203,5.999996185302734,53.856876373291016,6.441312313079834,167.89639282226562,9.770220756530762,90.95588684082031,35.52138137817383,23.50255012512207,2950.4599609375,2.068000078201294,15.399999618530273
2019-06-24,23.860828399658203,5.9840803146362305,53.413150787353516,6.369543075561523,169.22454833984375,9.770220756530762,90.30760955810547,35.10569381713867,23.29178237915039,2945.35009765625,2.0209999084472656,15.260000228881836
2019-06-25,23.673208236694336,5.920420169830322,52.72379684448242,6.387485504150391,167.9991912841797,9.668929100036621,89.55963897705078,34.77150344848633,23.106889724731445,2917.3798828125,1.99399995803833,16.280000686645508
2019-06-26,23.80113410949707,5.999996185302734,53.26259994506836,6.611764907836914,168.81326293945312,9.687346458435059,90.15802001953125,35.04049301147461,23.461868286132812,2913.780029296875,2.0490000247955322,16.209999084472656
2019-06-27,24.056962966918945,6.055698394775391,53.99950408935547,6.764275074005127,170.79263305664062,9.770220756530762,90.45719909667969,35.448036193847656,23.288076400756836,2924.919921875,2.005000114440918,15.819999694824219
2019-06-28,24.730661392211914,6.055698394775391,55.489131927490234,6.8450164794921875,175.31695556640625,9.79784870147705,92.91727447509766,35.70886993408203,23.558012008666992,2941.760009765625,2.0,15.079999923706055
2019-07-01,25.08882713317871,6.111401557922363,56.05172348022461,6.853987216949463,177.2534637451172,9.871514320373535,94.47975158691406,35.822967529296875,23.5802001953125,2964.330078125,2.0339999198913574,14.0600004196167
2019-07-02,24.85858154296875,6.127316474914551,55.814002990722656,6.809131622314453,176.49942016601562,9.899141311645508,94.57950592041016,35.725154876708984,23.20303726196289,2973.010009765625,1.9759999513626099,12.930000305175781
2019-07-03,24.773300170898438,6.167105197906494,56.138877868652344,7.006497383117676,176.5508270263672,9.991226196289062,94.42884063720703,35.855567932128906,23.295473098754883,2995.820068359375,1.9529999494552612,12.569999694824219
2019-07-05,24.95237922668457,6.238722324371338,56.574684143066406,7.203863620758057,178.1446075439453,9.991226196289062,94.98958587646484,36.034889221191406,23.328758239746094,2990.409912109375,2.0480000972747803,13.279999732971191
2019-07-08,24.901216506958008,6.206892967224121,56.36073684692383,6.764275074005127,176.3023223876953,9.982019424438477,94.47068786621094,35.448036193847656,23.36203956604004,2975.949951171875,2.0339999198913574,13.960000038146973
2019-07-09,25.02913475036621,6.167105197906494,56.70146179199219,6.53102445602417,178.03323364257812,9.982019424438477,94.8724365234375,35.68439483642578,23.38051986694336,2979.6298828125,2.053999900817871,14.09000015258789
2019-07-10,24.747716903686523,6.190977096557617,56.36073684692383,6.638679027557373,176.49085998535156,9.991226196289062,94.5962142944336,35.301326751708984,23.680038452148438,2993.070068359375,2.061000108718872,13.029999732971191
2019-07-11,25.037662506103516,6.2944254875183105,56.741065979003906,6.710448265075684,181.10081481933594,9.972806930541992,95.50015258789062,36.010433197021484,23.728105545043945,2999.909912109375,2.119999885559082,12.930000305175781
2019-07-12,25.114416122436523,6.262595176696777,56.86784744262695,6.880900859832764,183.32017517089844,9.926764488220215,96.50454711914062,36.57284927368164,23.827943801879883,3013.77001953125,2.1059999465942383,12.390000343322754
2019-07-15,24.91827392578125,6.206892967224121,56.820289611816406,6.970612525939941,181.2979278564453,9.899141311645508,95.3327865600586,36.214210510253906,23.61347770690918,3014.300048828125,2.0920000076293945,12.680000305175781
2019-07-16,24.722135543823242,6.206892967224121,56.51128387451172,7.150036811828613,184.6739959716797,9.889933586120605,96.3539047241211,36.214210510253906,23.36203956604004,3004.0400390625,2.121999979019165,12.859999656677246
2019-07-17,24.89268684387207,6.1352739334106445,56.115116119384766,7.069295406341553,182.77178955078125,9.926764488220215,95.40808868408203,35.6762580871582,23.09579849243164,2984.419921875,2.061000108718872,13.970000267028809
2019-07-18,25.139999389648438,6.206892967224121,56.883697509765625,7.114151477813721,183.81715393066406,9.991226196289062,95.97725677490234,36.214210510253906,23.09950065612793,2995.110107421875,2.0380001068115234,13.529999732971191
2019-07-19,25.071775436401367,6.183019638061523,56.19434356689453,6.925756454467773,182.9602813720703,9.954391479492188,95.03145599365234,36.181610107421875,23.20673179626465,2976.610107421875,2.0480000972747803,14.449999809265137
2019-07-22,25.216745376586914,6.22280740737915,56.34489440917969,6.9975266456604,183.37158203125,9.982019424438477,95.6424560546875,36.271270751953125,23.31396484375,2985.030029296875,2.0429999828338623,13.529999732971191
2019-07-23,25.796634674072266,6.2944254875183105,57.04216384887695,7.132093906402588,188.02442932128906,9.90834903717041,97.39173889160156,36.76031494140625,23.37682342529297,3005.469970703125,2.0739998817443848,12.609999656677246
2019-07-24,26.154802322387695,6.350128650665283,57.85036849975586,7.105180740356445,190.2522735595703,9.926764488220215,97.78514099121094,37.08633804321289,23.47666358947754,3019.56005859375,2.049999952316284,12.069999694824219
2019-07-25,25.873388290405273,6.230765342712402,56.56675720214844,7.08723783493042,188.49569702148438,9.871514320373535,96.84771728515625,36.57284927368164,23.21042823791504,3003.669921875,2.0739998817443848,12.739999771118164
2019-07-26,26.240087509155273,6.262595176696777,57.176883697509766,7.114151477813721,190.3465118408203,9.889933586120605,97.27459716796875,37.28197479248047,23.09210205078125,3025.860107421875,2.0810000896453857,12.15999984741211
2019-07-29,26.026885986328125,6.183019638061523,56.85992431640625,7.024439811706543,188.78704833984375,9.899141311645508,96.96490478515625,36.86627960205078,22.999662399291992,3020.969970703125,2.055000066757202,12.829999923706055
2019-07-30,26.34242057800293,6.071613788604736,56.820289611816406,6.952670574188232,189.71243286132812,9.788639068603516,96.74728393554688,36.69376754760742,23.258499145507812,3013.179931640625,2.061000108718872,13.9399995803833
2019-07-31,26.163331985473633,5.9522504806518555,56.3845100402832,7.006497383117676,188.62423706054688,9.880722045898438,97.09044647216797,36.603424072265625,23.184547424316406,2980.3798828125,2.0209999084472656,16.1200008392334
2019-08-01,25.14852523803711,5.856760025024414,54.1579704284668,6.8270745277404785,181.31507873535156,9.899141311645508,94.5292739868164,35.264469146728516,22.65947151184082,2953.56005859375,1.8940000534057617,17.8700008392334
2019-08-02,25.054716110229492,5.880631923675537,53.9743537902832,7.0782670974731445,179.40423583984375,9.917558670043945,94.52088165283203,34.59910202026367,22.334075927734375,2932.050048828125,1.8550000190734863,17.610000610351562
2019-08-05,23.946102142333984,5.657821178436279,52.034446716308594,6.862958908081055,172.81484985351562,9.558426856994629,91.7086181640625,33.2601432800293,21.668485641479492,2844.739990234375,1.7350000143051147,24.59000015258789
2019-08-06,24.236045837402344,5.7214813232421875,52.88864517211914,6.8450164794921875,176.5251007080078,9.687346458435059,92.42842864990234,33.85980987548828,21.642601013183594,2881.77001953125,1.7389999628067017,20.170000076293945
2019-08-07,23.784072875976562,5.705565929412842,52.00250244140625,6.70147705078125,176.29376220703125,9.935975074768066,90.41966247558594,33.317657470703125,21.479909896850586,2883.97998046875,1.684000015258789,19.489999771118164
2019-08-08,24.20193862915039,5.701505184173584,53.279823303222656,6.87192964553833,177.37344360351562,10.120145797729492,91.95135498046875,33.900882720947266,22.09741973876953,2938.090087890625,1.715999960899353,16.90999984741211
2019-08-09,24.1592960357666,5.636530876159668,52.72897720336914,6.755304336547852,177.2877197265625,10.074102401733398,91.85092163085938,34.08980178833008,21.85338020324707,2918.64990234375,1.7339999675750732,17.969999313354492
2019-08-12,23.570878982543945,5.522825717926025,51.284019470214844,6.234975337982178,172.6777801513672,9.991226196289062,90.12670135498047,33.15337371826172,21.59453773498535,2882.699951171875,1.6390000581741333,21.09000015258789
2019-08-13,23.639097213745117,5.522825717926025,51.755035400390625,6.468226432800293,174.8970489501953,10.092520713806152,91.51611328125,33.424442291259766,21.79421043395996,2926.320068359375,1.6799999475479126,17.520000457763672
2019-08-14,22.53049087524414,5.3766326904296875,49.0247802734375,6.0017242431640625,167.5707550048828,9.83467960357666,87.7162094116211,32.307273864746094,20.940048217773438,2840.60009765625,1.5809999704360962,22.100000381469727
2019-08-15,22.38551139831543,5.352267265319824,48.95292663574219,5.777444362640381,168.10202026367188,9.779431343078613,88.05097961425781,32.11833572387695,20.810625076293945,2847.60009765625,1.5290000438690186,21.18000030517578
2019-08-16,23.050682067871094,5.474094867706299,50.67729187011719,6.226004123687744,170.8783416748047,9.926764488220215,90.16020965576172,32.80835723876953,21.084251403808594,2888.679931640625,1.5390000343322754,18.469999313354492
2019-08-19,23.255342483520508,5.522825717926025,51.339900970458984,6.324687480926514,173.26043701171875,10.046478271484375,90.97206115722656,33.16157531738281,21.55016326904297,2923.64990234375,1.5980000495910645,16.8799991607666
2019-08-20,22.786319732666016,5.433485507965088,50.629398345947266,6.252917289733887,171.358154296875,10.046478271484375,89.81702423095703,32.775508880615234,21.368976593017578,2900.510009765625,1.5609999895095825,17.5
2019-08-21,22.96540069580078,5.4497294425964355,50.493682861328125,6.288802623748779,171.95799255371094,10.193812370300293,90.06813049316406,32.80835723876953,21.505796432495117,2924.429931640625,1.5770000219345093,15.800000190734863
2019-08-22,23.187124252319336,5.51470422744751,51.020572662353516,6.432341575622559,173.44895935058594,10.083311080932617,90.99716186523438,33.07944107055664,21.409652709960938,2922.949951171875,1.6100000143051147,16.68000030517578
2019-08-23,22.573123931884766,5.425364971160889,49.45587158203125,6.252917289733887,168.11917114257812,9.843888282775879,88.73731231689453,32.307273864746094,20.69229507446289,2847.110107421875,1.527999997138977,19.8700008392334
2019-08-26,22.837486267089844,5.433485507965088,50.0705680847168,6.342629909515381,171.0753631591797,10.037266731262207,89.44874572753906,32.989070892333984,20.781044006347656,2878.3798828125,1.5449999570846558,19.31999969482422
2019-08-27,22.573123931884766,5.409120082855225,49.22435760498047,6.396457195281982,169.72152709960938,9.96359920501709,88.50296020507812,32.68514633178711,20.65162467956543,2869.159912109375,1.4900000095367432,20.309999465942383
2019-08-28,22.89718246459961,5.3766326904296875,49.783172607421875,6.423369884490967,171.73516845703125,9.972806930541992,89.39016723632812,33.169795989990234,20.94744110107422,2887.93994140625,1.465999960899353,19.350000381469727
2019-08-29,23.3065128326416,5.425364971160889,51.0125846862793,6.477197170257568,175.41697692871094,10.037266731262207,91.41568756103516,33.91730499267578,21.254348754882812,2924.580078125,1.5160000324249268,17.8799991607666
2019-08-30,23.46001625061035,5.392876148223877,51.371822357177734,6.504111289978027,175.82228088378906,10.009642601013184,91.95135498046875,34.08159637451172,21.254348754882812,2926.4599609375,1.50600004196167,18.979999542236328
2019-09-03,23.06773567199707,5.3766326904296875,50.629398345947266,6.548967361450195,171.562744140625,10.074102401733398,90.8632583618164,33.67087173461914,21.15081214904785,2906.27001953125,1.465999960899353,19.65999984741211
2019-09-04,23.442960739135742,5.433485507965088,51.315956115722656,6.710448265075684,173.9425506591797,10.221437454223633,91.959716796875,34.11444854736328,21.446626663208008,2937.780029296875,1.4589999914169312,17.329999923706055
2019-09-05,24.138263702392578,5.5553131103515625,52.96049118041992,7.015468597412109,178.52978515625,10.221437454223633,94.05217742919922,34.8866081237793,21.71286392211914,2976.0,1.565000057220459,16.270000457763672
2019-09-06,23.803485870361328,5.579678535461426,52.66511535644531,7.04238224029541,178.66773986816406,10.129354476928711,94.25308227539062,34.648380279541016,21.82749366760254,2978.7099609375,1.5499999523162842,15.0
2019-09-09,24.576051712036133,5.652774333953857,54.91636657714844,7.293575286865234,182.78070068359375,10.101728439331055,96.58824157714844,35.412330627441406,22.263816833496094,2978.429931640625,1.621999979019165,15.270000457763672
2019-09-10,25.194101333618164,5.937037944793701,55.06806182861328,7.4460859298706055,185.9278564453125,10.037266731262207,97.81861877441406,35.79840087890625,22.526351928710938,2979.389892578125,1.7020000219345093,15.199999809265137
2019-09-11,25.288524627685547,5.977647304534912,55.00419235229492,7.437114715576172,186.93675231933594,10.175395965576172,98.08645629882812,36.09412384033203,22.548540115356445,3000.929931640625,1.7330000400543213,14.609999656677246
2019-09-12,25.468786239624023,5.977647304534912,55.32351303100586,7.464026927947998,188.60951232910156,10.129354476928711,98.6890869140625,36.40626907348633,22.408021926879883,3009.570068359375,1.7910000085830688,14.220000267028809
2019-09-13,25.897991180419922,6.310640335083008,56.19367599487305,7.580653190612793,189.60972595214844,10.147771835327148,100.63091278076172,37.09628677368164,22.58551597595215,3007.389892578125,1.902999997138977,13.739999771118164
2019-09-16,25.86365509033203,6.180691242218018,55.74663162231445,7.383286476135254,187.2989044189453,10.203022003173828,99.7353286743164,36.75948715209961,23.343549728393555,2997.9599609375,1.840999960899353,14.670000076293945
2019-09-17,25.700557708740234,6.075108528137207,55.46722412109375,7.347402572631836,186.1693115234375,10.313522338867188,99.24152374267578,36.3159065246582,23.01814842224121,3005.699951171875,1.812000036239624,14.4399995803833
2019-09-18,25.75206184387207,5.977647304534912,55.95418930053711,7.230777740478516,187.17819213867188,10.313522338867188,100.23751831054688,36.43912887573242,22.9072208404541,3006.72998046875,1.7860000133514404,13.949999809265137
2019-09-19,25.59754753112793,6.042620658874512,55.666805267333984,7.239748001098633,185.5829620361328,10.488485336303711,99.91946411132812,36.15984344482422,22.848058700561523,3006.7900390625,1.7740000486373901,14.050000190734863
2019-09-20,25.400114059448242,6.091351509094238,55.363441467285156,7.167978763580322,184.2982177734375,10.479276657104492,99.51771545410156,35.8723258972168,22.866710662841797,2992.070068359375,1.7549999952316284,15.319999694824219
2019-09-23,25.340028762817383,6.010134696960449,55.523101806640625,6.988554954528809,184.0568084716797,10.442441940307617,99.5009536743164,35.78197479248047,22.87417221069336,2991.780029296875,1.7079999446868896,14.90999984741211
2019-09-24,24.842161178588867,5.888306617736816,54.20587158203125,6.800159931182861,179.13331604003906,10.341148376464844,98.20362854003906,34.9441032409668,22.51221466064453,2966.60009765625,1.6349999904632568,17.049999237060547
2019-09-25,25.108259201049805,5.896429061889648,55.387386322021484,6.800159931182861,181.09927368164062,10.28589916229248,98.76441955566406,35.35483169555664,22.549530029296875,2984.8701171875,1.7319999933242798,15.960000038146973
2019-09-26,25.005250930786133,5.937037944793701,55.17184066772461,6.656620979309082,179.53863525390625,10.193812370300293,97.95254516601562,35.009822845458984,22.25473976135254,2977.6201171875,1.684999942779541,16.06999969482422
2019-09-27,25.194101333618164,5.9857683181762695,55.45124053955078,6.782217502593994,180.18531799316406,9.972806930541992,98.5300521850586,35.19054412841797,22.251012802124023,2961.7900390625,1.6749999523162842,17.219999313354492
2019-09-30,25.03959083557129,5.9614033699035645,55.147891998291016,6.728390693664551,178.68495178222656,10.037266731262207,98.50496673583984,35.05088806152344,22.090560913085938,2976.739990234375,1.6749999523162842,16.239999771118164
2019-10-01,24.41295623779297,5.896429061889648,54.405452728271484,6.504111289978027,174.7703399658203,10.000434875488281,96.71379852294922,33.99123764038086,21.5793399810791,2940.25,1.6440000534057617,18.559999465942383
2019-10-02,23.89791488647461,5.7258710861206055,52.896629333496094,6.450284481048584,170.94195556640625,9.83467960357666,94.78873443603516,33.04658126831055,21.04946517944336,2887.610107421875,1.5959999561309814,20.559999465942383
2019-10-03,23.872159957885742,5.709627151489258,53.24788284301758,6.414399147033691,170.071044921875,9.945182800292969,94.65373992919922,33.0629997253418,21.27708625793457,2910.6298828125,1.5360000133514404,19.1200008392334
2019-10-04,24.35287094116211,5.774601459503174,54.429405212402344,6.450284481048584,173.14068603515625,10.175395965576172,96.70391845703125,33.49837112426758,21.411420822143555,2952.010009765625,1.5149999856948853,17.040000915527344
2019-10-07,24.301361083984375,5.733993053436279,54.405452728271484,6.360572338104248,172.79579162597656,10.120145797729492,96.49298858642578,33.416229248046875,21.221113204956055,2938.7900390625,1.5529999732971191,17.860000610351562
2019-10-08,23.7176456451416,5.685262203216553,53.00840377807617,6.208061695098877,170.18312072753906,10.037266731262207,94.3415756225586,32.709781646728516,20.859155654907227,2893.06005859375,1.5369999408721924,20.280000686645508
2019-10-09,23.94083023071289,5.701505184173584,53.83066177368164,6.226004123687744,169.73472595214844,10.110936164855957,95.02496337890625,33.21908187866211,21.04946517944336,2919.39990234375,1.5889999866485596,18.639999389648438
2019-10-10,24.42154312133789,6.018255710601807,54.78065872192383,6.396457195281982,172.3387908935547,10.120145797729492,96.35799407958984,33.72015380859375,21.314401626586914,2938.1298828125,1.6579999923706055,17.56999969482422
2019-10-11,24.8164005279541,6.505563735961914,55.96216583251953,6.692505836486816,176.48623657226562,10.16618824005127,97.986328125,34.443023681640625,21.601728439331055,2970.27001953125,1.7519999742507935,15.579999923706055
2019-10-14,25.013837814331055,6.408102512359619,56.073944091796875,6.773247241973877,177.46920776367188,10.129354476928711,98.24783325195312,34.70589065551758,21.590538024902344,2966.14990234375,1.7330000400543213,14.569999694824219
2019-10-15,25.520292282104492,6.781704902648926,56.856300354003906,6.979584217071533,178.0210418701172,10.018851280212402,101.209228515625,34.935890197753906,21.680091857910156,2995.679931640625,1.7710000276565552,13.539999961853027
2019-10-16,25.897991180419922,6.781704902648926,55.48316192626953,7.033411026000977,178.84878540039062,9.972806930541992,100.97297668457031,35.149471282958984,21.377836227416992,2989.68994140625,1.7480000257492065,13.680000305175781
2019-10-17,25.975252151489258,6.806070804595947,55.56301498413086,7.08723783493042,178.0210418701172,10.037266731262207,101.53826141357422,35.68340301513672,21.392763137817383,2997.949951171875,1.7569999694824219,13.789999961853027
2019-10-18,26.052505493164062,6.887287616729736,55.67477035522461,7.105180740356445,178.07276916503906,10.083311080932617,101.71542358398438,35.864112854003906,21.280818939208984,2986.199951171875,1.746999979019165,14.25
2019-10-21,26.627634048461914,6.919776439666748,57.32728576660156,7.248719215393066,180.42672729492188,10.203022003173828,104.23807525634766,36.94841003417969,21.661436080932617,3006.719970703125,1.7920000553131104,14.0
2019-10-22,26.782146453857422,6.838558197021484,57.526878356933594,7.096209526062012,180.728515625,10.055684089660645,105.28425598144531,37.277000427246094,21.941295623779297,2995.989990234375,1.7680000066757202,14.460000038146973
2019-10-23,26.970991134643555,6.927898406982422,57.83821487426758,7.167978763580322,182.2115936279297,10.028060913085938,105.56267547607422,37.71236038208008,22.124143600463867,3004.52001953125,1.7589999437332153,14.010000228881836
2019-10-24,26.919485092163086,6.879166603088379,57.718475341796875,7.08723783493042,181.97877502441406,10.037266731262207,105.48672485351562,37.589141845703125,22.030847549438477,3010.2900390625,1.7660000324249268,13.710000038146973
2019-10-25,27.228515625,7.057845115661621,58.41301727294922,7.150036811828613,184.7207489013672,9.972806930541992,106.3304214477539,38.09022521972656,22.209962844848633,3022.550048828125,1.8009999990463257,12.649999618530273
2019-10-28,27.331523895263672,7.07409143447876,58.748291015625,7.221806049346924,187.75592041015625,10.018851280212402,106.73540496826172,38.47629165649414,22.08309555053711,3039.419921875,1.8530000448226929,13.109999656677246
2019-10-29,27.52895164489746,7.098455429077148,58.349151611328125,7.1590070724487305,187.66104125976562,9.991226196289062,106.66790771484375,38.468082427978516,22.17265510559082,3036.889892578125,1.8350000381469727,13.199999809265137
2019-10-30,27.142669677734375,7.065968036651611,58.25334930419922,6.602794170379639,186.08311462402344,9.816264152526855,106.07733917236328,38.286014556884766,21.721139907836914,3046.77001953125,1.7979999780654907,12.329999923706055
2019-10-31,26.842233657836914,7.009115695953369,57.36722946166992,6.504111289978027,183.9878387451172,9.816264152526855,105.3939437866211,38.11220932006836,21.627845764160156,3037.56005859375,1.690999984741211,13.220000267028809
2019-11-01,27.29718780517578,7.0416035652160645,59.369232177734375,6.629707336425781,187.4454803466797,9.853096961975098,107.82376098632812,39.17158126831055,22.12040901184082,3066.909912109375,1.7280000448226929,12.300000190734863
2019-11-04,27.812223434448242,7.065968036651611,60.422523498535156,6.87192964553833,189.58384704589844,9.79784870147705,108.684326171875,40.41301727294922,22.840591430664062,3078.27001953125,1.7860000133514404,12.829999923706055
2019-11-05,28.17275619506836,7.057845115661621,60.16522979736328,6.8270745277404785,188.52330017089844,9.788639068603516,108.92057800292969,40.3468017578125,22.87044906616211,3074.6201171875,1.8660000562667847,13.100000381469727
2019-11-06,28.14700698852539,6.992870807647705,59.8355598449707,6.862958908081055,188.33358764648438,9.733386039733887,109.08930969238281,40.18955612182617,22.404006958007812,3076.780029296875,1.8140000104904175,12.619999885559082
2019-11-07,28.524700164794922,7.025358200073242,60.95317840576172,6.961641788482666,192.5327606201172,9.714973449707031,109.67990112304688,40.27231216430664,22.739845275878906,3085.179931640625,1.9259999990463257,12.729999542236328
2019-11-08,28.55044937133789,6.919776439666748,61.2024040222168,6.8450164794921875,192.20513916015625,9.751805305480957,110.00048065185547,40.677860260009766,22.646547317504883,3093.080078125,1.9329999685287476,12.069999694824219
2019-11-11,28.481781005859375,7.139064311981201,60.7843132019043,6.8270745277404785,188.8595733642578,9.853096961975098,109.6124038696289,40.62819290161133,22.51968002319336,3087.010009765625,1.9429999589920044,12.6899995803833
2019-11-12,28.40452003479004,7.147186279296875,60.358184814453125,6.8450164794921875,190.04945373535156,9.770220756530762,108.97120666503906,40.561981201171875,22.404006958007812,3091.840087890625,1.909000039100647,12.680000305175781
2019-11-13,28.14700698852539,7.07409143447876,59.42552185058594,6.53102445602417,189.10963439941406,9.761013984680176,108.39746856689453,40.048858642578125,22.306982040405273,3094.0400390625,1.8700000047683716,13.0
2019-11-14,28.069753646850586,7.090332984924316,59.369232177734375,6.468226432800293,189.20445251464844,9.843888282775879,108.49874877929688,40.230934143066406,22.247282028198242,3096.6298828125,1.815000057220459,13.050000190734863
2019-11-15,28.267183303833008,7.130941867828369,59.81949234008789,6.557938098907471,189.91151428222656,9.899141311645508,109.28336334228516,40.54542922973633,22.418930053710938,3120.4599609375,1.8339999914169312,12.050000190734863
2019-11-18,28.29292869567871,7.139064311981201,59.81949234008789,6.593822956085205,189.46311950683594,9.825472831726074,110.20296478271484,40.57853317260742,22.146528244018555,3122.030029296875,1.8079999685287476,12.460000038146973
2019-11-19,28.275766372680664,7.130941867828369,60.15718078613281,6.593822956085205,189.73043823242188,9.843888282775879,110.16923522949219,40.82683181762695,21.818159103393555,3120.179931640625,1.7860000133514404,12.859999656677246
2019-11-20,28.0611629486084,7.009115695953369,59.42552185058594,6.548967361450195,187.8938446044922,9.751805305480957,109.36772918701172,40.636470794677734,22.038312911987305,3108.4599609375,1.7380000352859497,12.779999732971191
2019-11-21,28.189924240112305,7.025358200073242,59.41749572753906,6.620736598968506,188.16973876953125,9.770220756530762,109.62084197998047,40.421287536621094,22.400272369384766,3103.5400390625,1.7719999551773071,13.130000114440918
2019-11-22,28.481781005859375,7.065968036651611,60.19738006591797,6.602794170379639,189.9373779296875,9.761013984680176,110.34642028808594,40.7606201171875,22.32564353942871,3110.2900390625,1.7740000486373901,12.34000015258789
2019-11-25,28.730716705322266,7.1634297370910645,60.84865188598633,6.620736598968506,192.06710815429688,9.945182800292969,110.9369888305664,41.34823226928711,22.348037719726562,3133.639892578125,1.7640000581741333,11.869999885559082
2019-11-26,28.62770652770996,7.139064311981201,60.671756744384766,6.539996147155762,191.8084716796875,9.982019424438477,111.08885955810547,40.89303207397461,22.14280128479004,3140.52001953125,1.7400000095367432,11.539999961853027
2019-11-27,28.687793731689453,7.269011974334717,60.880802154541016,6.602794170379639,192.23960876464844,10.110936164855957,111.41788482666016,41.19924545288086,22.198772430419922,3153.6298828125,1.7669999599456787,11.75
2019-11-29,28.601957321166992,7.155308246612549,60.398399353027344,6.468226432800293,191.93609619140625,10.13856315612793,111.16476440429688,40.95096206665039,21.97488021850586,3140.97998046875,1.7760000228881836,12.619999885559082
2019-12-02,28.696382522583008,7.090332984924316,59.91597366333008,6.450284481048584,188.7191162109375,10.13856315612793,110.92009735107422,40.61991500854492,21.97488021850586,3113.8701171875,1.8359999656677246,14.90999984741211
2019-12-03,28.189924240112305,7.017237663269043,58.95919418334961,6.333658218383789,184.03668212890625,10.21222972869873,109.4942626953125,39.817115783691406,21.646509170532227,3093.199951171875,1.7089999914169312,15.960000038146973
2019-12-04,28.45602798461914,7.057845115661621,59.68282699584961,6.432341575622559,187.24502563476562,10.276688575744629,111.65411376953125,40.421287536621094,21.97115135192871,3112.760009765625,1.781000018119812,14.800000190734863
2019-12-05,28.55959701538086,7.130941867828369,60.06874084472656,6.441312313079834,188.28558349609375,10.239855766296387,112.26158142089844,40.61164474487305,21.866666793823242,3117.429931640625,1.7970000505447388,14.520000457763672
2019-12-06,29.06018829345703,7.2284040451049805,60.95317840576172,6.477197170257568,194.76292419433594,10.331942558288574,113.93209838867188,41.2158088684082,22.284595489501953,3145.909912109375,1.8420000076293945,13.619999885559082
2019-12-09,28.922096252441406,7.2933783531188965,60.56724166870117,6.468226432800293,192.33499145507812,10.28589916229248,113.40056610107422,41.0502815246582,22.258481979370117,3135.9599609375,1.8289999961853027,15.859999656677246
2019-12-10,28.93935203552246,7.252769470214844,60.929039001464844,6.450284481048584,192.3957061767578,10.21222972869873,113.47648620605469,41.108219146728516,22.303255081176758,3132.52001953125,1.8329999446868896,15.680000305175781
2019-12-11,29.034297943115234,7.285256862640381,60.744102478027344,6.513082027435303,191.79739379882812,10.359565734863281,113.20648193359375,40.926143646240234,22.26593589782715,3141.6298828125,1.7899999618530273,14.989999771118164
2019-12-12,29.931907653808594,7.374597072601318,61.95014953613281,6.791189193725586,196.01158142089844,10.433235168457031,116.4462890625,41.95240020751953,22.676401138305664,3168.570068359375,1.8969999551773071,13.9399995803833
2019-12-13,29.724769592285156,7.910635471343994,61.419490814208984,6.710448265075684,195.10108947753906,10.479276657104492,115.42545318603516,41.579959869384766,22.5047550201416,3168.800048828125,1.819000005722046,12.630000114440918
2019-12-16,29.94917106628418,8.235507011413574,61.83759307861328,6.898843288421631,197.73712158203125,10.694463729858398,115.87258911132812,41.977230072021484,22.807008743286133,3191.449951171875,1.8919999599456787,12.140000343322754
2019-12-17,30.242626190185547,7.967488765716553,62.50492858886719,7.006497383117676,200.433837890625,10.740839958190918,116.58128356933594,42.126197814941406,22.821931838989258,3192.52001953125,1.8890000581741333,12.289999961853027
2019-12-18,30.303035736083984,7.870026111602783,62.649654388427734,6.952670574188232,199.82687377929688,10.7222900390625,116.46316528320312,41.92756271362305,22.907756805419922,3191.139892578125,1.9240000247955322,12.579999923706055
2019-12-19,30.164945602416992,7.764444828033447,62.87478256225586,7.0782670974731445,199.38465881347656,10.740839958190918,115.88102722167969,42.09309768676758,22.900291442871094,3205.3701171875,1.9079999923706055,12.5
2019-12-20,30.173574447631836,7.528911113739014,63.12403869628906,6.970612525939941,198.5088348388672,10.78721809387207,115.7882308959961,41.95240020751953,23.119964599609375,3221.219970703125,1.9170000553131104,12.510000228881836
2019-12-23,30.35482406616211,7.5532755851745605,63.325035095214844,6.880900859832764,198.64759826660156,10.861419677734375,115.75444030761719,41.977230072021484,23.35734748840332,3224.010009765625,1.934999942779541,12.609999656677246
2019-12-24,30.39798355102539,7.618251800537109,63.18834686279297,6.8360443115234375,199.35861206054688,10.88924503326416,116.0750732421875,41.95240020751953,23.34604263305664,3223.3798828125,1.909999966621399,12.670000076293945
2019-12-26,30.656911849975586,7.650739669799805,64.18534088134766,6.87192964553833,200.4859161376953,10.954174995422363,117.30684661865234,42.30000305175781,23.3385066986084,3239.909912109375,1.9049999713897705,12.649999618530273
2019-12-27,30.510177612304688,7.675104141235352,64.05669403076172,6.87192964553833,200.0089569091797,10.917072296142578,117.39122009277344,42.283443450927734,23.240537643432617,3240.02001953125,1.8739999532699585,13.430000305175781
2019-12-30,30.337562561035156,7.650739669799805,63.928070068359375,6.925756454467773,199.2632598876953,10.861419677734375,116.96094512939453,42.17585372924805,23.167194366455078,3221.2900390625,1.8949999809265137,14.819999694824219
2019-12-31,30.39798355102539,7.731956958770752,64.23357391357422,6.979584217071533,199.3759765625,10.89852237701416,117.61058044433594,42.30828094482422,23.299137115478516,3230.780029296875,1.9190000295639038,13.779999732971191
2020-01-02,30.760480880737305,7.9268798828125,65.31099700927734,7.472999095916748,203.18260192871094,11.065478324890137,119.03640747070312,43.069698333740234,23.508689880371094,3257.85009765625,1.8819999694824219,12.470000267028809
2020-01-03,30.12179946899414,7.723834991455078,64.080810546875,7.284604072570801,200.8066864013672,11.00982666015625,117.46556091308594,42.37449645996094,23.438838958740234,3234.85009765625,1.7879999876022339,14.020000457763672
2020-01-06,30.07863426208496,7.707590579986572,63.87981414794922,7.230777740478516,202.8617706298828,10.981999397277832,117.37214660644531,42.22550964355469,23.621227264404297,3246.280029296875,1.8109999895095825,13.850000381469727
2020-01-07,29.88011932373047,7.723834991455078,63.325035095214844,7.4012298583984375,204.19715881347656,10.954174995422363,115.37675476074219,42.14275360107422,23.559133529663086,3237.179931640625,1.8270000219345093,13.789999961853027
2020-01-08,30.182212829589844,7.740077495574951,63.807464599609375,7.688307285308838,206.16549682617188,11.046927452087402,116.27681732177734,42.680702209472656,23.17107391357422,3253.050048828125,1.8739999532699585,13.449999809265137
2020-01-09,30.23398208618164,7.723834991455078,64.38634490966797,7.7241926193237305,210.36227416992188,11.065478324890137,116.70140075683594,43.08625030517578,23.341819763183594,3274.699951171875,1.8580000400543213,12.539999961853027
2020-01-10,29.98369789123535,7.642615795135498,63.71900939941406,7.643452167510986,209.93746948242188,11.084028244018555,115.5381088256836,43.210384368896484,23.209882736206055,3265.35009765625,1.8250000476837158,12.5600004196167
2020-01-13,30.259889602661133,7.650739669799805,64.84466552734375,7.607567310333252,212.62548828125,11.250984191894531,116.49757385253906,43.68213653564453,23.21764373779297,3288.1298828125,1.8480000495910645,12.319999694824219
2020-01-14,30.484289169311523,7.602006912231445,65.85773468017578,7.69727897644043,213.0157012939453,11.34373664855957,117.85616302490234,43.748348236083984,23.221521377563477,3283.14990234375,1.8179999589920044,12.390000343322754
2020-01-15,29.923282623291016,7.496423721313477,65.31901550292969,7.544768810272217,212.62548828125,11.362288475036621,116.09001922607422,43.814552307128906,23.050777435302734,3289.2900390625,1.7879999876022339,12.420000076293945
2020-01-16,29.966434478759766,7.520788669586182,65.12605285644531,7.661393642425537,216.53619384765625,11.45504093170166,116.54004669189453,46.711246490478516,23.089576721191406,3316.81005859375,1.809000015258789,12.319999694824219
2020-01-17,29.95780372619629,7.4070844650268555,65.2225570678711,7.553739547729492,216.31077575683594,11.584895133972168,117.34667205810547,47.59680938720703,22.942119598388672,3329.6201171875,1.8359999656677246,12.100000381469727
2020-01-21,29.56941032409668,7.342108726501465,64.24163818359375,7.419172763824463,213.05038452148438,11.529245376586914,116.19190979003906,46.280887603759766,22.530776977539062,3320.7900390625,1.7690000534057617,12.850000381469727
2020-01-22,29.655717849731445,7.439571857452393,64.4024429321289,7.535797119140625,214.2210235595703,11.492142677307129,116.05604553222656,46.231224060058594,22.313461303710938,3321.75,1.7690000534057617,12.90999984741211
2020-01-23,29.448577880859375,7.325865745544434,64.16123962402344,7.679337501525879,212.94631958007812,11.519968032836914,115.93718719482422,45.9581184387207,22.228086471557617,3325.5400390625,1.7400000095367432,12.979999542236328
2020-01-24,28.94799041748047,7.309621810913086,63.051673889160156,7.688307285308838,209.77272033691406,11.529245376586914,113.0586929321289,45.14703369140625,21.971965789794922,3295.469970703125,1.680999994277954,14.5600004196167
2020-01-27,28.352458953857422,7.17967414855957,61.67679214477539,7.661393642425537,206.4949951171875,11.260261535644531,112.10771179199219,43.955257415771484,21.362714767456055,3243.6298828125,1.6050000190734863,18.229999542236328
2020-01-28,28.68906593322754,7.2446489334106445,62.102909088134766,7.778018951416016,210.34498596191406,11.482869148254395,114.14554595947266,44.70839309692383,21.459728240966797,3276.239990234375,1.6410000324249268,16.280000686645508
2020-01-29,28.490550994873047,7.220283031463623,61.49186706542969,7.867732048034668,208.21188354492188,11.538520812988281,113.97576141357422,44.427001953125,21.23465347290039,3273.39990234375,1.593999981880188,16.389999389648438
2020-01-30,28.896207809448242,7.325865745544434,62.25569534301758,8.343204498291016,211.6890106201172,11.417940139770508,115.38524627685547,44.835205078125,21.4054012298584,3283.659912109375,1.5579999685287476,15.489999771118164
2020-01-31,28.33519744873047,7.147186279296875,60.22421646118164,8.208635330200195,206.15679931640625,11.241708755493164,112.38790130615234,43.53562927246094,20.73793601989746,3225.52001953125,1.5199999809265137,18.84000015258789
2020-02-03,28.456024169921875,7.114699840545654,60.80694580078125,8.03818416595459,207.24935913085938,11.390114784240723,113.2455062866211,43.818870544433594,20.466291427612305,3248.919921875,1.5199999809265137,17.969999313354492
2020-02-04,29.01703643798828,7.204039096832275,61.915748596191406,8.065096855163574,209.7900390625,11.779678344726562,114.87577819824219,45.00180435180664,20.540027618408203,3297.590087890625,1.6030000448226929,16.049999237060547
2020-02-05,29.95780372619629,7.2933783531188965,63.817752838134766,8.172751426696777,211.83644104003906,11.928082466125488,116.82875061035156,45.80988693237305,21.31226348876953,3334.68994140625,1.6490000486373901,15.149999618530273
2020-02-06,29.923282623291016,7.374597072601318,63.914859771728516,9.303121566772461,209.68597412109375,11.96518611907959,116.84573364257812,45.8265380859375,21.094955444335938,3345.780029296875,1.6440000534057617,14.960000038146973
2020-02-07,29.87149429321289,7.3664751052856445,63.68825149536133,9.339005470275879,206.37359619140625,11.835332870483398,116.47211456298828,45.843196868896484,20.94748878479004,3327.7099609375,1.5779999494552612,15.470000267028809
2020-02-10,29.94054412841797,7.390841007232666,63.518287658691406,9.24032211303711,205.81863403320312,11.872431755065918,116.95608520507812,46.109779357910156,20.842716217041016,3352.090087890625,1.5470000505447388,15.039999961853027
2020-02-11,30.00958824157715,7.488302707672119,64.01197814941406,9.419746398925781,205.0382080078125,12.178518295288086,117.17687225341797,46.46799087524414,21.07554817199707,3357.75,1.590000033378601,15.180000305175781
2020-02-12,30.139049530029297,7.480180740356445,64.20623779296875,9.73373794555664,206.93724060058594,12.447503089904785,117.17687225341797,46.80121612548828,21.35883331298828,3379.449951171875,1.6299999952316284,13.739999771118164
2020-02-13,30.130420684814453,7.431448459625244,63.939144134521484,9.886247634887695,206.6771240234375,12.382575988769531,117.07498168945312,46.59294128417969,21.292863845825195,3373.93994140625,1.6169999837875366,14.149999618530273
2020-02-14,30.07863426208496,7.374597072601318,63.76917266845703,9.904191017150879,205.5758819580078,12.373299598693848,116.71834564208984,46.517982482910156,21.180326461791992,3380.159912109375,1.5880000591278076,13.680000305175781
2020-02-18,29.578041076660156,7.374597072601318,62.78987121582031,9.608141899108887,202.22010803222656,12.419677734375,115.1729965209961,46.251399993896484,21.005701065063477,3370.2900390625,1.555999994277954,14.829999923706055
2020-02-19,29.966434478759766,7.374597072601318,63.17026901245117,9.572257995605469,205.79261779785156,13.115327835083008,116.74384307861328,46.909515380859375,21.285099029541016,3386.14990234375,1.5700000524520874,14.380000114440918
2020-02-20,30.07863426208496,7.569518566131592,63.30784606933594,9.572257995605469,201.80389404296875,13.208081245422363,116.74384307861328,44.77688217163086,21.26181983947754,3373.22998046875,1.524999976158142,15.5600004196167
2020-02-21,29.655717849731445,7.528911113739014,61.867191314697266,9.186495780944824,199.97430419921875,13.087501525878906,115.31732940673828,43.66891860961914,21.009578704833984,3337.75,1.4709999561309814,17.079999923706055
2020-02-24,28.248886108398438,7.0416035652160645,58.70261764526367,8.648225784301758,194.70220947265625,12.623734474182129,112.21810150146484,41.38633346557617,20.0394287109375,3225.889892578125,1.3769999742507935,25.030000686645508
2020-02-25,26.82478904724121,6.871045112609863,56.1936149597168,8.370118141174316,188.69314575195312,12.280546188354492,107.20834350585938,40.01179122924805,19.154647827148438,3128.2099609375,1.3300000429153442,27.850000381469727
2020-02-26,26.436403274536133,6.838558197021484,55.18191146850586,8.477770805358887,187.1062774658203,12.113590240478516,107.53101348876953,39.35368728637695,18.576448440551758,3116.389892578125,1.309999942779541,27.559999465942383
2020-02-27,25.141765594482422,6.612517356872559,52.16301345825195,8.05612564086914,178.3571014404297,11.649824142456055,103.05622100830078,37.82917404174805,17.583005905151367,2978.760009765625,1.2990000247955322,39.15999984741211
2020-02-28,24.598018646240234,6.4944376945495605,51.36174774169922,7.8228759765625,175.1553192138672,11.649824142456055,98.58989715576172,37.512611389160156,17.567487716674805,2954.219970703125,1.1269999742507935,40.11000061035156
2020-03-02,25.34891128540039,6.3341851234436035,54.70438766479492,7.706250190734863,182.745361328125,11.770402908325195,103.18357849121094,38.72054672241211,18.277633666992188,3090.22998046875,1.0880000591278076,33.41999816894531
2020-03-03,23.95070457458496,6.005245685577393,52.64863204956055,7.302546977996826,177.47593688964844,11.863155364990234,99.31165313720703,36.98779296875,17.718828201293945,3003.3701171875,1.0099999904632568,36.81999969482422
2020-03-04,24.50308609008789,6.072720527648926,54.542518615722656,7.356374263763428,182.10850524902344,12.317646980285645,101.76557159423828,37.68755340576172,18.137935638427734,3130.1201171875,0.9919999837875366,31.989999771118164
2020-03-05,23.26099395751953,5.811256408691406,51.38603591918945,6.952670574188232,173.4279022216797,12.18779182434082,96.77281951904297,35.479957580566406,17.47435188293457,3023.93994140625,0.9259999990463257,39.619998931884766
2020-03-06,22.331594467163086,5.684741020202637,49.59736633300781,6.809131622314453,168.2457733154297,11.816780090332031,91.77155303955078,34.85516357421875,16.492557525634766,2972.3701171875,0.7059999704360962,41.939998626708984
2020-03-09,19.048303604125977,5.077469825744629,41.57663345336914,5.9389262199401855,150.7624969482422,10.481130599975586,79.34064483642578,31.239688873291016,13.170763969421387,2746.56005859375,0.49900001287460327,54.459999084472656
2020-03-10,20.507539749145508,5.212419033050537,44.98402404785156,6.243946552276611,160.83016967773438,10.7222900390625,85.50516510009766,32.90579605102539,13.795541763305664,2882.22998046875,0.7480000257492065,47.29999923706055
2020-03-11,19.69106101989746,4.950954437255859,41.107208251953125,5.840243339538574,149.95986938476562,10.063739776611328,81.48040008544922,30.71485710144043,13.065985679626465,2741.3798828125,0.8199999928474426,53.900001525878906
2020-03-12,17.814897537231445,4.217166900634766,35.012752532958984,4.961066722869873,131.45591735839844,8.774470329284668,74.76393127441406,26.083053588867188,11.436132431030273,2480.639892578125,0.8489999771118164,75.47000122070312
2020-03-13,20.985273361206055,4.554540157318115,41.30954360961914,5.355798244476318,154.5662384033203,9.238237380981445,88.23080444335938,31.239688873291016,12.491657257080078,2711.02001953125,0.9509999752044678,57.83000183105469
2020-03-16,17.754098892211914,3.559288740158081,33.33738708496094,4.916211128234863,134.92811584472656,8.143746376037598,75.02717590332031,26.366294860839844,10.791954040527344,2386.1298828125,0.7279999852180481,82.69000244140625
2020-03-17,19.091733932495117,3.5845916271209717,32.57659912109375,5.19431734085083,138.42654418945312,8.783745765686035,79.61235809326172,28.149044036865234,10.865686416625977,2529.18994140625,0.996999979019165,75.91000366210938
2020-03-18,18.058101654052734,3.264087438583374,29.48485565185547,4.987980365753174,122.15592956542969,7.884037494659424,71.23165130615234,25.616540908813477,9.305682182312012,2398.10009765625,1.2660000324249268,76.44999694824219
2020-03-19,18.414230346679688,3.3146932125091553,32.0828857421875,5.257115840911865,130.417724609375,8.069543838500977,72.42888641357422,25.758163452148438,9.938222885131836,2409.389892578125,1.11899995803833,72.0
2020-03-20,17.085275650024414,3.3821680545806885,30.80410385131836,5.1674041748046875,120.75135040283203,8.06026840209961,70.90050506591797,24.716838836669922,10.035237312316895,2304.919921875,0.9380000233650208,66.04000091552734
2020-03-23,15.704206466674805,3.238784074783325,28.64312171936035,5.239173889160156,117.75022888183594,7.726356506347656,67.10498809814453,23.1673526763916,9.351249694824219,2237.39990234375,0.7639999985694885,61.59000015258789
2020-03-24,18.266565322875977,3.727975845336914,32.908416748046875,5.903041362762451,134.00335693359375,8.607512474060059,75.08659362792969,27.674198150634766,10.850942611694336,2447.330078125,0.8159999847412109,61.66999816894531
2020-03-25,18.32737159729004,4.141257286071777,33.8796501159668,6.172177314758301,135.33816528320312,9.034177780151367,77.888671875,28.315654754638672,11.362739562988281,2475.56005859375,0.8579999804496765,63.95000076293945
2020-03-26,19.7344913482666,4.360550880432129,37.246578216552734,6.270860195159912,144.63812255859375,9.368091583251953,83.31446075439453,29.748512268066406,12.057043075561523,2630.070068359375,0.8109999895095825,61.0
2020-03-27,18.76166534423828,4.0653486251831055,35.449806213378906,5.804358005523682,138.13861083984375,8.802297592163086,77.37918853759766,28.33231544494629,11.239750862121582,2541.469970703125,0.7490000128746033,65.54000091552734
2020-03-30,19.143850326538086,3.9219648838043213,35.676422119140625,5.840243339538574,139.25531005859375,8.876497268676758,79.39157104492188,29.02375030517578,11.354805946350098,2626.64990234375,0.6700000166893005,57.08000183105469
2020-03-31,18.44028663635254,3.820753574371338,34.090087890625,5.759502410888672,134.8670654296875,8.857949256896973,76.4451904296875,28.323976516723633,11.529374122619629,2584.590087890625,0.6980000138282776,53.540000915527344
2020-04-01,17.172138214111328,3.415905475616455,31.168315887451172,5.346827983856201,126.75357055664062,8.52403450012207,71.63072967529297,26.341304779052734,10.958063125610352,2470.5,0.6349999904632568,57.060001373291016
2020-04-02,17.867013931274414,3.3821680545806885,31.751039505004883,5.4006547927856445,130.8015594482422,8.598237991333008,74.305419921875,28.240680694580078,11.96182632446289,2526.89990234375,0.6269999742507935,50.90999984741211
2020-04-03,17.397977828979492,3.2809557914733887,30.3427734375,5.293001174926758,128.18434143066406,8.533310890197754,72.10911560058594,28.199026107788086,11.834866523742676,2488.64990234375,0.5870000123977661,46.79999923706055
2020-04-06,18.579261779785156,3.567723274230957,33.28073501586914,5.7236175537109375,138.04263305664062,9.108382225036621,76.75054168701172,30.831478118896484,12.461722373962402,2663.679931640625,0.6759999990463257,45.2400016784668
2020-04-07,19.230710983276367,3.820753574371338,33.38595199584961,5.9568681716918945,144.8387908935547,9.284612655639648,77.76288604736328,30.77316665649414,12.7275390625,2659.409912109375,0.7360000014305115,46.70000076293945
2020-04-08,20.36857032775879,3.8544912338256836,35.82210159301758,5.867156505584717,154.38307189941406,9.553597450256348,80.90291595458984,32.79750061035156,13.576573371887207,2749.97998046875,0.7639999985694885,43.349998474121094
2020-04-09,21.593290328979492,4.115955352783203,38.37158203125,6.0017242431640625,160.7516632080078,9.748379707336426,88.16101837158203,34.2220344543457,13.453581809997559,2789.820068359375,0.7289999723434448,41.66999816894531
2020-04-13,20.77680778503418,3.9810051918029785,37.780757904052734,5.84921407699585,156.31980895996094,9.674176216125488,84.24028015136719,32.97245407104492,13.40993881225586,2761.6298828125,0.7490000128746033,41.16999816894531
2020-04-14,20.611772537231445,3.955703020095825,36.760963439941406,6.145263671875,155.4910125732422,9.831857681274414,81.93243408203125,33.20570755004883,13.346458435058594,2846.06005859375,0.7519999742507935,37.7599983215332
2020-04-15,19.274141311645508,3.6520659923553467,34.68901062011719,5.589049339294434,155.74400329589844,9.516495704650879,77.89156341552734,31.98944854736328,12.719606399536133,2783.360107421875,0.6380000114440918,40.84000015258789
2020-04-16,18.60531997680664,3.6267640590667725,32.79512023925781,5.580078125,154.4528350830078,9.497945785522461,74.92313385009766,31.95611572265625,12.176065444946289,2799.550048828125,0.609000027179718,40.11000061035156
2020-04-17,20.220909118652344,3.8376221656799316,36.785247802734375,5.867156505584717,160.07994079589844,9.75765609741211,81.65788269042969,32.56423568725586,13.469453811645508,2874.56005859375,0.6539999842643738,38.150001525878906
2020-04-20,19.54340362548828,3.744844675064087,35.61976623535156,5.678761005401611,157.38412475585938,9.627801895141602,78.68086242675781,31.95611572265625,13.048900604248047,2823.159912109375,0.6259999871253967,43.83000183105469
2020-04-21,18.796405792236328,3.593026638031006,33.64494705200195,5.454481601715088,151.63494873046875,9.293888092041016,76.39876556396484,30.781511306762695,12.818793296813965,2736.56005859375,0.5709999799728394,45.40999984741211
2020-04-22,18.935382843017578,3.6014606952667236,34.18720626831055,5.46345329284668,153.528076171875,9.525772094726562,76.6475830078125,31.497943878173828,13.27504825592041,2799.31005859375,0.6190000176429749,41.97999954223633
2020-04-23,18.996183395385742,3.702672243118286,34.36526870727539,5.544193744659424,152.71676635742188,9.562872886657715,76.69047546386719,31.21470069885254,13.703532218933105,2797.800048828125,0.6129999756813049,41.380001068115234
2020-04-24,19.265451431274414,3.727975845336914,34.88326644897461,5.337856292724609,154.4178924560547,9.451568603515625,77.82293701171875,31.6312255859375,13.735268592834473,2836.739990234375,0.5960000157356262,35.93000030517578
2020-04-27,20.385936737060547,3.820753574371338,37.683631896972656,6.0017242431640625,160.12355041503906,9.655627250671387,81.1774673461914,32.747520446777344,14.032825469970703,2878.47998046875,0.656000018119812,33.290000915527344
2020-04-28,20.75074577331543,4.107520580291748,38.20970916748047,6.145263671875,163.15081787109375,9.850407600402832,81.75226593017578,33.43062973022461,14.354191780090332,2863.389892578125,0.6100000143051147,33.56999969482422
2020-04-29,21.523799896240234,4.655751705169678,40.67824935913086,6.880900859832764,165.78555297851562,10.258523941040039,83.95714569091797,34.27942657470703,15.417466163635254,2939.510009765625,0.6269999742507935,31.229999542236328
2020-04-30,20.889724731445312,4.46176290512085,39.302337646484375,6.647649765014648,160.01885986328125,9.980263710021973,82.15547943115234,33.13648986816406,15.076263427734375,2912.429931640625,0.621999979019165,34.150001525878906
2020-05-01,20.047189712524414,4.326813220977783,37.23293685913086,6.414399147033691,154.50518798828125,9.637076377868652,80.0020751953125,32.27090072631836,14.223264694213867,2830.7099609375,0.6420000195503235,37.189998626708984
2020-05-04,19.91689682006836,4.217166900634766,36.90576171875,6.324687480926514,153.57168579101562,9.692728042602539,79.0498046875,32.010372161865234,14.715228080749512,2842.739990234375,0.6370000243186951,35.970001220703125
2020-05-05,19.682374954223633,4.242469787597656,35.94875717163086,6.252917289733887,155.5520782470703,9.785483360290527,78.92965698242188,31.917932510375977,14.727130889892578,2868.43994140625,0.6570000052452087,33.61000061035156
2020-05-06,19.41311264038086,4.158126354217529,35.130821228027344,6.100407123565674,154.34812927246094,9.887510299682617,77.4454345703125,31.346471786499023,14.342286109924316,2848.419921875,0.7110000252723694,34.119998931884766
2020-05-07,19.838727951049805,4.318378925323486,36.51314926147461,6.270860195159912,159.05921936035156,9.998812675476074,78.25192260742188,32.615455627441406,14.715228080749512,2881.18994140625,0.6309999823570251,31.440000534057617
2020-05-08,20.472801208496094,4.444894313812256,37.88729476928711,6.396457195281982,161.7375030517578,10.323451042175293,79.53022003173828,33.6827507019043,15.385727882385254,2929.800048828125,0.6819999814033508,27.979999542236328
2020-05-11,19.612892150878906,4.267772674560547,36.04691696166992,6.217033386230469,159.79205322265625,10.369829177856445,77.18807220458984,33.472652435302734,15.11593246459961,2930.18994140625,0.7260000109672546,27.56999969482422
2020-05-12,18.996183395385742,4.1328229904174805,34.64004898071289,6.199090957641602,154.60118103027344,10.286349296569824,74.66576385498047,32.28770065307617,14.850120544433594,2870.1201171875,0.6779999732971191,33.040000915527344
2020-05-13,18.12759017944336,3.972572088241577,33.2086296081543,5.920983791351318,149.88137817382812,9.998812675476074,72.09196472167969,31.085947036743164,14.17565631866455,2820.0,0.6489999890327454,35.279998779296875
2020-05-14,18.857213973999023,4.014743328094482,34.402835845947266,5.974810600280762,152.19326782226562,10.073015213012695,75.08612823486328,31.775066375732422,14.334355354309082,2852.5,0.6190000176429749,32.61000061035156
2020-05-15,18.622692108154297,3.972572088241577,34.2883186340332,5.777444362640381,149.94239807128906,10.008088111877441,73.6962890625,31.338064193725586,14.278806686401367,2863.699951171875,0.6399999856948853,31.889999389648438
2020-05-18,19.91689682006836,4.360550880432129,37.35561752319336,6.396457195281982,158.67535400390625,10.573884963989258,77.5998764038086,33.85082244873047,15.445234298706055,2953.909912109375,0.7440000176429749,29.299999237060547
2020-05-19,19.2915096282959,4.2256011962890625,36.34136962890625,6.333658218383789,155.14202880859375,10.527508735656738,76.07275390625,33.05245590209961,15.01278305053711,2922.93994140625,0.7110000252723694,30.530000686645508
2020-05-20,19.899524688720703,4.360550880432129,37.192039489746094,6.737361907958984,158.2914581298828,10.703741073608398,78.35485076904297,34.506324768066406,15.61186695098877,2971.610107421875,0.6800000071525574,27.989999771118164
2020-05-21,19.890840530395508,4.267772674560547,36.80760955810547,6.602794170379639,157.12245178222656,10.638813018798828,77.35966491699219,33.86763000488281,15.361919403076172,2948.510009765625,0.6769999861717224,29.530000686645508
2020-05-22,19.682374954223633,4.242469787597656,36.07145309448242,6.566909313201904,156.97412109375,10.50895881652832,76.75909423828125,33.724769592285156,15.26669979095459,2955.449951171875,0.6570000052452087,28.15999984741211
2020-05-26,21.089500427246094,4.588277816772461,39.40049743652344,7.365344524383545,171.04620361328125,10.89852237701416,82.20696258544922,36.716552734375,15.691213607788086,2991.77001953125,0.6980000138282776,28.010000228881836
2020-05-27,22.566116333007812,4.917216777801514,42.74589920043945,7.786991119384766,182.91111755371094,10.991276741027832,86.96849822998047,39.38057327270508,15.893556594848633,3036.1298828125,0.6800000071525574,27.6200008392334
2020-05-28,21.593290328979492,4.97625732421875,40.21026611328125,7.6344804763793945,175.54786682128906,10.852144241333008,85.67301940917969,37.313232421875,15.449200630187988,3029.72998046875,0.7049999833106995,28.59000015258789
2020-05-29,20.950531005859375,4.773833274841309,39.187835693359375,7.535797119140625,172.492919921875,11.056203842163086,83.48529052734375,37.145145416259766,15.377788543701172,3044.31005859375,0.6480000019073486,27.510000228881836
2020-06-01,21.376136779785156,5.052165985107422,40.44746017456055,7.795961856842041,175.5127716064453,11.260261535644531,84.59201049804688,37.565330505371094,15.647571563720703,3055.72998046875,0.6620000004768372,28.229999542236328
2020-06-02,21.575918197631836,5.018428802490234,41.58441925048828,7.98435640335083,179.20860290527344,11.35301399230957,84.8751449584961,38.30488204956055,16.08399200439453,3080.820068359375,0.6800000071525574,26.84000015258789
2020-06-03,22.574800491333008,5.288327693939209,43.6292724609375,8.271435737609863,184.85333251953125,11.482869148254395,89.45649719238281,39.42259216308594,16.55611228942871,3122.8701171875,0.7609999775886536,25.65999984741211
2020-06-04,23.423213958740234,5.254589557647705,45.518733978271484,8.513656616210938,188.58433532714844,11.473591804504395,91.3182144165039,40.91847229003906,16.56008529663086,3112.35009765625,0.8199999928474426,25.809999465942383
2020-06-05,24.586503982543945,5.5666608810424805,48.144344329833984,8.693079948425293,191.30567932128906,11.677650451660156,95.42768859863281,41.62440872192383,17.789989471435547,3193.929931640625,0.9039999842643738,24.520000457763672
2020-06-08,24.962604522705078,5.667872905731201,50.091060638427734,9.15061092376709,193.8426971435547,12.020837783813477,97.33230590820312,42.14545822143555,18.591413497924805,3232.389892578125,0.8840000033378601,25.809999465942383
2020-06-09,24.682714462280273,5.423276901245117,48.6678352355957,8.80970573425293,191.46371459960938,11.807504653930664,94.83572387695312,42.35554885864258,17.893146514892578,3207.179931640625,0.8289999961853027,27.56999969482422
2020-06-10,23.265777587890625,5.254589557647705,45.69049835205078,8.773820877075195,187.44302368164062,11.742578506469727,90.99217987060547,40.91847229003906,17.012372970581055,3190.139892578125,0.7480000257492065,27.56999969482422
2020-06-11,20.930450439453125,4.756964206695557,39.58043670654297,8.074069023132324,170.42112731933594,10.954174995422363,83.39949798583984,37.45608139038086,15.409528732299805,3002.10009765625,0.652999997138977,40.790000915527344
2020-06-12,21.67391014099121,4.993125915527344,42.73772430419922,8.423945426940918,177.13685607910156,11.204607009887695,85.68160247802734,38.89313888549805,15.798338890075684,3041.31005859375,0.6990000009536743,36.09000015258789
2020-06-15,21.997526168823242,4.97625732421875,43.334815979003906,8.49571418762207,181.11358642578125,11.421674728393555,86.86553955078125,39.834381103515625,15.845947265625,3066.590087890625,0.7020000219345093,34.400001525878906
2020-06-16,22.56605339050293,5.1618123054504395,44.53719711303711,8.567483901977539,183.99307250976562,11.58936882019043,87.56046295166016,40.809234619140625,16.302202224731445,3124.739990234375,0.7559999823570251,33.66999816894531
2020-06-17,21.8663330078125,4.967822074890137,43.35118103027344,8.37908935546875,181.0082550048828,11.356463432312012,85.3470230102539,40.13691711425781,15.746761322021484,3113.489990234375,0.7329999804496765,33.470001220703125
2020-06-18,21.901321411132812,4.9087815284729,43.383907318115234,8.289376258850098,178.9452667236328,11.440308570861816,84.88370513916016,39.98565673828125,15.941169738769531,3115.340087890625,0.6940000057220459,32.939998626708984
2020-06-19,22.084993362426758,4.765398979187012,43.28575134277344,8.271435737609863,177.00521850585938,11.449623107910156,83.91425323486328,39.43940353393555,15.699151039123535,3097.739990234375,0.6970000267028809,35.119998931884766
2020-06-22,21.533964157104492,4.824438095092773,42.58230972290039,8.388059616088867,178.5765838623047,11.552102088928223,83.00485229492188,39.81757354736328,15.771882057189941,3117.860107421875,0.7039999961853027,31.770000457763672
2020-06-23,21.68265151977539,4.8581767082214355,43.310279846191406,8.567483901977539,179.77047729492188,11.691845893859863,84.01720428466797,40.24617385864258,15.787959098815918,3131.2900390625,0.7089999914169312,31.3700008392334
2020-06-24,20.825489044189453,4.638883590698242,41.55987548828125,8.181723594665527,173.83602905273438,11.505520820617676,81.21177673339844,39.45621109008789,14.911965370178223,3050.330078125,0.6840000152587891,33.84000015258789
2020-06-25,21.621427536010742,4.765398979187012,43.08943557739258,8.58542537689209,181.80712890625,11.496204376220703,84.04293823242188,41.00252151489258,15.197264671325684,3083.760009765625,0.6740000247955322,32.220001220703125
2020-06-26,20.24822235107422,4.5376715660095215,40.553802490234375,8.074069023132324,166.08441162109375,11.18877124786377,79.43585968017578,39.54023742675781,14.670862197875977,3009.050048828125,0.6359999775886536,34.72999954223633
2020-06-29,20.4581356048584,4.731661319732666,41.134544372558594,8.486742973327637,169.84173583984375,11.552102088928223,79.78761291503906,39.69993209838867,14.867757797241211,3053.239990234375,0.6359999775886536,31.780000686645508
2020-06-30,20.773014068603516,4.773833274841309,41.79708480834961,8.540571212768555,173.4849090576172,11.663899421691895,80.69701385498047,40.59074020385742,15.209317207336426,3100.2900390625,0.652999997138977,30.43000030517578
2020-07-01,20.344436645507812,4.740096092224121,41.183616638183594,8.361146926879883,173.4410400390625,11.812956809997559,80.01066589355469,40.010868072509766,14.839632987976074,3115.860107421875,0.6819999814033508,28.6200008392334
2020-07-02,20.370677947998047,4.891913890838623,41.34720993041992,8.549541473388672,173.29173278808594,11.980647087097168,80.27056884765625,40.162132263183594,15.004383087158203,3130.010009765625,0.6690000295639038,27.68000030517578
2020-07-06,20.694303512573242,4.917216777801514,42.508697509765625,8.926331520080566,182.035400390625,12.44645881652832,82.29766845703125,41.027740478515625,15.048590660095215,3179.719970703125,0.6840000152587891,27.940000534057617
2020-07-07,20.12577247619629,4.765398979187012,41.159080505371094,8.80970573425293,175.01235961914062,12.39987850189209,79.97602844238281,39.91001892089844,14.570408821105957,3145.320068359375,0.6499999761581421,29.43000030517578
2020-07-08,20.204496383666992,4.866610527038574,41.61713790893555,8.971187591552734,177.54945373535156,12.809791564941406,80.8249740600586,41.10336685180664,14.558348655700684,3169.93994140625,0.652999997138977,28.079999923706055
2020-07-09,19.915857315063477,4.7232279777526855,40.44746017456055,8.719995498657227,172.79136657714844,12.651416778564453,79.0750732421875,39.926822662353516,13.839073181152344,3152.050048828125,0.6050000190734863,29.260000228881836
2020-07-10,21.009174346923828,5.069035053253174,43.06489562988281,9.06089973449707,180.45516967773438,12.632782936096191,83.39785766601562,41.851314544677734,14.28109073638916,3185.0400390625,0.6330000162124634,27.290000915527344
2020-07-13,21.157865524291992,4.984691143035889,42.69681930541992,8.728964805603027,183.36968994140625,12.483724594116211,84.5933609008789,42.20427322387695,14.204739570617676,3155.219970703125,0.6399999856948853,32.189998626708984
2020-07-14,21.1141300201416,5.043731689453125,41.02002716064453,8.989130020141602,187.8731689453125,12.83774185180664,85.0784683227539,42.43959426879883,14.703011512756348,3197.52001953125,0.6150000095367432,29.520000457763672
2020-07-15,21.516477584838867,5.128075122833252,42.402366638183594,9.141639709472656,190.4102325439453,13.126543045043945,86.39524841308594,43.1539192199707,15.020454406738281,3226.56005859375,0.6299999952316284,27.760000228881836
2020-07-16,20.930450439453125,4.97625732421875,42.09153366088867,9.007072448730469,188.45263671875,13.024063110351562,86.63780212402344,44.23802185058594,14.95214557647705,3215.570068359375,0.6119999885559082,28.0
2020-07-17,20.309452056884766,4.875045299530029,41.077293395996094,8.944273948669434,185.59071350097656,13.238338470458984,85.03517150878906,44.04472351074219,14.743189811706543,3224.72998046875,0.628000020980835,25.68000030517578
2020-07-20,20.624326705932617,4.917216777801514,41.011844635009766,9.132668495178223,185.85411071777344,13.480559349060059,84.29015350341797,43.582515716552734,14.498078346252441,3251.840087890625,0.6200000047683716,24.459999084472656
2020-07-21,21.359031677246094,4.95938777923584,42.31238555908203,8.737936019897461,186.12625122070312,13.545771598815918,86.1180419921875,44.01951599121094,15.374070167541504,3257.300048828125,0.6069999933242798,24.84000015258789
2020-07-22,21.2628173828125,5.001559734344482,42.255126953125,8.818676948547363,180.84146118164062,13.657567024230957,85.49429321289062,42.859779357910156,15.18520736694336,3276.02001953125,0.5950000286102295,24.31999969482422
2020-07-23,21.463991165161133,4.934085845947266,42.59866714477539,8.630281448364258,178.2254180908203,13.694831848144531,85.74553680419922,42.49001693725586,15.157082557678223,3235.659912109375,0.5820000171661377,26.079999923706055
2020-07-24,21.297807693481445,4.8581767082214355,42.263309478759766,8.62131118774414,176.86471557617188,13.443294525146484,85.13912200927734,42.17066955566406,15.072694778442383,3215.6298828125,0.5889999866485596,25.84000015258789
2020-07-27,21.1141300201416,4.799137115478516,41.95249557495117,8.567483901977539,178.2254180908203,13.713464736938477,83.9436264038086,43.12870407104492,15.088767051696777,3239.409912109375,0.609000027179718,24.739999771118164
2020-07-28,21.30655288696289,4.8581767082214355,41.936126708984375,8.477770805358887,176.99636840820312,13.368762016296387,84.30748748779297,42.237884521484375,14.831598281860352,3218.43994140625,0.5809999704360962,25.440000534057617
2020-07-29,22.10248374938965,4.647317886352539,42.95856475830078,8.271435737609863,177.83917236328125,13.443294525146484,86.35192108154297,42.51523208618164,15.141005516052246,3258.43994140625,0.5789999961853027,24.100000381469727
2020-07-30,21.72638511657715,4.453328609466553,41.60895919799805,8.074069023132324,175.16162109375,13.508506774902344,84.04759216308594,41.4235725402832,14.546298027038574,3246.219970703125,0.5410000085830688,24.760000228881836
2020-07-31,21.761375427246094,4.419590473175049,41.31977081298828,8.002300262451172,173.7833709716797,13.415345191955566,83.71839904785156,41.36433410644531,14.477987289428711,3271.1201171875,0.5360000133514404,24.459999084472656
2020-08-03,21.85758399963379,4.5376715660095215,41.63373565673828,8.271435737609863,175.03872680664062,13.741412162780762,83.2506103515625,41.855140686035156,14.530223846435547,3294.610107421875,0.5630000233650208,24.280000686645508
2020-08-04,21.87507438659668,4.605146408081055,41.427181243896484,8.298348426818848,177.01393127441406,14.16064167022705,82.77416229248047,41.68589782714844,14.883834838867188,3306.510009765625,0.5149999856948853,23.760000228881836
2020-08-05,22.20744514465332,4.706358909606934,42.1707878112793,8.37908935546875,179.54220581054688,14.52397346496582,84.21218872070312,42.11749267578125,15.040550231933594,3327.77001953125,0.5429999828338623,22.989999771118164
2020-08-06,22.277420043945312,4.672621250152588,42.046852111816406,8.271435737609863,179.30520629882812,14.579872131347656,84.23817443847656,41.8466911315918,14.920002937316895,3349.159912109375,0.5360000133514404,22.649999618530273
2020-08-07,22.837196350097656,4.672621250152588,43.06312561035156,8.271435737609863,182.83421325683594,14.794143676757812,86.09204864501953,42.60830307006836,14.940089225769043,3351.280029296875,0.5619999766349792,22.209999084472656
2020-08-10,23.230791091918945,4.706358909606934,43.67451858520508,8.450859069824219,183.8086700439453,14.850040435791016,87.18354034423828,42.802947998046875,15.40219783782959,3360.469970703125,0.5740000009536743,22.1299991607666
2020-08-11,23.545663833618164,4.849742412567139,44.418128967285156,8.576456069946289,185.28347778320312,14.607819557189941,89.93836975097656,43.81843185424805,15.349959373474121,3333.68994140625,0.6579999923706055,24.030000686645508
2020-08-12,23.379484176635742,4.841307163238525,44.07938766479492,8.71102237701416,186.2228240966797,14.859357833862305,89.17603302001953,44.3261833190918,15.50265884399414,3380.35009765625,0.6700000166893005,22.280000686645508
2020-08-13,23.04711151123047,4.740096092224121,43.69931411743164,8.567483901977539,182.93954467773438,15.110895156860352,88.68224334716797,44.15693664550781,15.20128059387207,3373.429931640625,0.7160000205039978,22.1299991607666
2020-08-14,23.152069091796875,4.765398979187012,43.73236083984375,8.540571212768555,182.57086181640625,14.999101638793945,88.71688842773438,44.25848388671875,15.345941543579102,3372.85009765625,0.7089999914169312,22.049999237060547
2020-08-17,22.653522491455078,4.731661319732666,42.484764099121094,8.486742973327637,178.26934814453125,15.176108360290527,86.3779067993164,43.39531326293945,15.257535934448242,3381.989990234375,0.6830000281333923,21.350000381469727
2020-08-18,22.329898834228516,4.765398979187012,41.59242630004883,8.432915687561035,176.72425842285156,15.23200798034668,85.17377471923828,43.090667724609375,15.06466007232666,3389.780029296875,0.6690000295639038,21.510000228881836
2020-08-19,22.30365753173828,4.782267093658447,41.551109313964844,8.558512687683105,178.2254180908203,15.28790283203125,85.37299346923828,43.47148513793945,14.891868591308594,3374.85009765625,0.675000011920929,22.540000915527344
2020-08-20,21.953800201416016,4.740096092224121,40.96449279785156,8.37908935546875,177.19830322265625,15.185423851013184,84.35079956054688,42.98911666870117,14.570408821105957,3385.510009765625,0.6439999938011169,22.719999313354492
2020-08-21,21.848838806152344,4.731661319732666,40.733150482177734,8.235549926757812,177.7074432373047,15.176108360290527,84.30748748779297,43.242984771728516,14.477987289428711,3397.159912109375,0.6399999856948853,22.540000915527344
2020-08-24,22.469846725463867,4.841307163238525,42.18731689453125,8.603368759155273,182.0177764892578,15.362431526184082,86.68112182617188,44.31771469116211,14.875797271728516,3431.280029296875,0.6460000276565552,22.3700008392334
2020-08-25,22.740985870361328,4.807569980621338,42.67478942871094,8.648225784301758,180.84146118164062,15.716452598571777,87.0622787475586,44.04692077636719,14.666845321655273,3443.6201171875,0.6819999814033508,22.030000686645508
2020-08-26,22.356138229370117,4.875045299530029,42.01380157470703,8.800735473632812,181.9124298095703,15.716452598571777,85.8407974243164,43.75920486450195,14.357436180114746,3478.72998046875,0.6869999766349792,23.270000457763672
2020-08-27,22.784719467163086,4.875045299530029,42.73263168334961,8.728964805603027,184.48463439941406,15.669869422912598,88.66493225097656,44.520809173583984,14.385562896728516,3484.550048828125,0.7459999918937683,24.469999313354492
2020-08-28,23.003381729125977,5.018428802490234,43.1953125,8.872505187988281,182.3426513671875,16.02388572692871,89.02877044677734,44.75776290893555,14.64273452758789,3508.010009765625,0.7289999723434448,22.959999084472656
2020-08-31,22.513574600219727,4.9087815284729,42.23688888549805,8.549541473388672,180.9383087158203,15.967984199523926,86.7937240600586,44.224632263183594,14.325288772583008,3500.31005859375,0.6930000185966492,26.40999984741211
2020-09-01,22.487335205078125,4.7232279777526855,42.30298614501953,8.540571212768555,181.4594268798828,16.228839874267578,86.75041198730469,44.49543380737305,14.22884750366211,3526.64990234375,0.671999990940094,26.1200008392334
2020-09-02,22.758481979370117,4.664186954498291,42.92266082763672,8.477770805358887,185.50439453125,16.163631439208984,88.05850219726562,45.06240463256836,14.160540580749512,3580.840087890625,0.6510000228881836,26.56999969482422
2020-09-03,22.599945068359375,4.655751705169678,42.55085372924805,8.334233283996582,183.31414794921875,15.157474517822266,87.78130340576172,44.63929748535156,14.056059837341309,3455.06005859375,0.621999979019165,33.599998474121094
2020-09-04,23.375,4.790701389312744,43.39360809326172,8.728964805603027,186.29931640625,14.999101638793945,89.67847442626953,44.605438232421875,14.011861801147461,3426.9599609375,0.7210000157356262,30.75
2020-09-08,22.441408157348633,4.520803451538086,42.1707878112793,8.441886901855469,178.8275146484375,14.915252685546875,86.55982208251953,42.455989837646484,13.501538276672363,3331.840087890625,0.6840000152587891,31.459999084472656
2020-09-09,22.467836380004883,4.54610538482666,42.468231201171875,8.450859069824219,178.597900390625,15.436962127685547,87.3828125,43.209136962890625,13.593955993652344,3398.9599609375,0.703000009059906,28.809999465942383
2020-09-10,22.141956329345703,4.4701972007751465,42.09642028808594,8.388059616088867,176.64605712890625,15.092263221740723,86.48186492919922,42.55752944946289,13.095685005187988,3339.18994140625,0.6850000023841858,29.709999084472656
2020-09-11,22.45902442932129,4.428025722503662,42.137752532958984,8.307319641113281,177.4497528076172,15.08294677734375,87.55606842041016,42.60830307006836,13.10774040222168,3340.969970703125,0.6690000295639038,26.8700008392334
2020-09-14,22.679214477539062,4.46176290512085,39.782981872558594,8.37908935546875,177.82069396972656,15.502174377441406,88.76887512207031,43.28531265258789,13.208198547363281,3383.5400390625,0.6710000038146973,25.850000381469727
2020-09-15,22.265262603759766,4.402721881866455,37.023380279541016,8.16378116607666,174.870849609375,15.800294876098633,86.00540924072266,42.64216232299805,13.1117582321167,3401.199951171875,0.6790000200271606,25.59000015258789
2020-09-16,22.54709815979004,4.46176290512085,38.023109436035156,8.334233283996582,177.23782348632812,15.89345932006836,86.36923217773438,43.28531265258789,13.638157844543457,3385.489990234375,0.6869999766349792,26.040000915527344
2020-09-17,22.32691192626953,4.377419471740723,37.61825942993164,8.289376258850098,172.0711669921875,15.59533977508545,85.38166809082031,42.523685455322266,13.65825080871582,3357.010009765625,0.6840000152587891,26.459999084472656
2020-09-18,22.203609466552734,4.234035968780518,37.06468963623047,8.154809951782227,172.09767150878906,15.576702117919922,85.19973754882812,42.37983322143555,13.50555419921875,3319.469970703125,0.6940000057220459,25.829999923706055
2020-09-21,21.55185890197754,3.9978737831115723,36.29629898071289,7.481970310211182,171.3380889892578,15.44627857208252,82.56621551513672,40.92428970336914,13.057899475097656,3281.06005859375,0.6710000038146973,27.780000686645508
2020-09-22,21.085058212280273,3.947268009185791,35.76750564575195,7.302546977996826,169.2361297607422,15.530125617980957,81.6653060913086,40.30653381347656,12.923114776611328,3315.570068359375,0.6639999747276306,26.860000610351562
2020-09-23,20.486156463623047,3.9135305881500244,34.577735900878906,7.221806049346924,164.3786163330078,15.390381813049316,80.3398666381836,39.2825813293457,12.339042663574219,3236.919921875,0.6759999990463257,28.579999923706055
2020-09-24,20.55661392211914,4.006308078765869,34.858646392822266,7.275632858276367,172.3184814453125,15.315853118896484,80.27056884765625,39.443363189697266,12.33495807647705,3246.590087890625,0.6660000085830688,28.510000228881836
2020-09-25,20.688722610473633,3.9641358852386475,34.718196868896484,7.176949977874756,172.1771697998047,15.65123462677002,80.9722671508789,39.80724334716797,12.326788902282715,3298.4599609375,0.6589999794960022,26.3799991607666
2020-09-28,21.21717643737793,4.2087321281433105,35.80881881713867,7.562710285186768,175.81591796875,16.359268188476562,83.30258178710938,40.94121170043945,12.616782188415527,3351.60009765625,0.6629999876022339,26.190000534057617
2020-09-29,20.935333251953125,4.183430194854736,35.048683166503906,7.419172763824463,173.80218505859375,16.750547409057617,82.60086822509766,39.97649383544922,12.269607543945312,3335.469970703125,0.6449999809265137,26.270000457763672
2020-09-30,21.21717643737793,4.2256011962890625,35.61878204345703,7.535797119140625,177.49392700195312,17.225675582885742,83.39785766601562,40.91582489013672,12.2328462600708,3363.0,0.6769999861717224,26.3700008392334
2020-10-01,21.225980758666992,4.217166900634766,35.891441345214844,7.499912261962891,175.3566436767578,17.784648895263672,84.0042724609375,39.99342346191406,11.857080459594727,3380.800048828125,0.6769999861717224,26.700000762939453
2020-10-02,21.322860717773438,4.284641742706299,36.073211669921875,7.625509738922119,176.5488739013672,17.77533721923828,84.80126190185547,40.59425354003906,11.971443176269531,3348.419921875,0.6959999799728394,27.6299991607666
2020-10-05,21.68396759033203,4.326813220977783,37.105995178222656,7.804933071136475,178.2270050048828,18.585840225219727,86.5936279296875,41.12739181518555,12.330875396728516,3408.60009765625,0.7620000243186951,27.959999084472656
2020-10-06,21.463783264160156,4.453328609466553,36.69289016723633,8.083040237426758,177.59991455078125,18.716270446777344,85.70182037353516,40.399620056152344,12.147074699401855,3360.969970703125,0.7419999837875366,29.479999542236328
2020-10-07,21.9129638671875,4.54610538482666,37.048160552978516,8.280405044555664,179.8166961669922,19.647891998291016,87.19694519042969,41.22047424316406,12.318620681762695,3419.43994140625,0.7850000262260437,28.059999465942383
2020-10-08,22.230031967163086,4.672621250152588,36.94902038574219,8.3970308303833,183.68504333496094,19.629261016845703,88.98931121826172,41.465877532958984,12.780158996582031,3446.830078125,0.7649999856948853,26.360000610351562
2020-10-09,22.33572006225586,4.681055068969727,37.122520446777344,8.325262069702148,183.2964324951172,19.936691284179688,88.48220825195312,41.322025299072266,12.575937271118164,3477.139892578125,0.7749999761581421,25.0
2020-10-12,22.6175594329834,4.681055068969727,37.90743637084961,8.37908935546875,189.10780334472656,19.526777267456055,89.56636047363281,42.9383430480957,12.608612060546875,3534.219970703125,0.7770000100135803,25.06999969482422
2020-10-13,21.974613189697266,4.428025722503662,36.0897331237793,8.172751426696777,186.18447875976562,19.46156883239746,88.11497497558594,42.68447494506836,12.41256046295166,3511.929931640625,0.7269999980926514,26.06999969482422
2020-10-14,20.803220748901367,4.411156177520752,35.55268478393555,8.12789535522461,186.55543518066406,19.694467544555664,87.62537384033203,42.862178802490234,12.465658187866211,3488.669921875,0.722000002861023,26.399999618530273
2020-10-15,21.270017623901367,4.377419471740723,36.03190231323242,8.092011451721191,184.23265075683594,19.545412063598633,88.93684387207031,43.4376220703125,12.616782188415527,3483.340087890625,0.7310000061988831,26.969999313354492
2020-10-16,21.349288940429688,4.436460494995117,35.68488311767578,8.298348426818848,182.12179565429688,19.46156883239746,88.75322723388672,43.87766647338867,12.330875396728516,3483.81005859375,0.7440000176429749,27.40999984741211
2020-10-19,20.89129638671875,4.46176290512085,35.445281982421875,8.325262069702148,181.66253662109375,19.312509536743164,87.25813293457031,43.116050720214844,12.06947135925293,3426.919921875,0.7609999775886536,29.18000030517578
2020-10-20,21.261211395263672,4.529237747192383,35.957542419433594,8.612340927124023,183.72921752929688,19.70378875732422,87.75650787353516,43.55610275268555,12.212424278259277,3443.1201171875,0.796999990940094,29.350000381469727
2020-10-21,21.181943893432617,4.520803451538086,35.536163330078125,8.441886901855469,179.2073211669922,18.846698760986328,86.88216400146484,42.63370132446289,11.979613304138184,3435.56005859375,0.8159999847412109,28.649999618530273
2020-10-22,21.904151916503906,4.638883590698242,36.31281280517578,8.477770805358887,181.40640258789062,18.781484603881836,89.95105743408203,43.80997848510742,12.47382926940918,3453.489990234375,0.8479999899864197,28.110000610351562
2020-10-23,21.930578231811523,4.917216777801514,36.31281280517578,8.657196044921875,181.08847045898438,18.83738136291504,90.76416778564453,43.89459228515625,12.41256046295166,3465.389892578125,0.8410000205039978,27.549999237060547
2020-10-26,21.613506317138672,4.841307163238525,35.74271774291992,8.558512687683105,177.64405822753906,18.44609832763672,88.51717376708984,42.582923889160156,11.96735954284668,3400.969970703125,0.8009999990463257,32.459999084472656
2020-10-27,21.005786895751953,4.630449295043945,34.602516174316406,8.298348426818848,172.82183837890625,18.306354522705078,86.84720611572266,41.11892318725586,11.812151908874512,3390.679931640625,0.777999997138977,33.349998474121094
2020-10-28,20.671112060546875,4.495499610900879,33.98284912109375,8.298348426818848,167.60223388671875,18.026872634887695,84.4078140258789,40.255760192871094,11.3179349899292,3271.030029296875,0.781000018119812,40.279998779296875
2020-10-29,20.73276138305664,4.588277816772461,34.420745849609375,8.289376258850098,167.75238037109375,18.399518966674805,84.9586410522461,41.02302169799805,11.665111541748047,3310.110107421875,0.8349999785423279,37.59000015258789
2020-10-30,20.873685836791992,4.664186954498291,34.6465950012207,8.298348426818848,166.95750427246094,18.222509384155273,85.71930694580078,41.04859924316406,11.730463981628418,3269.9599609375,0.8600000143051147,38.02000045776367
2020-11-02,21.20836639404297,4.647317886352539,35.307411193847656,8.648225784301758,167.9819793701172,18.54857635498047,87.65158081054688,42.09719467163086,12.13073444366455,3310.239990234375,0.8489999771118164,37.130001068115234
2020-11-03,21.745622634887695,4.95938777923584,36.41154861450195,8.935302734375,174.8090362548828,18.772165298461914,90.4144515991211,43.6317138671875,12.061301231384277,3369.159912109375,0.8820000290870667,35.54999923706055
2020-11-04,20.856067657470703,4.74852991104126,35.19866943359375,8.899417877197266,174.7560272216797,18.529943466186523,87.65158081054688,43.8448486328125,12.077638626098633,3443.43994140625,0.7680000066757202,29.56999969482422
2020-11-05,21.675161361694336,4.866610527038574,36.02677536010742,9.016043663024902,179.25146484375,19.834213256835938,91.23632049560547,44.501285552978516,12.077638626098633,3510.449951171875,0.7760000228881836,27.579999923706055
2020-11-06,21.410934448242188,4.883479118347168,35.72563934326172,9.105755805969238,177.7500457763672,19.983274459838867,90.02101135253906,44.07502365112305,11.816235542297363,3509.43994140625,0.8199999928474426,24.860000610351562
2020-11-09,24.44951057434082,5.802821636199951,39.84943771362305,9.527400970458984,189.82321166992188,20.020538330078125,102.20918273925781,47.75789260864258,13.503104209899902,3550.5,0.9580000042915344,25.75
2020-11-10,24.361434936523438,5.9462056159973145,39.85780715942383,9.61711311340332,192.0664825439453,19.722421646118164,101.87691497802734,47.527713775634766,13.940135955810547,3545.530029296875,0.972000002861023,24.799999237060547
2020-11-11,24.07959747314453,5.9462056159973145,40.92848587036133,9.401803970336914,192.57875061035156,20.355918884277344,100.35558319091797,48.03069305419922,13.797178268432617,3572.659912109375,0.9580000042915344,23.450000762939453
2020-11-12,23.507110595703125,5.743781089782715,40.384788513183594,9.339005470275879,189.45223999023438,20.123018264770508,99.12278747558594,47.35720443725586,13.35197925567627,3537.010009765625,0.8849999904632568,25.350000381469727
2020-11-13,23.7801456451416,5.963074207305908,40.702640533447266,9.626084327697754,193.48841857910156,20.216176986694336,99.7435531616211,48.26087188720703,13.838024139404297,3585.14990234375,0.8930000066757202,23.100000381469727
2020-11-16,24.29097557067871,6.0895891189575195,42.158103942871094,9.679911613464355,196.40292358398438,20.31865882873535,102.55889129638672,49.53963851928711,14.748851776123047,3626.909912109375,0.906000018119812,22.450000762939453
2020-11-17,24.264549255371094,6.1570634841918945,42.434139251708984,9.70682430267334,198.40777587890625,20.355918884277344,101.51844787597656,50.13640213012695,14.899975776672363,3609.530029296875,0.871999979019165,22.709999084472656
2020-11-18,23.762523651123047,6.199234962463379,42.701805114746094,9.61711311340332,198.09864807128906,20.05780792236328,100.76652526855469,50.13640213012695,14.467024803161621,3567.7900390625,0.8820000290870667,23.84000015258789
2020-11-19,23.762523651123047,6.199234962463379,43.613555908203125,9.644026756286621,198.33712768554688,20.346607208251953,101.03756713867188,49.98295211791992,14.703925132751465,3581.8701171875,0.8539999723434448,23.110000610351562
2020-11-20,23.61280632019043,6.1570634841918945,43.20368576049805,9.590198516845703,197.2596435546875,20.579513549804688,100.1719741821289,49.28388214111328,14.62631893157959,3557.5400390625,0.8289999961853027,23.700000762939453
2020-11-23,24.12363624572754,6.317317008972168,44.583866119384766,9.904191017150879,202.09947204589844,20.970794677734375,103.05726623535156,51.38108825683594,15.659676551818848,3577.590087890625,0.8569999933242798,22.65999984741211
2020-11-24,25.52402114868164,6.764336109161377,47.72898864746094,10.280981063842773,209.7567138671875,21.259597778320312,107.82237243652344,54.21994400024414,16.464309692382812,3635.409912109375,0.8820000290870667,21.639999389648438
2020-11-25,25.568058013916016,6.443831443786621,47.72898864746094,10.200240135192871,208.9088592529297,21.622926712036133,106.69446563720703,54.11764144897461,16.080371856689453,3629.64990234375,0.878000020980835,21.25
2020-11-27,25.5328311920166,6.283578395843506,47.40277099609375,10.191267967224121,207.90203857421875,21.97694206237793,105.98628234863281,54.424556732177734,15.89249038696289,3638.35009765625,0.8420000076293945,20.84000015258789
2020-11-30,24.80181121826172,6.005245685577393,46.064414978027344,9.975960731506348,203.64505004882812,21.92104721069336,103.06599426269531,52.711002349853516,15.014339447021484,3621.6298828125,0.843999981880188,20.56999969482422
2020-12-01,25.26861000061035,6.4944376945495605,46.39900207519531,10.27200984954834,206.08706665039062,21.716089248657227,104.69226837158203,53.947147369384766,15.083773612976074,3662.449951171875,0.9340000152587891,20.770000457763672
2020-12-02,25.594480514526367,6.595649242401123,47.846099853515625,10.38863468170166,211.03321838378906,21.520448684692383,106.70323944091797,54.578006744384766,15.573904991149902,3669.010009765625,0.9480000138282776,21.170000076293945
2020-12-03,25.62106704711914,6.671558380126953,47.327484130859375,10.559087753295898,209.09738159179688,21.37139129638672,106.00376892089844,54.61210632324219,15.737281799316406,3666.719970703125,0.9200000166893005,21.280000686645508
2020-12-04,25.957836151123047,6.798073768615723,49.03388595581055,10.559087753295898,212.74710083007812,21.436601638793945,106.96553039550781,55.41347122192383,16.595012664794922,3699.1201171875,0.968999981880188,20.790000915527344
2020-12-07,25.78059196472168,6.536609172821045,48.62401580810547,10.38863468170166,211.74363708496094,21.529766082763672,106.56333923339844,54.78261947631836,16.206987380981445,3691.9599609375,0.9279999732971191,21.299999237060547
2020-12-08,25.638792037963867,6.578780651092529,48.81639862060547,10.26303768157959,212.08993530273438,22.107370376586914,106.66825103759766,54.48422622680664,16.447973251342773,3702.25,0.9129999876022339,20.68000030517578
2020-12-09,25.523576736450195,6.578780651092529,49.30992126464844,10.0746431350708,215.62417602539062,21.567026138305664,105.83766174316406,54.87639236450195,16.48473358154297,3672.820068359375,0.9409999847412109,22.270000457763672
2020-12-10,25.798316955566406,6.367922782897949,50.6064453125,9.868306159973145,217.02720642089844,21.893098831176758,105.15565490722656,54.93606185913086,16.991199493408203,3668.10009765625,0.9079999923706055,22.520000457763672
2020-12-11,25.319747924804688,6.055851459503174,49.29318618774414,9.527400970458984,213.11111450195312,22.014205932617188,104.53490447998047,53.98125076293945,16.795148849487305,3663.4599609375,0.8930000066757202,23.309999465942383
2020-12-14,25.009563446044922,6.3341851234436035,49.13427734375,9.51842975616455,211.15753173828125,22.331363677978516,103.43323516845703,52.753623962402344,16.206987380981445,3647.489990234375,0.8920000195503235,24.719999313354492
2020-12-15,25.381784439086914,6.528174877166748,49.912174224853516,9.73373794555664,215.27786254882812,23.3761043548584,105.19938659667969,54.518333435058594,16.525577545166016,3694.6201171875,0.9229999780654907,22.889999389648438
2020-12-16,25.452678680419922,6.536609172821045,49.979095458984375,9.823451042175293,216.46780395507812,23.3761043548584,105.50538635253906,54.757041931152344,16.443885803222656,3701.169921875,0.9200000166893005,22.5
2020-12-17,25.550168991088867,6.6293864250183105,50.230045318603516,9.984931945800781,217.0538787841797,23.84250831604004,104.63105010986328,55.13214111328125,16.366283416748047,3722.47998046875,0.9300000071525574,21.93000030517578
2020-12-18,25.408367156982422,6.578780651092529,49.40193176269531,9.931105613708496,215.011474609375,24.168989181518555,104.1152114868164,54.71440887451172,16.092626571655273,3709.409912109375,0.9480000138282776,21.56999969482422
2020-12-21,26.356637954711914,6.443831443786621,51.217079162597656,9.554314613342285,228.19830322265625,24.58875274658203,108.02346801757812,57.82608413696289,15.782196044921875,3694.919921875,0.9409999847412109,25.15999984741211
2020-12-22,25.886938095092773,6.519740104675293,49.5692253112793,9.527400970458984,222.0799560546875,25.48424530029297,106.37973022460938,56.81159210205078,15.517298698425293,3687.260009765625,0.9179999828338623,24.229999542236328
2020-12-23,26.63137435913086,6.916153430938721,50.84065246582031,9.80550765991211,227.72763061523438,25.894678115844727,109.35245513916016,58.15003967285156,15.860840797424316,3690.010009765625,0.9549999833106995,23.309999465942383
2020-12-24,26.551616668701172,6.840244293212891,50.665000915527344,9.73373794555664,227.4700927734375,25.848037719726562,108.87157440185547,58.0477409362793,15.778055191040039,3703.06005859375,0.9279999732971191,21.530000686645508
2020-12-28,26.702272415161133,6.89085054397583,51.1334228515625,10.038758277893066,230.5159149169922,26.05325698852539,109.58853149414062,58.013648986816406,15.678725242614746,3735.360107421875,0.9330000281333923,21.700000762939453
2020-12-29,26.595928192138672,6.781204700469971,50.94941329956055,9.814478874206543,229.11288452148438,25.801401138305664,109.29998779296875,57.723785400390625,15.575244903564453,3727.0400390625,0.9350000023841858,23.079999923706055
2020-12-30,26.569337844848633,6.772769927978516,50.90757751464844,9.769622802734375,230.39163208007812,26.402433395385742,109.60598754882812,57.83461380004883,15.819449424743652,3732.0400390625,0.9259999990463257,22.770000457763672
2020-12-31,26.86179542541504,6.739032745361328,51.576759338378906,9.778594017028809,234.1745147705078,26.35576629638672,111.1010971069336,58.422847747802734,15.686997413635254,3756.070068359375,0.9169999957084656,22.75
2021-01-04,26.6136531829834,6.486002445220947,50.30532455444336,9.635054588317871,235.32005310058594,26.766408920288086,110.05191040039062,58.252349853515625,15.711833953857422,3700.64990234375,0.9169999957084656,26.969999313354492
2021-01-05,26.817485809326172,6.587214946746826,51.61021041870117,9.814478874206543,240.58590698242188,27.335712432861328,110.6507339477539,59.24124526977539,16.41547203063965,3726.860107421875,0.9549999833106995,25.34000015258789
2021-01-06,28.492467880249023,7.110144138336182,54.579673767089844,10.343778610229492,253.56837463378906,29.304920196533203,115.846435546875,62.81330490112305,16.916297912597656,3748.139892578125,1.0420000553131104,25.06999969482422
2021-01-07,29.121700286865234,7.051102638244629,55.223758697509766,10.478347778320312,258.9851989746094,31.180810928344727,119.65074157714844,63.88747024536133,17.164642333984375,3803.7900390625,1.0709999799728394,22.3700008392334
2021-01-08,28.829238891601562,6.966759204864502,54.68006134033203,10.460404396057129,257.591064453125,30.947492599487305,119.7828369140625,64.15174102783203,17.143943786621094,3824.679931640625,1.1050000190734863,21.559999465942383
2021-01-11,29.307804107666016,6.916153430938721,55.5750846862793,10.451432228088379,260.9210510253906,29.902223587036133,121.57051849365234,64.84229278564453,17.412979125976562,3799.610107421875,1.1319999694824219,24.079999923706055
2021-01-12,29.830690383911133,7.09327507019043,55.7674674987793,10.594972610473633,268.3625183105469,30.266197204589844,123.48148345947266,64.6206283569336,18.02142333984375,3801.18994140625,1.1380000114440918,23.329999923706055
2021-01-13,29.653432846069336,6.98362922668457,55.92639923095703,10.51423168182373,269.01080322265625,30.41552734375,123.5959701538086,64.41602325439453,17.88069725036621,3809.840087890625,1.0880000591278076,22.209999084472656
2021-01-14,30.12314224243164,7.067972183227539,57.724815368652344,10.882050514221191,273.3885498046875,30.144872665405273,124.31806945800781,65.19181823730469,18.41049575805664,3795.5400390625,1.128999948501587,23.25
2021-01-15,29.254634857177734,6.772769927978516,53.72648620605469,10.424519538879395,267.29693603515625,28.520971298217773,122.09008026123047,64.14324188232422,17.694438934326172,3768.25,1.097000002861023,24.34000015258789
2021-01-19,29.041934967041016,6.7305989265441895,53.27478790283203,10.092585563659668,261.24969482421875,29.304920196533203,121.56171417236328,63.930118560791016,18.050397872924805,3798.909912109375,1.0920000076293945,23.239999771118164
2021-01-20,28.660856246948242,6.696861743927002,52.906734466552734,9.966989517211914,257.93743896484375,29.192930221557617,119.73881530761719,63.80223083496094,18.116622924804688,3851.85009765625,1.090000033378601,21.579999923706055
2021-01-21,28.15570068359375,6.663123607635498,51.75240707397461,10.02978801727295,256.9605712890625,30.48085594177246,118.73490142822266,63.682861328125,17.504043579101562,3853.070068359375,1.1089999675750732,21.31999969482422
2021-01-22,27.960729598999023,6.587214946746826,51.300724029541016,9.769622802734375,256.9783630371094,30.704845428466797,117.81905364990234,63.196922302246094,17.412979125976562,3841.469970703125,1.090999960899353,21.90999984741211
2021-01-25,27.615097045898438,6.342618942260742,50.65664291381836,9.419746398925781,251.3395233154297,30.3128604888916,116.34840393066406,61.705020904541016,17.235002517700195,3855.360107421875,1.0399999618530273,23.190000534057617
2021-01-26,27.420124053955078,6.410093784332275,50.94941329956055,9.572257995605469,250.2029266357422,30.01421356201172,115.87286376953125,60.707584381103516,16.86663055419922,3849.6201171875,1.0399999618530273,23.020000457763672
2021-01-27,26.436410903930664,6.1570634841918945,49.686336517333984,9.231351852416992,242.71707153320312,28.12899398803711,112.596923828125,58.329063415527344,16.638980865478516,3750.77001953125,1.0140000581741333,37.209999084472656
2021-01-28,26.87066078186035,6.359488010406494,50.47261428833008,9.410775184631348,244.21778869628906,28.76362419128418,114.57833862304688,59.40019607543945,16.833515167236328,3787.3798828125,1.0570000410079956,30.209999084472656
2021-01-29,26.276880264282227,6.140194416046143,48.92039489746094,9.078842163085938,240.79898071289062,27.81167984008789,113.3102035522461,57.45504379272461,16.27474594116211,3714.239990234375,1.093000054359436,33.09000015258789
2021-02-01,26.551616668701172,6.241407871246338,49.29157638549805,9.303121566772461,243.9602508544922,28.436975479125977,114.1468276977539,57.98631286621094,16.390636444091797,3773.860107421875,1.0770000219345093,30.239999771118164
2021-02-02,27.4998836517334,6.410093784332275,50.26171875,9.37489128112793,254.8293914794922,28.744958877563477,117.66053009033203,60.79692459106445,16.568618774414062,3826.31005859375,1.1050000190734863,25.559999465942383
2021-02-03,27.987314224243164,6.519740104675293,51.543983459472656,9.455631256103516,256.232421875,29.258258819580078,119.00788879394531,60.49702072143555,17.276397705078125,3830.169921875,1.13100004196167,22.90999984741211
2021-02-04,28.80265235900879,6.688426494598389,52.64910125732422,9.339005470275879,260.85009765625,28.884952545166016,121.74665832519531,61.9451904296875,17.4667911529541,3871.739990234375,1.1390000581741333,21.770000457763672
2021-02-05,28.68744659423828,6.772769927978516,52.79251480102539,9.258265495300293,260.6280517578125,29.0996036529541,121.50884246826172,62.742095947265625,17.61579704284668,3886.830078125,1.1699999570846558,20.8700008392334
2021-02-08,29.325529098510742,6.823376655578613,53.69517135620117,9.473575592041016,266.5332336425781,29.388919830322266,123.41104125976562,63.607574462890625,18.3525447845459,3915.590087890625,1.159999966621399,21.239999771118164
2021-02-09,29.20146369934082,6.865548610687256,53.24806213378906,9.392833709716797,266.80853271484375,29.127601623535156,122.91785430908203,63.61611557006836,18.15801239013672,3911.22998046875,1.156999945640564,21.6299991607666
2021-02-10,29.228050231933594,6.840244293212891,53.66986846923828,9.500487327575684,270.20062255859375,28.735628128051758,122.98832702636719,63.69324493408203,18.505695343017578,3909.8798828125,1.1330000162124634,21.989999771118164
2021-02-11,29.139421463012695,6.764336109161377,53.3155517578125,9.581229209899902,268.460205078125,28.884952545166016,122.64485931396484,63.170555114746094,18.2200984954834,3916.3798828125,1.1579999923706055,21.25
2021-02-12,29.57368278503418,6.8065080642700195,53.67829895019531,9.769622802734375,272.01220703125,28.29698371887207,124.38851928710938,63.93318176269531,18.4891357421875,3934.830078125,1.2000000476837158,19.969999313354492
2021-02-16,30.37129020690918,7.312568187713623,54.09166717529297,10.18229866027832,277.0204772949219,27.97966766357422,127.38262939453125,65.16712188720703,18.952709197998047,3932.590087890625,1.2990000247955322,21.459999084472656
2021-02-17,30.495359420776367,7.202921390533447,54.63155746459961,10.110528945922852,277.71319580078125,27.513031005859375,127.77892303466797,64.65298461914062,19.23416519165039,3931.330078125,1.3009999990463257,21.5
2021-02-18,30.30038833618164,6.916153430938721,53.55175018310547,10.020816802978516,275.1912536621094,26.085115432739258,128.21041870117188,64.12168884277344,18.7995662689209,3913.969970703125,1.2869999408721924,22.489999771118164
2021-02-19,30.610584259033203,7.211356163024902,55.49203872680664,10.433491706848145,280.2705993652344,26.589086532592773,130.35035705566406,65.124267578125,19.1141300201416,3906.7099609375,1.3450000286102295,22.049999237060547
2021-02-22,31.15117835998535,7.22822380065918,55.27268981933594,10.756453514099121,281.3805847167969,24.825193405151367,131.57443237304688,66.32393646240234,19.77638053894043,3876.5,1.3700000047683716,23.450000762939453
2021-02-23,31.47908592224121,7.5655975341796875,56.3018913269043,10.792337417602539,283.4584655761719,24.479873657226562,132.6311798095703,66.40963745117188,20.103368759155273,3881.3701171875,1.3619999885559082,23.110000610351562
2021-02-24,32.241249084472656,7.810192584991455,57.8709831237793,11.16015625,293.6083984375,25.002513885498047,134.96485900878906,68.44902038574219,20.81528091430664,3925.429931640625,1.3890000581741333,21.34000015258789
2021-02-25,31.842435836791992,7.61080265045166,56.86709976196289,11.438263893127441,291.05084228515625,23.798585891723633,133.1331329345703,67.20652770996094,20.413793563842773,3829.340087890625,1.5180000066757202,28.889999389648438
2021-02-26,30.76123809814453,7.492015838623047,55.57640075683594,11.007647514343262,283.69818115234375,24.125228881835938,129.60183715820312,65.86978912353516,19.929527282714844,3811.14990234375,1.4600000381469727,27.950000762939453
2021-03-01,31.718374252319336,7.627771854400635,58.663978576660156,11.330610275268555,294.1197814941406,25.039846420288086,132.53431701660156,67.83207702636719,20.44690704345703,3901.820068359375,1.4459999799728394,23.350000381469727
2021-03-02,31.487945556640625,7.67019510269165,58.13250732421875,11.330610275268555,295.029052734375,24.237228393554688,132.10276794433594,69.22881317138672,20.33515739440918,3870.2900390625,1.4149999618530273,24.100000381469727
2021-03-03,32.27669906616211,8.01806926727295,59.372581481933594,11.51003360748291,298.14031982421875,22.65065574645996,134.6566162109375,70.31708526611328,20.633167266845703,3819.719970703125,1.4700000286102295,26.670000076293945
2021-03-04,32.508270263671875,7.81443452835083,58.891746520996094,11.07044506072998,293.5580749511719,21.74537467956543,132.587158203125,69.5030288696289,21.125707626342773,3768.469970703125,1.5499999523162842,28.56999969482422
2021-03-05,32.891239166259766,8.102916717529297,59.246070861816406,11.402379035949707,291.8465270996094,21.437387466430664,132.8953857421875,69.29737091064453,21.916269302368164,3841.93994140625,1.5540000200271606,24.65999984741211
2021-03-08,33.069366455078125,8.272611618041992,60.924827575683594,11.797111511230469,297.9263610839844,20.784099578857422,134.6566162109375,69.49446868896484,21.957656860351562,3821.35009765625,1.5959999561309814,25.469999313354492
2021-03-09,32.34794235229492,8.221701622009277,59.88719177246094,11.38443660736084,294.7171325683594,22.519996643066406,133.70553588867188,69.28022766113281,21.572725296020508,3875.43994140625,1.5460000038146973,24.030000686645508
2021-03-10,33.28310775756836,8.26412582397461,62.21552276611328,11.50106143951416,304.90679931640625,22.510665893554688,136.61160278320312,71.1996841430664,22.11908531188965,3898.81005859375,1.5199999809265137,22.559999465942383
2021-03-11,33.16733932495117,8.221701622009277,61.84432601928711,11.249868392944336,304.9781188964844,23.938575744628906,135.89830017089844,71.33680725097656,22.127357482910156,3939.340087890625,1.5269999504089355,21.90999984741211
2021-03-12,33.790775299072266,8.56957721710205,63.4218635559082,11.411351203918457,310.9599609375,23.751920700073242,137.5098419189453,72.27079772949219,22.172889709472656,3943.340087890625,1.6349999904632568,20.690000534057617
2021-03-15,33.62156295776367,8.552606582641602,62.612030029296875,11.213983535766602,308.49945068359375,23.621261596679688,136.82296752929688,71.85948181152344,21.920408248901367,3968.93994140625,1.6069999933242798,20.030000686645508
2021-03-16,33.523597717285156,8.612000465393066,61.86122131347656,11.106329917907715,304.6304016113281,23.079959869384766,135.1849822998047,70.7283935546875,21.295413970947266,3962.7099609375,1.621000051498413,19.790000915527344
2021-03-17,33.7996826171875,8.620485305786133,62.08900833129883,11.303696632385254,307.51885986328125,22.44533348083496,136.57640075683594,71.85948181152344,21.460973739624023,3974.1201171875,1.6410000324249268,19.229999542236328
2021-03-18,34.681419372558594,8.484729766845703,62.29145431518555,11.608716011047363,310.2379150390625,21.222736358642578,138.83074951171875,71.92804718017578,20.496572494506836,3915.4599609375,1.7300000190734863,21.579999923706055
2021-03-19,34.31624984741211,8.620485305786133,61.59126281738281,11.357522010803223,306.8502502441406,21.782705307006836,136.6204071044922,71.07115173339844,20.500713348388672,3913.10009765625,1.7319999933242798,20.950000762939453
2021-03-22,33.54140090942383,8.47624397277832,60.70549774169922,11.312666893005371,302.5086975097656,22.305339813232422,132.9481964111328,70.1971206665039,20.30411720275879,3940.590087890625,1.684000015258789,18.8799991607666
2021-03-23,32.86452102661133,8.332003593444824,59.81970977783203,11.025588989257812,295.7690124511719,21.885366439819336,131.61846923828125,67.79780578613281,20.007123947143555,3910.52001953125,1.6380000114440918,20.299999237060547
2021-03-24,32.86452102661133,8.442305564880371,59.11951446533203,11.124272346496582,292.98760986328125,20.905426025390625,132.63999938964844,67.9777603149414,20.50908088684082,3889.139892578125,1.6139999628067017,21.200000762939453
2021-03-25,33.54140090942383,8.5780611038208,60.503021240234375,11.07044506072998,294.681396484375,21.008085250854492,134.33956909179688,68.66325378417969,20.584375381469727,3909.52001953125,1.6139999628067017,19.809999465942383
2021-03-26,34.449851989746094,8.535637855529785,61.599693298339844,11.07941722869873,291.86431884765625,21.428056716918945,136.57640075683594,68.53473663330078,21.09469985961914,3974.5400390625,1.659999966621399,18.860000610351562
2021-03-29,34.120323181152344,8.484729766845703,60.38492202758789,10.720568656921387,290.38446044921875,20.914758682250977,134.4540557861328,66.73524475097656,20.843717575073242,3971.090087890625,1.7209999561309814,20.739999771118164
2021-03-30,34.725948333740234,8.790180206298828,61.54908752441406,10.864108085632324,295.98297119140625,21.922698974609375,136.03919982910156,67.77210235595703,20.663848876953125,3958.550048828125,1.7259999513626099,19.610000610351562
2021-03-31,34.45875930786133,8.679878234863281,61.3719367980957,10.765425682067871,291.51666259765625,22.678651809692383,134.05776977539062,66.54673767089844,20.521631240844727,3972.889892578125,1.746000051498413,19.399999618530273
2021-04-01,35.17127227783203,8.645939826965332,61.70094299316406,10.873079299926758,292.0872497558594,22.566661834716797,135.3611297607422,67.02658081054688,21.04450225830078,4019.8701171875,1.6790000200271606,17.329999923706055
2021-04-05,35.44736862182617,8.764724731445312,61.3719367980957,10.95382022857666,288.4321594238281,22.221343994140625,136.07859802246094,66.83807373046875,20.54254150390625,4077.909912109375,1.7200000286102295,17.90999984741211
2021-04-06,35.34939193725586,8.705333709716797,61.24538803100586,10.998675346374512,291.57012939453125,22.221343994140625,135.1219482421875,67.77210235595703,20.48816680908203,4073.93994140625,1.656000018119812,18.1200008392334
2021-04-07,35.67002868652344,8.790180206298828,61.321319580078125,11.187071800231934,291.1154479980469,21.596050262451172,137.23904418945312,67.72924041748047,20.55927848815918,4079.949951171875,1.652999997138977,17.15999984741211
2021-04-08,35.358299255371094,8.773211479187012,61.01762390136719,11.088387489318848,295.2073669433594,21.876035690307617,137.40731811523438,68.72325134277344,20.291563034057617,4097.169921875,1.6319999694824219,16.950000762939453
2021-04-09,35.61659240722656,8.662909507751465,61.093528747558594,11.052502632141113,294.9131164550781,21.90403175354004,138.4348907470703,69.1688461303711,20.1577091217041,4128.7998046875,1.6660000085830688,16.690000534057617
2021-04-12,35.678932189941406,8.781696319580078,61.321319580078125,11.124272346496582,295.83148193359375,21.46538543701172,138.142578125,68.70611572265625,19.99875831604004,4127.990234375,1.6749999523162842,16.90999984741211
2021-04-13,35.019866943359375,8.696847915649414,60.789852142333984,11.016617774963379,292.1228332519531,21.90403175354004,136.49496459960938,68.14913177490234,20.01967430114746,4141.58984375,1.6230000257492065,16.649999618530273
2021-04-14,35.51862716674805,8.747756958007812,61.50691604614258,11.097357749938965,298.9605712890625,21.829368591308594,133.94383239746094,69.22881317138672,20.576004028320312,4124.66015625,1.6380000114440918,16.989999771118164
2021-04-15,34.503292083740234,8.71381664276123,61.19477081298828,11.025588989257812,301.8133239746094,21.51205062866211,134.794189453125,69.25454711914062,20.40869140625,4170.419921875,1.5299999713897705,16.56999969482422
2021-04-16,34.86845016479492,8.908965110778809,61.11884307861328,11.258840560913086,305.1653137207031,22.230676651000977,135.79519653320312,67.34363555908203,20.245555877685547,4185.47021484375,1.5729999542236328,16.25
2021-04-19,34.88627243041992,8.858057022094727,60.848907470703125,11.231927871704102,305.86065673828125,21.68937873840332,135.21942138671875,68.57758331298828,20.22463607788086,4163.259765625,1.6009999513626099,17.290000915527344
2021-04-20,33.915470123291016,8.59503173828125,58.87488555908203,10.73851203918457,295.8671569824219,21.49338722229004,132.22535705566406,66.22969055175781,19.689218521118164,4134.93994140625,1.562000036239624,18.68000030517578
2021-04-21,34.48548126220703,8.637455940246582,59.60035705566406,10.73851203918457,298.88922119140625,21.91336441040039,133.35031127929688,67.90919494628906,19.940195083618164,4173.419921875,1.5640000104904175,17.5
2021-04-22,34.164852142333984,8.484729766845703,58.891746520996094,10.48731803894043,294.9488525390625,22.44533348083496,130.5423126220703,67.0865707397461,19.70595359802246,4134.97998046875,1.5540000200271606,18.709999084472656
2021-04-23,34.895164489746094,8.58654499053955,60.21620559692383,10.657771110534668,302.52655029296875,22.86530876159668,133.04031372070312,69.36592102050781,19.88581657409668,4180.169921875,1.5670000314712524,17.329999923706055
2021-04-26,35.10001754760742,8.730786323547363,60.90794372558594,10.891021728515625,306.2440185546875,22.9773006439209,133.3680419921875,69.8543701171875,20.01967430114746,4187.6201171875,1.5700000524520874,17.639999389648438
2021-04-27,35.51862716674805,8.959875106811523,61.57440185546875,11.07941722869873,309.01654052734375,22.902637481689453,133.979248046875,70.23139190673828,20.262285232543945,4186.72021484375,1.621999979019165,17.559999465942383
2021-04-28,35.65220642089844,9.019266128540039,61.50691604614258,12.30846881866455,310.3359680175781,22.43600082397461,134.84732055664062,70.89120483398438,20.960840225219727,4183.18017578125,1.6200000047683716,17.280000686645508
2021-04-29,36.61409378051758,9.061692237854004,62.29145431518555,12.739086151123047,314.66864013671875,22.090688705444336,137.46934509277344,71.97549438476562,21.195085525512695,4211.47021484375,1.6399999856948853,17.610000610351562
2021-04-30,36.09752655029297,8.119885444641113,60.51607131958008,12.559661865234375,310.6390686035156,21.68937873840332,136.24691772460938,71.03748321533203,20.659666061401367,4181.169921875,1.63100004196167,18.610000610351562
2021-05-03,36.12425231933594,8.204732894897461,60.915313720703125,12.326412200927734,312.1634826660156,21.381393432617188,135.84832763671875,70.96004486083984,21.228551864624023,4192.66015625,1.6069999933242798,18.309999465942383
2021-05-04,36.516136169433594,8.187764167785645,61.441993713378906,12.021390914916992,311.87823486328125,20.504112243652344,137.72625732421875,71.11493682861328,21.241098403930664,4164.66015625,1.5920000076293945,19.479999542236328
2021-05-05,36.86347579956055,8.348974227905273,62.61425018310547,12.19184398651123,318.8139953613281,20.476116180419922,139.5333251953125,72.72415924072266,21.927104949951172,4167.58984375,1.5839999914169312,19.149999618530273
2021-05-06,37.41567611694336,8.459273338317871,63.52317810058594,12.443037986755371,326.2579650878906,20.205463409423828,142.3413543701172,74.72061920166016,22.04004669189453,4201.6201171875,1.5609999895095825,18.389999389648438
2021-05-07,37.56708526611328,8.705333709716797,63.77803039550781,12.685259819030762,330.64404296875,20.569440841674805,142.82852172851562,75.4692611694336,22.433244705200195,4232.60009765625,1.5770000219345093,16.690000534057617
2021-05-10,37.4513053894043,8.764724731445312,63.82049560546875,12.416123390197754,328.67376708984375,19.95348358154297,142.81080627441406,74.41080474853516,22.44161033630371,4188.43017578125,1.6019999980926514,19.65999984741211
2021-05-11,37.02378845214844,8.764724731445312,63.599632263183594,12.38023853302002,320.86444091796875,20.000146865844727,140.43679809570312,73.07698059082031,21.864362716674805,4152.10009765625,1.6239999532699585,21.84000015258789
2021-05-12,36.67645263671875,8.561091423034668,63.05597686767578,12.40715217590332,315.9434509277344,19.328182220458984,139.4713134765625,72.00989532470703,21.968936920166016,4063.0400390625,1.6950000524520874,27.59000015258789
2021-05-13,37.2642707824707,8.645939826965332,63.9564094543457,12.640402793884277,319.87493896484375,19.402847290039062,143.05882263183594,73.02533721923828,21.70122718811035,4112.5,1.6679999828338623,23.1299991607666
2021-05-14,37.72740173339844,8.815633773803711,65.03523254394531,12.918509483337402,328.7540588378906,20.158798217773438,145.28225708007812,75.16807556152344,22.37468719482422,4173.85009765625,1.6349999904632568,18.809999465942383
2021-05-17,38.06584167480469,8.773211479187012,65.76579284667969,12.846739768981934,329.1819763183594,19.972145080566406,145.86683654785156,75.80487060546875,22.893369674682617,4163.2900390625,1.6399999856948853,19.719999313354492
2021-05-18,37.54927062988281,8.722302436828613,65.08619689941406,12.81982707977295,325.0009460449219,20.3454532623291,143.81178283691406,74.8410873413086,22.36213493347168,4127.830078125,1.6419999599456787,21.34000015258789
2021-05-19,37.38005065917969,8.739270210266113,64.9502944946289,12.801884651184082,319.4914855957031,20.504112243652344,142.71336364746094,74.04939270019531,21.80579948425293,4115.68017578125,1.6829999685287476,22.18000030517578
2021-05-20,37.290985107421875,8.722302436828613,64.72943115234375,12.891596794128418,320.73956298828125,21.026752471923828,142.46536254882812,74.41080474853516,21.772336959838867,4159.1201171875,1.6339999437332153,20.670000076293945
2021-05-21,37.763023376464844,8.730786323547363,65.96115112304688,13.214557647705078,326.5165100097656,21.07341766357422,144.0863800048828,76.0199966430664,21.818349838256836,4155.85986328125,1.6319999694824219,20.149999618530273
2021-05-24,37.96788024902344,8.790180206298828,66.28396606445312,13.483694076538086,328.3262023925781,21.110746383666992,144.86593627929688,77.18174743652344,22.035863876342773,4197.0498046875,1.6080000400543213,18.399999618530273
2021-05-25,37.41567611694336,8.637455940246582,65.64685821533203,13.295299530029297,324.9563293457031,21.054750442504883,143.36888122558594,76.46749114990234,21.588289260864258,4188.1298828125,1.5640000104904175,18.84000015258789
2021-05-26,37.44239807128906,8.747756958007812,65.8507308959961,13.349127769470215,327.53277587890625,21.306730270385742,143.35121154785156,76.88916015625,21.780702590942383,4195.990234375,1.5740000009536743,17.360000610351562
2021-05-27,37.89662551879883,9.019266128540039,66.9040756225586,13.483694076538086,331.0719299316406,21.288066864013672,145.58338928222656,77.70668029785156,21.79743003845215,4200.8798828125,1.6100000143051147,16.739999771118164
2021-05-28,37.754112243652344,8.97684383392334,66.86158752441406,13.537522315979004,332.771484375,21.39072608947754,145.48597717285156,78.2660140991211,21.83926010131836,4204.10986328125,1.5809999704360962,16.760000228881836
2021-06-01,38.22615051269531,9.044721603393555,67.75355529785156,13.600319862365723,342.0921936035156,21.344066619873047,147.08929443359375,79.26423645019531,22.680042266845703,4202.0400390625,1.6150000095367432,17.899999618530273
2021-06-02,38.243961334228516,9.104114532470703,67.8384780883789,13.618263244628906,342.9866943359375,20.998754501342773,147.09812927246094,79.8236083984375,23.102523803710938,4208.1201171875,1.590999960899353,17.479999542236328
2021-06-03,38.682212829589844,9.002297401428223,67.6430892944336,13.627233505249023,347.7096862792969,20.616106033325195,147.19557189941406,80.331298828125,23.165266036987305,4192.85009765625,1.625,18.040000915527344
2021-06-04,38.70010757446289,9.010783195495605,67.524169921875,13.564435005187988,350.151611328125,20.812095642089844,147.43475341796875,80.85623931884766,23.320035934448242,4229.89013671875,1.559999942779541,16.420000076293945
2021-06-07,38.565940856933594,9.11259937286377,67.37126922607422,13.528550148010254,347.208740234375,20.92409324645996,146.7438507080078,80.21082305908203,23.219642639160156,4226.52001953125,1.569000005722046,16.420000076293945
2021-06-08,38.351295471191406,9.019266128540039,67.17588806152344,13.385011672973633,344.11376953125,21.008085250854492,146.1591796875,79.84940338134766,23.420429229736328,4227.259765625,1.527999997138977,17.06999969482422
2021-06-09,37.850440979003906,8.739270210266113,66.37740325927734,13.09793472290039,342.396240234375,20.877426147460938,144.3344268798828,79.74615478515625,23.27402114868164,4219.5498046875,1.4889999628067017,17.889999389648438
2021-06-10,37.2869758605957,8.688362121582031,65.3155746459961,12.846739768981934,334.48895263671875,20.96564483642578,142.08444213867188,78.89421844482422,23.244741439819336,4239.18017578125,1.4589999914169312,16.100000381469727
2021-06-11,37.43901824951172,8.756240844726562,64.96728515625,12.712172508239746,338.1653747558594,21.14395523071289,141.98699951171875,79.21261596679688,23.165266036987305,4247.43994140625,1.4620000123977661,15.649999618530273
2021-06-14,36.991825103759766,8.688362121582031,63.84598922729492,12.550691604614258,333.57659912109375,21.397342681884766,139.5775909423828,78.0680923461914,23.06487274169922,4255.14990234375,1.5010000467300415,16.389999389648438
2021-06-15,37.01865768432617,8.705333709716797,62.70769119262695,12.685259819030762,332.12750244140625,21.153339385986328,137.46047973632812,78.05087280273438,23.50408172607422,4246.58984375,1.4989999532699585,17.020000457763672
2021-06-16,37.224361419677734,8.654422760009766,60.70294189453125,12.335383415222168,331.859130859375,21.26595687866211,138.42605590820312,78.39510345458984,23.37859344482422,4223.7001953125,1.569000005722046,18.149999618530273
2021-06-17,35.59658432006836,8.46776008605957,58.49433135986328,12.021390914916992,323.3614196777344,21.387958526611328,134.43101501464844,75.64997863769531,22.583831787109375,4221.85986328125,1.5110000371932983,17.75
2021-06-18,34.68430709838867,8.111400604248047,57.4325065612793,11.608716011047363,312.0281066894531,21.03133773803711,131.02952575683594,72.36270904541016,21.914554595947266,4166.4501953125,1.4500000476837158,20.700000762939453
2021-06-21,35.55185317993164,8.272611618041992,58.14605712890625,11.82402515411377,319.81915283203125,21.24718475341797,133.25289916992188,73.95471954345703,22.84844207763672,4224.7900390625,1.4839999675750732,17.889999389648438
2021-06-22,35.74863052368164,8.272611618041992,58.57928466796875,11.662543296813965,319.81024169921875,21.463035583496094,133.0580291748047,73.7481918334961,23.000568389892578,4246.43994140625,1.472000002861023,16.65999984741211
2021-06-23,35.954341888427734,8.289581298828125,59.16541290283203,11.62665843963623,322.9588317871094,21.42549705505371,133.86407470703125,73.89447021484375,23.063953399658203,4241.83984375,1.4869999885559082,16.31999969482422
2021-06-24,36.517799377441406,8.399882316589355,60.58403396606445,11.868881225585938,329.8465576171875,21.566268920898438,135.09535217285156,74.93573760986328,23.26255989074707,4266.490234375,1.4869999885559082,15.970000267028809
2021-06-25,37.224361419677734,8.391396522521973,60.77939987182617,11.940651893615723,329.8643493652344,21.631961822509766,136.45953369140625,76.0716323852539,23.385112762451172,4280.7001953125,1.5360000133514404,15.619999885559082
2021-06-28,37.17070388793945,8.289581298828125,60.74542999267578,11.743284225463867,329.8106994628906,22.204435348510742,136.7075653076172,75.4692611694336,22.59489631652832,4290.60986328125,1.4780000448226929,15.760000228881836
2021-06-29,36.57146072387695,8.213217735290527,59.190895080566406,11.761226654052734,333.3081970214844,22.34520721435547,136.53927612304688,77.99925231933594,22.485029220581055,4291.7998046875,1.4800000190734863,16.020000457763672
2021-06-30,36.87555694580078,8.187764167785645,60.09983444213867,11.734313011169434,339.48919677734375,22.016738891601562,137.77938842773438,78.90283966064453,22.763925552368164,4297.5,1.4429999589920044,15.829999923706055
2021-07-01,37.15281677246094,8.323519706726074,60.3206901550293,11.797111511230469,335.4281005859375,22.091819763183594,139.14353942871094,79.1867904663086,23.161148071289062,4319.93994140625,1.4800000190734863,15.479999542236328
2021-07-02,36.80400466918945,8.23018741607666,59.81100845336914,11.662543296813965,334.6856994628906,22.04489517211914,139.0098876953125,79.19539642333984,23.110435485839844,4352.33984375,1.430999994277954,15.069999694824219
2021-07-06,35.83806228637695,8.162308692932129,57.94218444824219,11.26781177520752,330.83935546875,22.195049285888672,136.6757049560547,77.62921142578125,22.358261108398438,4343.5400390625,1.3700000047683716,16.440000534057617
2021-07-07,35.55185317993164,8.153823852539062,57.7043342590332,11.07941722869873,328.8804626464844,22.119972229003906,136.8360595703125,77.47432708740234,21.99484634399414,4358.1298828125,1.3209999799728394,16.200000762939453
2021-07-08,34.68430709838867,7.94170618057251,56.68497085571289,10.774396896362305,321.07147216796875,21.735197067260742,134.47515869140625,75.41763305664062,21.868072509765625,4320.81982421875,1.2879999876022339,19.0
2021-07-09,35.81123733520508,8.306549072265625,58.14605712890625,11.258840560913086,332.5389709472656,21.79150390625,138.7782745361328,77.73248291015625,22.33289909362793,4369.5498046875,1.3559999465942383,16.18000030517578
2021-07-12,36.338924407958984,8.298065185546875,58.987030029296875,11.26781177520752,340.35687255859375,22.04489517211914,140.76498413085938,79.81499481201172,22.299097061157227,4384.6298828125,1.3630000352859497,16.170000076293945
2021-07-13,35.65024948120117,8.136855125427246,58.07810974121094,11.052502632141113,336.3137512207031,21.78211784362793,138.67135620117188,80.21082305908203,22.130069732666016,4369.2099609375,1.4149999618530273,17.1200008392334
2021-07-14,34.75586700439453,8.213217735290527,57.90819549560547,11.07044506072998,334.9004211425781,21.24718475341797,138.1991424560547,79.5654525756836,21.47085952758789,4374.2998046875,1.3559999465942383,16.329999923706055
2021-07-15,34.729026794433594,8.035038948059082,58.14605712890625,10.989705085754395,333.96124267578125,20.824871063232422,138.5020751953125,79.71173858642578,21.17082977294922,4360.02978515625,1.2970000505447388,17.010000228881836
2021-07-16,33.91514205932617,7.7804975509643555,56.82938003540039,10.684684753417969,326.313232421875,20.740407943725586,135.3393096923828,78.524169921875,20.57077980041504,4327.16015625,1.2999999523162842,18.450000762939453
2021-07-19,33.02969741821289,7.458076477050781,55.283348083496094,10.505261421203613,317.29669189453125,20.59025001525879,130.9381866455078,76.88916015625,19.84395408630371,4258.490234375,1.180999994277954,22.5
2021-07-20,33.70942687988281,7.585346698760986,56.31121063232422,10.648799896240234,326.2774353027344,20.796716690063477,133.3793487548828,79.4449691772461,20.110172271728516,4323.06005859375,1.2089999914169312,19.729999542236328
2021-07-21,34.398101806640625,7.890799045562744,57.670352935791016,11.169127464294434,334.09539794921875,21.453655242919922,136.18569946289062,82.33634948730469,20.811643600463867,4358.68994140625,1.2799999713897705,17.90999984741211
2021-07-22,33.95091247558594,7.805951118469238,56.85486602783203,11.016617774963379,333.38873291015625,21.463035583496094,134.46621704101562,82.24170684814453,20.579227447509766,4367.47998046875,1.2649999856948853,17.690000534057617
2021-07-23,33.71836471557617,7.8738274574279785,56.6679801940918,11.1511869430542,334.58734130859375,21.172107696533203,134.20787048339844,81.36396026611328,20.503171920776367,4411.7900390625,1.2860000133514404,17.200000762939453
2021-07-26,34.102962493896484,8.068976402282715,57.56841278076172,11.258840560913086,336.2421569824219,21.0031795501709,135.10769653320312,83.0764389038086,21.01025390625,4422.2998046875,1.2760000228881836,17.579999923706055
2021-07-27,33.96879577636719,8.052007675170898,57.74680709838867,11.231927871704102,335.2940368652344,20.853025436401367,134.9294891357422,83.02481079101562,20.815868377685547,4401.4599609375,1.2339999675750732,19.360000610351562
2021-07-28,34.102962493896484,8.238672256469727,57.8487434387207,11.249868392944336,334.74835205078125,21.42549705505371,135.15223693847656,82.67198944091797,21.006027221679688,4400.64013671875,1.2610000371932983,18.309999465942383
2021-07-29,34.59486389160156,8.450791358947754,58.45185852050781,11.572831153869629,337.7181091308594,21.36918830871582,136.31040954589844,83.46082305908203,21.208860397338867,4419.14990234375,1.2690000534057617,17.700000762939453
2021-07-30,34.30866241455078,8.306549072265625,57.86991500854492,11.222956657409668,335.32977294921875,21.31287956237793,135.2235107421875,83.20079040527344,20.870805740356445,4395.259765625,1.2389999628067017,18.239999771118164
2021-08-02,33.95091247558594,8.298065185546875,57.96406173706055,11.124272346496582,338.2906188964844,21.331653594970703,134.6800537109375,83.41748046875,20.714454650878906,4387.16015625,1.1740000247955322,19.459999084472656
2021-08-03,34.478599548339844,8.46776008605957,58.94822692871094,11.178098678588867,340.23162841796875,21.744583129882812,136.21246337890625,83.73820495605469,21.069416046142578,4423.14990234375,1.1759999990463257,18.040000915527344
2021-08-04,34.22816848754883,8.484729766845703,58.640132904052734,11.052502632141113,337.9953918457031,21.697654724121094,134.74240112304688,83.46949768066406,20.498943328857422,4402.66015625,1.184000015258789,17.969999313354492
2021-08-05,34.898963928222656,8.5780611038208,59.641456604003906,11.258840560913086,343.7560119628906,21.53811264038086,136.4440460205078,84.804443359375,20.73135757446289,4429.10009765625,1.2170000076293945,17.280000686645508
2021-08-06,35.90962219238281,8.739270210266113,60.82244110107422,11.393407821655273,355.9122619628906,21.50996208190918,140.3195343017578,86.45148468017578,20.92151641845703,4436.52001953125,1.2899999618530273,16.149999618530273
2021-08-09,36.37469482421875,8.798664093017578,61.20756530761719,11.48311996459961,357.6922912597656,21.847814559936523,140.16810607910156,87.32699584960938,20.625713348388672,4432.35009765625,1.3170000314712524,16.719999313354492
2021-08-10,37.0544319152832,8.849574089050293,62.45705795288086,11.411351203918457,364.9287414550781,21.819658279418945,141.88754272460938,88.45389556884766,20.989126205444336,4436.75,1.3420000076293945,16.790000915527344
2021-08-11,37.519508361816406,8.925935745239258,63.58671951293945,11.617688179016113,370.2242126464844,21.688270568847656,143.580322265625,90.04891967773438,21.1539363861084,4442.41015625,1.3289999961853027,16.170000076293945
2021-08-12,37.69839096069336,8.909642219543457,63.441253662109375,11.527976989746094,371.2171325683594,21.416109085083008,144.14158630371094,90.7337417602539,21.13280487060547,4460.830078125,1.3669999837875366,15.59000015258789
2021-08-13,37.233314514160156,8.883916854858398,62.568302154541016,11.62665843963623,367.4422607421875,21.20964813232422,142.529052734375,90.10094451904297,20.883480072021484,4468.0,1.2970000505447388,15.449999809265137
2021-08-16,36.929222106933594,8.806740760803223,61.70394515991211,11.420321464538574,365.2686767578125,21.04072380065918,141.59356689453125,89.91021728515625,20.498943328857422,4479.7099609375,1.2569999694824219,16.1200008392334
2021-08-17,36.750335693359375,8.660962104797363,61.29315185546875,11.169127464294434,362.2452087402344,20.81548309326172,139.8830108642578,89.17338562011719,20.287656784057617,4448.080078125,1.2580000162124634,17.90999984741211
2021-08-18,36.482017517089844,8.618084907531738,60.86524963378906,11.169127464294434,356.7261047363281,20.94687271118164,138.60902404785156,87.77776336669922,19.865083694458008,4400.27001953125,1.2730000019073486,21.56999969482422
2021-08-19,35.94539260864258,8.532332420349121,59.76980972290039,10.989705085754395,352.04791259765625,20.94687271118164,137.45082092285156,86.45148468017578,19.34954833984375,4405.7998046875,1.2419999837875366,21.670000076293945
2021-08-20,36.10638427734375,8.540908813476562,60.12069320678711,11.016617774963379,354.1053161621094,21.28472900390625,137.84278869628906,87.25765228271484,19.39180564880371,4441.669921875,1.2599999904632568,18.559999465942383
2021-08-23,36.58935546875,8.618084907531738,60.66840744018555,11.106329917907715,359.0966796875,21.556882858276367,139.60682678222656,88.55792236328125,20.118633270263672,4479.52978515625,1.2549999952316284,17.149999618530273
2021-08-24,37.099151611328125,8.686687469482422,61.652591705322266,11.240898132324219,365.45648193359375,21.688270568847656,140.47097778320312,89.36409759521484,20.452463150024414,4486.22998046875,1.2899999618530273,17.219999313354492
2021-08-25,37.69839096069336,8.82388973236084,62.62822341918945,11.375466346740723,369.5353698730469,21.763347625732422,143.36647033691406,90.23094940185547,20.60881233215332,4496.18994140625,1.3420000076293945,16.790000915527344
2021-08-26,37.600006103515625,8.720988273620605,61.994930267333984,11.016617774963379,368.900390625,21.50996208190918,144.10595703125,90.01422119140625,20.296110153198242,4470.0,1.3420000076293945,18.84000015258789
2021-08-27,38.00248336791992,8.909642219543457,62.46562194824219,11.142215728759766,375.4122619628906,21.697654724121094,145.26414489746094,91.40988159179688,20.836997985839844,4509.3701171875,1.312000036239624,16.389999389648438
2021-08-30,37.26013946533203,8.738139152526855,61.335941314697266,10.971762657165527,369.9648132324219,21.91350746154785,142.9388427734375,90.23094940185547,20.591907501220703,4528.7900390625,1.284999966621399,16.190000534057617
2021-08-31,37.340641021728516,8.789589881896973,61.541343688964844,11.07941722869873,371.681640625,21.894739151000977,142.50228881835938,90.52569580078125,20.452463150024414,4522.68017578125,1.3040000200271606,16.479999542236328
2021-09-01,36.839778900146484,8.789589881896973,61.02785110473633,11.213983535766602,371.8163757324219,22.063663482666016,142.29742431640625,90.42166137695312,20.152435302734375,4524.08984375,1.3020000457763672,16.110000610351562
2021-09-02,36.8757438659668,8.858192443847656,61.190452575683594,11.169127464294434,372.5714416503906,22.326438903808594,142.9566650390625,90.8724365234375,20.66374969482422,4536.9501953125,1.2940000295639038,16.40999984741211
2021-09-03,36.902706146240234,8.901066780090332,60.908023834228516,11.26781177520752,369.7041320800781,22.14812660217285,142.09249877929688,90.36965942382812,20.54542350769043,4535.43017578125,1.3220000267028809,16.40999984741211
2021-09-07,37.14542770385742,8.806740760803223,60.60850143432617,11.48311996459961,368.81427001953125,21.969816207885742,141.843017578125,90.30899047851562,20.42288589477539,4520.02978515625,1.3700000047683716,18.139999389648438
2021-09-08,36.65998458862305,8.652384757995605,59.94098663330078,11.420321464538574,364.03240966796875,21.547496795654297,141.21047973632812,89.78018951416016,20.160886764526367,4514.06982421875,1.3339999914169312,17.959999084472656
2021-09-09,36.79483413696289,8.746711730957031,60.300418853759766,11.411351203918457,363.6548767089844,21.51934242248535,141.8251953125,90.01422119140625,20.203144073486328,4493.27978515625,1.2990000247955322,18.799999237060547
2021-09-10,36.201507568359375,8.635235786437988,59.538734436035156,11.411351203918457,362.66619873046875,21.18149185180664,140.19480895996094,89.82353210449219,20.194690704345703,4458.580078125,1.340999960899353,20.950000762939453
2021-09-13,36.80382537841797,8.866765975952148,60.35175323486328,11.761226654052734,367.8614807128906,21.60380744934082,142.422119140625,90.49967193603516,20.773616790771484,4468.72998046875,1.3240000009536743,19.3700008392334
2021-09-14,35.81496047973633,8.635235786437988,58.86265563964844,11.527976989746094,362.8549499511719,21.47241973876953,139.9364471435547,88.34121704101562,20.473587036132812,4443.0498046875,1.2769999504089355,19.459999084472656
2021-09-15,36.084651947021484,8.703836441040039,60.2918586730957,11.6984281539917,361.29095458984375,21.172107696533203,140.90757751464844,89.32077026367188,21.23844337463379,4480.7001953125,1.3040000200271606,18.18000030517578
2021-09-16,36.36333084106445,8.789589881896973,59.90674591064453,11.770197868347168,356.5539855957031,21.03133773803711,140.84518432617188,88.82666015625,20.997575759887695,4473.75,1.3309999704360962,18.690000534057617
2021-09-17,36.40827560424805,8.686687469482422,59.87249755859375,11.581803321838379,351.8619689941406,21.134567260742188,140.47991943359375,88.20250701904297,20.841224670410156,4432.990234375,1.3700000047683716,20.809999465942383
2021-09-20,35.15870666503906,8.335103988647461,57.59605026245117,10.729540824890137,339.8804016113281,20.57147979736328,136.27479553222656,85.4979248046875,20.20479965209961,4357.72998046875,1.309000015258789,25.709999084472656
2021-09-21,35.17669677734375,8.283652305603027,57.2879638671875,10.639827728271484,337.8220520019531,20.81548309326172,136.2926025390625,85.21186065673828,20.251846313476562,4354.18994140625,1.3240000009536743,24.360000610351562
2021-09-22,36.084651947021484,8.515183448791504,58.400516510009766,10.998675346374512,346.4779968261719,21.106414794921875,138.90298461914062,87.3790054321289,20.876298904418945,4395.64013671875,1.3359999656677246,20.8700008392334
2021-09-23,37.478050231933594,8.806740760803223,60.65985870361328,11.205012321472168,352.2215576171875,21.294109344482422,143.59812927246094,89.76284790039062,21.6076717376709,4448.97998046875,1.409999966621399,18.6299991607666
2021-09-24,37.88258361816406,8.755288124084473,60.916595458984375,11.393407821655273,351.31378173828125,20.88117790222168,145.2552490234375,89.20806121826172,21.77020263671875,4455.47998046875,1.4600000381469727,17.75
2021-09-27,38.88943099975586,8.978243827819824,61.84087371826172,11.662543296813965,359.36737060546875,21.050107955932617,148.7654571533203,91.10648345947266,22.544347763061523,4443.10986328125,1.4839999675750732,18.760000228881836
2021-09-28,38.79953384399414,8.746711730957031,61.079193115234375,11.420321464538574,350.1003112792969,20.59025001525879,147.96360778808594,88.45389556884766,22.621335983276367,4352.6298828125,1.534000039100647,23.25
2021-09-29,38.718631744384766,8.789589881896973,61.216121673583984,11.474148750305176,345.9566650390625,20.374399185180664,147.84780883789062,86.29544067382812,22.621335983276367,4359.4599609375,1.5410000085830688,22.559999465942383
2021-09-30,38.1612663269043,8.849615097045898,60.06078338623047,11.393407821655273,339.79052734375,20.318092346191406,145.8343048095703,84.35368347167969,22.279176712036133,4307.5400390625,1.5290000438690186,23.139999389648438
2021-10-01,38.72761154174805,8.943943977355957,60.916595458984375,11.29472541809082,341.5612487792969,20.43071174621582,148.8990936279297,85.86199951171875,23.02765464782715,4357.0400390625,1.4789999723434448,21.100000381469727
2021-10-04,38.96135330200195,8.901066780090332,61.01074981689453,11.07044506072998,336.3030090332031,19.895774841308594,148.7386932373047,84.21498107910156,23.404033660888672,4300.4599609375,1.4809999465942383,22.959999084472656
2021-10-05,39.75244903564453,9.201199531555176,62.07196044921875,11.474148750305176,346.7835693359375,19.933311462402344,151.16766357421875,85.9920425415039,23.540903091430664,4345.72021484375,1.5290000438690186,21.299999237060547
2021-10-06,39.77042770385742,9.218348503112793,61.97779083251953,11.48311996459961,348.79693603515625,19.980239868164062,151.49034118652344,85.90535736083984,23.292831420898438,4363.5498046875,1.5240000486373901,21.0
2021-10-07,39.66254806518555,9.132596969604492,61.78097915649414,11.734313011169434,351.1070251464844,20.186702728271484,152.44932556152344,85.6452865600586,23.47246742248535,4399.759765625,1.5709999799728394,19.540000915527344
2021-10-08,39.86031723022461,9.261225700378418,61.91789627075195,11.859909057617188,353.0754089355469,20.027162551879883,152.56585693359375,86.7201919555664,24.195289611816406,4391.33984375,1.6050000190734863,18.770000457763672
2021-10-11,39.35688781738281,9.244074821472168,61.344505310058594,11.806082725524902,346.2712097167969,20.10223960876465,149.35716247558594,84.33634185791016,24.105472564697266,4361.18994140625,1.6139999628067017,20.0
2021-10-12,39.14113998413086,9.33840274810791,60.454463958740234,11.7522554397583,347.4306945800781,20.862409591674805,148.20989990234375,84.7611083984375,24.12685775756836,4350.64990234375,1.5800000429153442,19.850000381469727
2021-10-13,38.781558990478516,9.23550033569336,60.12925720214844,11.402379035949707,347.2330017089844,21.53811264038086,144.30210876464844,85.4459228515625,24.105472564697266,4363.7998046875,1.5490000247955322,18.639999389648438
2021-10-14,40.51656723022461,9.295526504516602,60.59138488769531,11.590774536132812,351.6283874511719,21.453655242919922,146.51593017578125,87.56104278564453,24.40058708190918,4438.259765625,1.5190000534057617,16.860000610351562
2021-10-15,41.68522644042969,9.509907722473145,61.86654281616211,11.913736343383789,364.9942321777344,21.51934242248535,149.33026123046875,88.54059600830078,24.520343780517578,4471.3701171875,1.5759999752044678,16.299999237060547
2021-10-18,41.60432434082031,9.527055740356445,61.28458786010742,11.922707557678223,371.8433532714844,21.60380744934082,149.2764892578125,87.90777587890625,24.537456512451172,4486.4599609375,1.5839999914169312,16.309999465942383
2021-10-19,41.78410339355469,9.612809181213379,61.41297912597656,11.985507011413574,370.46807861328125,22.129356384277344,151.0870361328125,88.20250701904297,24.815465927124023,4519.6298828125,1.6349999904632568,15.699999809265137
2021-10-20,42.33248519897461,9.638534545898438,61.46432113647461,12.111103057861328,366.63006591796875,22.260746002197266,153.12158203125,87.25765228271484,25.0164852142334,4536.18994140625,1.6360000371932983,15.489999771118164
2021-10-21,42.098751068115234,9.475606918334961,60.343204498291016,12.102130889892578,366.36041259765625,22.288898468017578,151.92056274414062,86.92823791503906,24.5545654296875,4549.77978515625,1.6759999990463257,15.010000228881836
2021-10-22,42.76398468017578,9.604232788085938,61.079193115234375,12.227728843688965,372.4096374511719,22.110586166381836,153.9640655517578,88.24586486816406,24.7855281829834,4544.89990234375,1.6549999713897705,15.430000305175781
2021-10-25,42.710052490234375,9.58708381652832,60.617069244384766,12.138016700744629,372.7961730957031,22.439058303833008,153.21121215820312,88.34121704101562,25.14907455444336,4566.47998046875,1.6349999904632568,15.239999771118164
2021-10-26,43.114593505859375,9.664260864257812,60.46300506591797,12.38023853302002,375.3668212890625,22.288898468017578,153.62347412109375,89.6935043334961,25.294492721557617,4574.7900390625,1.61899995803833,15.979999542236328
2021-10-27,42.287540435791016,9.501331329345703,60.17203903198242,11.447235107421875,369.4164733886719,22.955217361450195,150.42373657226562,88.3065414428711,24.567394256591797,4551.68017578125,1.5290000438690186,16.979999542236328
2021-10-28,42.95277404785156,9.604232788085938,60.65985870361328,11.653572082519531,372.8590393066406,23.752927780151367,152.6913604736328,89.46741485595703,24.742753982543945,4596.419921875,1.5679999589920044,16.530000686645508
2021-10-29,42.95277404785156,9.595659255981445,59.616825103759766,11.50106143951416,371.53778076171875,23.715389251708984,152.2700653076172,89.71183776855469,24.58022689819336,4605.3798828125,1.5570000410079956,16.260000228881836
2021-11-01,43.015708923339844,9.58708381652832,60.004730224609375,11.850937843322754,374.5488586425781,24.203399658203125,152.1894073486328,90.77671813964844,25.0036563873291,4613.669921875,1.5750000476837158,16.40999984741211
2021-11-02,43.04267501831055,9.372703552246094,59.13408279418945,11.779169082641602,380.9756164550781,23.74354362487793,152.78993225097656,91.35281372070312,24.76841163635254,4630.64990234375,1.5490000247955322,16.030000686645508
2021-11-03,43.48316192626953,9.561357498168945,59.4788932800293,11.994477272033691,375.6275329589844,23.199222564697266,152.8437042236328,89.56344604492188,24.56311798095703,4660.56982421875,1.5789999961853027,15.100000381469727
2021-11-04,42.54823303222656,9.029694557189941,57.75486373901367,11.438263893127441,366.79193115234375,23.077220916748047,150.8360137939453,87.10199737548828,24.597335815429688,4680.06005859375,1.5240000486373901,15.4399995803833
2021-11-05,42.224613189697266,9.046845436096191,57.746246337890625,11.536946296691895,365.9020080566406,22.786296844482422,150.6209259033203,87.17182922363281,24.918113708496094,4697.52978515625,1.4529999494552612,16.479999542236328
2021-11-08,42.55723190307617,9.098296165466309,59.00478744506836,11.572831153869629,367.03448486328125,23.199222564697266,151.52618408203125,87.3464126586914,25.14479637145996,4701.7001953125,1.496999979019165,17.219999313354492
2021-11-09,42.143707275390625,8.986818313598633,58.60826110839844,11.447235107421875,364.3470458984375,23.077220916748047,150.37892150878906,87.03217315673828,25.247447967529297,4685.25,1.4320000410079956,17.780000686645508
2021-11-10,42.45833969116211,8.995394706726074,58.79790115356445,11.357522010803223,358.7471923828125,22.748756408691406,150.23550415039062,85.33883666992188,24.58022689819336,4646.7099609375,1.559999942779541,18.729999542236328
2021-11-11,42.69207000732422,9.149748802185059,59.3668327331543,11.545917510986328,361.6415100097656,23.34937858581543,150.22654724121094,86.30770874023438,24.67432403564453,4649.27001953125,1.559999942779541,17.65999984741211
2021-11-12,42.170677185058594,9.10687255859375,59.616825103759766,11.447235107421875,363.95147705078125,23.537076950073242,149.5543212890625,87.15437316894531,24.614444732666016,4682.85009765625,1.5820000171661377,16.290000915527344
2021-11-15,42.2965202331543,9.158323287963867,59.254783630371094,11.411351203918457,363.8616027832031,23.255535125732422,149.28546142578125,87.4686050415039,24.81973648071289,4682.7998046875,1.6230000257492065,16.489999771118164
2021-11-16,42.3234977722168,9.132596969604492,58.392757415771484,11.402379035949707,362.3155517578125,23.199222564697266,148.20989990234375,87.88758087158203,24.858232498168945,4700.89990234375,1.6339999437332153,16.3700008392334
2021-11-17,41.811073303222656,9.2097749710083,57.62556838989258,11.62665843963623,351.9429931640625,23.058446884155273,147.41221618652344,85.2602767944336,24.477575302124023,4688.669921875,1.6039999723434448,17.110000610351562
2021-11-18,41.640281677246094,9.201199531555176,57.849693298339844,11.554888725280762,351.7811584472656,22.73937225341797,146.13949584960938,85.2602767944336,24.332157135009766,4704.5400390625,1.5889999866485596,17.59000015258789
2021-11-19,40.8132209777832,8.935368537902832,57.185943603515625,10.917935371398926,348.2037658691406,23.17106819152832,144.23037719726562,84.58821105957031,23.382652282714844,4697.9599609375,1.5360000133514404,17.90999984741211
2021-11-22,41.60432434082031,9.029694557189941,57.78935623168945,10.891021728515625,356.0866394042969,22.636137008666992,147.3046417236328,86.6917724609375,23.797527313232422,4682.93994140625,1.625,19.170000076293945
2021-11-23,42.70106506347656,9.05542278289795,58.677215576171875,11.276782035827637,365.2369079589844,22.37336540222168,150.82708740234375,88.90880584716797,24.528902053833008,4690.7001953125,1.6670000553131104,19.3799991607666
2021-11-24,42.817928314208984,9.012544631958008,57.996246337890625,11.51003360748291,358.8101806640625,22.439058303833008,149.64395141601562,88.26290130615234,24.76841163635254,4701.4599609375,1.6449999809265137,18.579999923706055
2021-11-26,41.13685989379883,8.558058738708496,56.461849212646484,10.980732917785645,350.00140380859375,22.14812660217285,145.1356658935547,85.47850036621094,23.771865844726562,4594.6201171875,1.4819999933242798,28.6200008392334
2021-11-29,40.98402404785156,8.549485206604004,56.065330505371094,10.92690658569336,347.4397277832031,22.392133712768555,144.50823974609375,84.86750030517578,23.908727645874023,4655.27001953125,1.5299999713897705,22.959999084472656
2021-11-30,39.97718811035156,8.489458084106445,54.91022491455078,10.783368110656738,342.4510803222656,22.04489517211914,142.35716247558594,82.76392364501953,23.348432540893555,4567.0,1.4429999589920044,27.190000534057617
2021-12-01,39.410831451416016,8.480881690979004,53.89305114746094,10.783368110656738,340.1831970214844,21.35980224609375,141.51461791992188,83.14799499511719,23.10036277770996,4513.0400390625,1.434000015258789,31.1200008392334
2021-12-02,40.548988342285156,8.695262908935547,55.00504684448242,11.133243560791016,350.1768493652344,21.26595687866211,144.49032592773438,86.29024505615234,23.771865844726562,4577.10009765625,1.4479999542236328,27.950000762939453
2021-12-03,39.627620697021484,8.532332420349121,54.099937438964844,10.846165657043457,345.8305969238281,20.59963607788086,141.87319946289062,85.72290802001953,23.583669662475586,4538.43017578125,1.343000054359436,30.670000076293945
2021-12-06,39.88054275512695,8.575209617614746,53.89305114746094,11.231927871704102,351.76708984375,20.843643188476562,143.5492401123047,86.64810943603516,23.93439483642578,4591.669921875,1.434000015258789,27.18000030517578
2021-12-07,40.386390686035156,8.635235786437988,54.22061538696289,11.474148750305176,361.534912109375,21.51934242248535,145.70928955078125,89.46741485595703,24.494688034057617,4686.75,1.4800000190734863,21.889999389648438
2021-12-08,39.889583587646484,8.566634178161621,53.84133529663086,11.572831153869629,359.013916015625,21.585037231445312,144.04217529296875,88.37637329101562,24.490407943725586,4701.2099609375,1.5089999437332153,19.899999618530273
2021-12-09,40.18766784667969,8.403704643249512,53.56547927856445,11.1511869430542,358.263916015625,20.96564483642578,143.81809997558594,87.79156494140625,24.302217483520508,4667.4501953125,1.4869999885559082,21.579999923706055
2021-12-10,40.21476745605469,8.429431915283203,52.332801818847656,11.133243560791016,353.357421875,20.824871063232422,143.2445526123047,85.91492462158203,24.481855392456055,4712.02001953125,1.4889999628067017,18.690000534057617
2021-12-13,39.365665435791016,8.197901725769043,51.87593460083008,10.94484806060791,347.556396484375,20.715442657470703,141.5415496826172,84.81513214111328,23.801803588867188,4668.97021484375,1.4240000247955322,20.309999465942383
2021-12-14,39.86248016357422,8.257927894592285,52.272464752197266,11.043532371520996,351.3334655761719,20.09284782409668,142.62608337402344,86.25534057617188,23.703428268432617,4634.08984375,1.437999963760376,21.889999389648438
2021-12-15,39.69084930419922,8.197901725769043,51.92766571044922,10.971762657165527,352.3183288574219,20.432445526123047,141.55947875976562,86.78778076171875,23.587949752807617,4709.85009765625,1.4630000591278076,19.290000915527344
2021-12-16,40.64834976196289,8.386553764343262,52.643131256103516,11.169127464294434,359.05908203125,19.97964859008789,143.77330017089844,87.54715728759766,23.73764419555664,4668.669921875,1.4220000505447388,20.56999969482422
2021-12-17,39.63665771484375,8.275075912475586,51.32425308227539,10.989705085754395,344.99017333984375,20.01738166809082,140.50184631347656,84.78021240234375,23.254337310791016,4620.64013671875,1.4019999504089355,21.56999969482422
2021-12-20,38.986289978027344,8.23220157623291,50.23811721801758,10.908963203430176,335.7826232910156,19.28158950805664,137.97430419921875,83.2439956665039,22.966238021850586,4568.02001953125,1.4190000295639038,22.8700008392334
2021-12-21,39.91667938232422,8.489458084106445,51.18632125854492,11.124272346496582,343.6529541015625,19.923049926757812,139.9013214111328,85.33883666992188,23.62042999267578,4649.22998046875,1.4869999885559082,21.010000228881836
2021-12-22,39.99797439575195,8.686687469482422,51.375980377197266,11.169127464294434,345.4690246582031,20.03624725341797,140.4480743408203,85.80146026611328,23.772066116333008,4696.56005859375,1.4570000171661377,18.6299991607666
2021-12-23,40.12443161010742,8.781015396118164,51.90180206298828,11.321638107299805,347.9178771972656,20.03624725341797,140.949951171875,86.70923614501953,23.785064697265625,4725.7900390625,1.4930000305175781,17.959999084472656
2021-12-27,40.32316970825195,8.883916854858398,52.281089782714844,11.465176582336426,350.62860107421875,20.00794792175293,141.7566680908203,87.63445281982422,24.30495834350586,4791.18994140625,1.4809999465942383,17.68000030517578
2021-12-28,40.37736129760742,8.918217658996582,52.25522994995117,11.393407821655273,350.24005126953125,19.80984878540039,142.18685913085938,87.25911712646484,24.287630081176758,4786.35009765625,1.4809999465942383,17.540000915527344
2021-12-29,40.314125061035156,8.892491340637207,52.18627166748047,11.29472541809082,348.9659729003906,19.743818283081055,142.1151580810547,86.17677307128906,24.13166046142578,4793.06005859375,1.5429999828338623,16.950000762939453
2021-12-30,40.223793029785156,8.883916854858398,52.0914421081543,11.231927871704102,348.3515930175781,20.01943016052246,142.04347229003906,86.23788452148438,23.984352111816406,4778.72998046875,1.5149999856948853,17.329999923706055
2021-12-31,40.18766784667969,8.87534236907959,52.056968688964844,11.213983535766602,345.66790771484375,19.981672286987305,141.92697143554688,85.67926025390625,24.045007705688477,4766.18017578125,1.5119999647140503,17.219999313354492
2022-01-03,41.714237213134766,9.081148147583008,54.39301300048828,11.50106143951416,357.2157897949219,20.14212989807129,144.92950439453125,87.4511489868164,24.790191650390625,4796.56005859375,1.628000020980835,16.600000381469727
2022-01-04,43.34920120239258,9.269801139831543,54.81540298461914,11.859909057617188,368.19439697265625,19.830656051635742,150.42373657226562,91.00366973876953,25.648008346557617,4793.5400390625,1.6679999828338623,16.90999984741211
2022-01-05,42.617530822753906,9.269801139831543,54.177520751953125,11.81505298614502,360.1976318359375,18.905664443969727,147.6737060546875,88.75169372558594,25.643680572509766,4700.580078125,1.7050000429153442,19.729999542236328
2022-01-06,43.47566604614258,9.56993293762207,55.9532585144043,12.416123390197754,358.6615295410156,18.641382217407227,149.2425994873047,90.27046203613281,26.215557098388672,4696.0498046875,1.7330000400543213,19.610000610351562
2022-01-07,44.42413330078125,9.73286247253418,56.70320510864258,12.640402793884277,359.18560791015625,18.55643081665039,150.7212677001953,90.82036590576172,26.575151443481445,4677.02978515625,1.7710000276565552,18.760000228881836
2022-01-10,44.19830322265625,9.904365539550781,56.91872024536133,12.452008247375488,360.68560791015625,18.47148323059082,150.86557006835938,90.89018249511719,26.49283218383789,4670.2900390625,1.7799999713897705,19.399999618530273
2022-01-11,44.45122528076172,9.938667297363281,57.849693298339844,12.676287651062012,364.1914367675781,18.631940841674805,151.0188751220703,92.45259094238281,27.393983840942383,4713.06982421875,1.746000051498413,18.40999984741211
2022-01-12,44.135074615478516,10.153046607971191,57.996246337890625,12.568633079528809,352.67974853515625,18.67913818359375,151.8754119873047,89.94749450683594,27.44597053527832,4726.35009765625,1.725000023841858,17.6200008392334
2022-01-13,44.04473876953125,10.350276947021484,58.42723846435547,12.425094604492188,353.1225280761719,18.47148323059082,151.68609619140625,89.5110855102539,27.30733299255371,4659.02978515625,1.7109999656677246,20.309999465942383
2022-01-14,43.27694320678711,10.367427825927734,57.69453048706055,12.371267318725586,344.2131652832031,18.35822105407715,142.36289978027344,86.30770874023438,27.948532104492188,4662.85009765625,1.7719999551773071,19.190000534057617
2022-01-18,41.7864990234375,10.007269859313965,56.289451599121094,12.111103057861328,320.2318420410156,17.848533630371094,136.39393615722656,82.05692291259766,28.061172485351562,4577.10986328125,1.8650000095367432,22.790000915527344
2022-01-19,41.949092864990234,9.810039520263672,55.37571716308594,11.877852439880371,313.83447265625,17.801340103149414,134.2840576171875,83.55823516845703,27.857553482055664,4532.759765625,1.8270000219345093,23.850000381469727
2022-01-20,41.32582092285156,9.595659255981445,55.56535720825195,11.716370582580566,314.53924560546875,17.914602279663086,133.13897705078125,87.13691711425781,27.60193634033203,4482.72998046875,1.8329999446868896,25.59000015258789
2022-01-21,40.576080322265625,9.312677383422852,54.53955841064453,11.49209213256836,310.75323486328125,17.27277183532715,130.81265258789062,86.29024505615234,27.056049346923828,4397.93994140625,1.746999979019165,28.850000381469727
2022-01-24,40.24186325073242,9.115447998046875,54.048213958740234,11.1511869430542,310.2833557128906,17.33884620666504,130.69546508789062,85.60942840576172,27.23801612854004,4410.1298828125,1.7350000143051147,29.899999618530273
2022-01-25,41.03676986694336,9.389853477478027,55.26365280151367,11.29472541809082,308.6207275390625,16.819717407226562,132.12002563476562,86.44735717773438,28.295127868652344,4356.4501953125,1.7829999923706055,31.15999984741211
2022-01-26,41.46131134033203,9.467032432556152,55.81534194946289,11.608716011047363,309.641845703125,16.876346588134766,133.37339782714844,87.43368530273438,28.24747085571289,4349.93017578125,1.8480000495910645,31.959999084472656
2022-01-27,41.072906494140625,9.475606918334961,55.29813003540039,11.82402515411377,308.1509094238281,16.6120662689209,131.02005004882812,88.2890853881836,28.555076599121094,4326.509765625,1.8070000410079956,30.489999771118164
2022-01-28,41.4342155456543,9.269801139831543,55.76362228393555,12.102130889892578,313.5543518066406,16.76308250427246,132.19219970703125,89.47566223144531,28.433767318725586,4431.85009765625,1.781999945640564,27.65999984741211
2022-01-31,41.67810821533203,9.33840274810791,56.13428497314453,12.460978507995605,320.4848937988281,17.6975154876709,133.9865264892578,90.12605285644531,28.559404373168945,4515.5498046875,1.781999945640564,24.829999923706055
2022-02-01,42.40074157714844,9.544208526611328,57.37557601928711,12.909539222717285,328.9606018066406,17.669193267822266,136.28573608398438,91.36536407470703,29.57752227783203,4546.5400390625,1.7999999523162842,21.959999084472656
2022-02-02,42.355587005615234,9.698562622070312,57.09112548828125,12.927480697631836,328.0569152832031,17.593687057495117,135.19476318359375,91.33899688720703,29.67284393310547,4589.3798828125,1.7660000324249268,22.09000015258789
2022-02-03,41.940059661865234,9.655686378479004,56.25497055053711,13.564435005187988,324.27996826171875,17.15007209777832,134.07667541503906,89.90632629394531,29.3912296295166,4477.43994140625,1.8270000219345093,24.350000381469727
2022-02-04,43.611167907714844,9.595659255981445,57.41048049926758,14.129619598388672,332.1592712402344,17.310527801513672,137.5570831298828,91.50599670410156,29.85047149658203,4500.52978515625,1.9299999475479126,23.219999313354492
2022-02-07,43.81892013549805,9.724287033081055,57.65373611450195,14.048879623413086,332.65618896484375,17.20670509338379,138.01693725585938,92.4464340209961,30.231727600097656,4483.8701171875,1.9160000085830688,22.860000610351562
2022-02-08,44.604793548583984,9.81861400604248,58.314029693603516,14.73068904876709,334.41827392578125,17.244455337524414,140.6136932373047,93.47478485107422,29.58186149597168,4521.5400390625,1.9539999961853027,21.440000534057617
2022-02-09,44.514461517333984,9.792889595031738,58.9395637512207,14.703776359558105,338.4211120605469,17.86741065979004,141.1997833251953,95.56665802001953,29.82880973815918,4587.18017578125,1.9290000200271606,19.959999084472656
2022-02-10,44.30670166015625,9.775737762451172,58.644168853759766,14.802459716796875,334.8428649902344,17.41435432434082,140.6136932373047,94.54710388183594,29.642515182495117,4504.080078125,2.0309998989105225,23.90999984741211
2022-02-11,43.28597640991211,9.492755889892578,58.340091705322266,14.08476448059082,328.0569152832031,16.96129608154297,138.78329467773438,91.9103012084961,30.504671096801758,4418.64013671875,1.9550000429153442,27.360000610351562
2022-02-14,42.834327697753906,9.158323287963867,57.74060821533203,14.021965980529785,325.5088195800781,16.82915687561035,137.49395751953125,90.15242767333984,29.785480499267578,4401.669921875,1.996000051498413,28.329999923706055
2022-02-15,43.16855239868164,9.321252822875977,58.20976638793945,14.309043884277344,328.85211181640625,17.67863655090332,139.504638671875,90.90830993652344,29.473554611206055,4471.06982421875,2.0450000762939453,25.700000762939453
2022-02-16,43.069183349609375,9.244074821472168,58.16633224487305,14.147562980651855,325.3371887207031,17.68807601928711,139.75714111328125,88.90433502197266,29.711833953857422,4475.009765625,2.046999931335449,24.290000915527344
2022-02-17,41.6148796081543,9.038270950317383,56.220211029052734,13.86048412322998,315.40673828125,17.442668914794922,136.53822326660156,84.5096435546875,29.6641788482666,4380.259765625,1.972000002861023,28.110000610351562
2022-02-18,41.5155143737793,8.995394706726074,55.72500228881836,13.734889030456543,312.67791748046875,17.121753692626953,137.1783905029297,83.86803436279297,29.482213973999023,4348.8701171875,1.9320000410079956,27.75
2022-02-22,41.15419387817383,8.978243827819824,55.50779724121094,13.331184387207031,311.07855224609375,16.6970157623291,136.9349365234375,83.2791519165039,29.005645751953125,4304.759765625,1.9479999542236328,28.809999465942383
2022-02-23,40.449623107910156,9.2097749710083,54.92570114135742,12.882624626159668,308.2954406738281,16.583749771118164,134.0676727294922,82.22442626953125,29.30458641052246,4225.5,1.9769999980926514,31.020000457763672
2022-02-24,39.383731842041016,8.523756980895996,52.71025085449219,11.456206321716309,307.3918762207031,17.848533630371094,130.33482360839844,80.69508361816406,29.074966430664062,4288.7001953125,1.968999981880188,30.31999969482422
2022-02-25,40.66641616821289,8.87534236907959,53.84838104248047,12.057275772094727,316.3645324707031,18.348783493041992,133.41845703125,83.1033706665039,29.841806411743164,4384.64990234375,1.9859999418258667,27.59000015258789
2022-02-28,39.92570877075195,8.489458084106445,51.459171295166016,11.1511869430542,308.3858642578125,19.5474910736084,127.8552474975586,79.75460815429688,30.57832145690918,4373.93994140625,1.8389999866485596,30.149999618530273
2022-03-01,38.363014221191406,7.983520030975342,50.90314483642578,10.191267967224121,298.3059387207031,19.358720779418945,123.03135681152344,77.02112579345703,30.885915756225586,4306.259765625,1.7070000171661377,33.31999969482422
2022-03-02,38.986289978027344,8.257927894592285,51.74587631225586,10.406578063964844,305.74090576171875,19.047243118286133,125.58301544189453,77.68031311035156,31.59210777282715,4386.5400390625,1.8650000095367432,30.739999771118164
2022-03-03,38.568729400634766,8.00965404510498,50.06040573120117,10.020816802978516,303.05047607421875,18.47148323059082,124.69041442871094,77.15296936035156,31.678754806518555,4363.490234375,1.843999981880188,30.479999542236328
2022-03-04,37.17085647583008,7.351686477661133,49.16554641723633,8.95324420928955,299.6420593261719,18.329904556274414,121.18294525146484,75.9048843383789,32.592899322509766,4328.8701171875,1.7239999771118164,31.979999542236328
2022-03-07,34.801734924316406,6.965678691864014,48.26198959350586,8.549541473388672,292.5707092285156,18.782960891723633,116.50334167480469,73.34716033935547,33.07379913330078,4201.08984375,1.7510000467300415,36.45000076293945
2022-03-08,35.02865219116211,7.2639570236206055,47.67119598388672,9.177525520324707,292.09808349609375,20.07606315612793,115.68282318115234,73.22413635253906,33.59369659423828,4170.7001953125,1.871999979019165,35.130001068115234
2022-03-09,37.25254440307617,7.597327709197998,48.60950469970703,9.751681327819824,303.2049255371094,20.132692337036133,120.3173599243164,76.81898498535156,32.56691360473633,4277.8798828125,1.9479999542236328,32.45000076293945
2022-03-10,36.916690826416016,7.413096904754639,47.67988204956055,9.635054588317871,299.8511047363281,19.849531173706055,118.89273834228516,75.46541595458984,33.56336975097656,4259.52001953125,2.010999917984009,30.229999542236328
2022-03-11,36.60807800292969,7.386777877807617,47.054344177246094,9.195466995239258,297.2152404785156,19.5474910736084,116.21480560302734,74.86772918701172,33.29475021362305,4204.31005859375,2.003999948501587,30.75
2022-03-14,37.39778518676758,7.781558036804199,47.11516571044922,9.984931945800781,295.37921142578125,18.8395938873291,117.36894989013672,74.46343231201172,32.29829788208008,4173.10986328125,2.140000104904175,31.770000457763672
2022-03-15,37.67009353637695,7.8429694175720215,47.879703521728516,10.200240135192871,299.17852783203125,19.141632080078125,119.4517593383789,75.87852478027344,31.11553955078125,4262.4501953125,2.1600000858306885,29.829999923706055
2022-03-16,38.85012435913086,8.176338195800781,49.34798049926758,10.95382022857666,309.7219543457031,19.65131950378418,124.7895736694336,80.65113067626953,30.972564697265625,4357.85986328125,2.187999963760376,26.670000076293945
2022-03-17,39.05889129638672,8.114928245544434,49.77369689941406,11.007647514343262,312.0032958984375,19.896724700927734,126.36748504638672,82.49689483642578,32.03835678100586,4411.669921875,2.191999912261963,25.670000076293945
2022-03-18,38.940895080566406,8.07983684539795,49.82582473754883,11.016617774963379,313.9211120605469,19.96279525756836,126.32240295410156,83.3406753540039,32.00802230834961,4463.1201171875,2.1480000019073486,23.8700008392334
2022-03-21,38.88643264770508,7.939471244812012,49.50436782836914,10.989705085754395,308.12225341796875,19.82121467590332,125.91665649414062,81.3982162475586,33.29831314086914,4461.18017578125,2.315000057220459,23.530000686645508
2022-03-22,40.1027717590332,8.158793449401855,49.956146240234375,11.644601821899414,311.76702880859375,20.094938278198242,128.59454345703125,82.81332397460938,33.053375244140625,4511.60986328125,2.372999906539917,22.940000534057617
2022-03-23,39.11336135864258,7.983335494995117,48.95702362060547,11.375466346740723,305.0410461425781,19.78346061706543,126.03386688232422,81.19607543945312,33.62198257446289,4456.240234375,2.321000099182129,23.56999969482422
2022-03-24,39.0952033996582,7.957015514373779,49.017845153808594,11.438263893127441,305.6046142578125,20.094938278198242,126.8543930053711,80.9763412475586,33.7050895690918,4520.16015625,2.3410000801086426,21.670000076293945
2022-03-25,39.69430160522461,7.939471244812012,49.295860290527344,11.563860893249512,306.74981689453125,19.858970642089844,127.96339416503906,81.19607543945312,34.44427490234375,4543.06005859375,2.492000102996826,20.809999465942383
2022-03-28,39.53091049194336,7.097272872924805,48.58344268798828,11.581803321838379,304.7592468261719,19.943912506103516,127.01669311523438,80.22045135498047,33.591365814208984,4575.52001953125,2.4769999980926514,19.6299991607666
2022-03-29,39.43106460571289,7.351686477661133,49.061283111572266,11.868881225585938,308.72210693359375,20.23651695251465,127.29618072509766,80.7214584350586,33.5038948059082,4631.60009765625,2.4000000953674316,18.899999618530273
2022-03-30,39.03166961669922,7.097272872924805,47.75807571411133,11.599745750427246,305.0228576660156,20.1893253326416,126.7191162109375,79.34150695800781,33.893165588378906,4602.4501953125,2.3580000400543213,19.329999923706055
2022-03-31,37.41594314575195,6.930587291717529,46.3940544128418,11.348550796508789,300.0328674316406,20.312028884887695,122.91413116455078,76.81898498535156,33.43391418457031,4530.41015625,2.3269999027252197,20.559999465942383
2022-04-01,37.12547302246094,6.974451541900635,45.464439392089844,11.7522554397583,300.1419982910156,20.4252872467041,122.00344848632812,76.4586181640625,33.7050895690918,4545.85986328125,2.377000093460083,19.6299991607666
2022-04-04,37.061927795410156,6.869177341461182,45.872772216796875,11.6984281539917,298.3149719238281,20.84058952331543,122.54447174072266,76.7135009765625,33.74883270263672,4582.64013671875,2.4119999408721924,18.56999969482422
2022-04-05,36.43560791015625,6.798994064331055,44.81283187866211,11.474148750305176,294.4521484375,20.783960342407227,121.11836242675781,74.95561981201172,33.21958923339844,4525.1201171875,2.555999994277954,21.030000686645508
2022-04-06,36.036216735839844,6.720037937164307,43.900596618652344,11.16015625,287.4535827636719,20.53855323791504,119.43793487548828,73.06591796875,33.416412353515625,4481.14990234375,2.6089999675750732,22.100000381469727
2022-04-07,35.754825592041016,6.676173686981201,43.466190338134766,11.330610275268555,285.53570556640625,20.293148040771484,119.07459259033203,73.06591796875,33.853797912597656,4500.2099609375,2.6519999504089355,21.549999237060547
2022-04-08,36.00898361206055,6.728811264038086,44.204673767089844,11.49209213256836,292.1163024902344,20.038305282592773,121.25462341308594,73.8833236694336,34.785438537597656,4488.27978515625,2.7130000591278076,21.15999984741211
2022-04-11,35.93636703491211,6.7024922370910645,43.917964935302734,10.756453514099121,291.54364013671875,19.830656051635742,120.80953979492188,73.84815979003906,33.740081787109375,4412.52978515625,2.7799999713897705,24.3700008392334
2022-04-12,35.55512619018555,6.614764213562012,43.73552703857422,10.48731803894043,290.6528625488281,19.6041259765625,119.48332977294922,73.76905822753906,34.29993438720703,4397.4501953125,2.7249999046325684,24.260000228881836
2022-04-13,35.2374267578125,6.772675037384033,43.57044982910156,10.693655967712402,292.6434020996094,19.849531173706055,115.63198852539062,73.94483947753906,34.81167984008789,4446.58984375,2.687000036239624,21.81999969482422
2022-04-14,34.102783203125,6.720037937164307,44.248111724853516,10.541145324707031,292.3434753417969,19.613563537597656,114.56014251708984,74.49860382080078,34.9254035949707,4392.58984375,2.828000068664551,22.700000762939453
2022-04-18,35.2646598815918,6.7814483642578125,45.44706344604492,10.60394287109375,299.8329162597656,19.471982955932617,116.6856460571289,76.01036071777344,35.437137603759766,4391.68994140625,2.861999988555908,22.170000076293945
2022-04-19,35.918212890625,6.834085941314697,45.97703170776367,10.70262622833252,305.35003662109375,19.877845764160156,119.1018295288086,78.14616394042969,35.14846420288086,4462.2099609375,2.9130001068115234,21.3700008392334
2022-04-20,35.99990463256836,6.886723041534424,46.13341522216797,10.846165657043457,309.99456787109375,19.528615951538086,119.5196762084961,79.6403579711914,35.284053802490234,4459.4501953125,2.8399999141693115,20.31999969482422
2022-04-21,35.319122314453125,6.8604044914245605,45.72507858276367,10.917935371398926,303.8503112792969,18.575313568115234,118.59317016601562,78.14616394042969,34.164344787597656,4393.66015625,2.9170000553131104,22.68000030517578
2022-04-22,34.09370803833008,6.693719863891602,44.50875473022461,10.568058013916016,290.6437683105469,18.26383399963379,115.1868896484375,74.48101806640625,33.32892608642578,4271.77978515625,2.9059998989105225,28.209999084472656
2022-04-25,33.84862518310547,6.7024922370910645,44.421875,10.254067420959473,292.14349365234375,18.26383399963379,115.15055084228516,74.75347137451172,32.226715087890625,4296.1201171875,2.8259999752044678,27.020000457763672
2022-04-26,33.086151123046875,6.412987232208252,43.639949798583984,9.760652542114258,284.5994873046875,17.763582229614258,111.7442626953125,72.39793395996094,32.27045440673828,4175.2001953125,2.7720000743865967,33.52000045776367
2022-04-27,32.904598236083984,6.386668682098389,43.09260177612305,9.087812423706055,284.69952392578125,17.980674743652344,110.29093170166016,72.2573013305664,32.74283218383789,4183.9599609375,2.818000078201294,31.600000381469727
2022-04-28,33.41291809082031,6.623536109924316,43.45750427246094,9.186495780944824,289.4076232910156,18.056180953979492,112.0349349975586,73.93275451660156,33.73570251464844,4287.5,2.86299991607666,29.989999771118164
2022-04-29,32.387210845947266,6.535807132720947,42.3164176940918,8.863533020019531,277.6644592285156,17.782461166381836,108.41973114013672,71.44174194335938,32.86967468261719,4131.93017578125,2.88700008392334,33.400001525878906
2022-05-02,32.80475616455078,6.562126159667969,42.75529479980469,9.042956352233887,282.1454772949219,17.810775756835938,109.40982818603516,72.65621948242188,33.39453887939453,4155.3798828125,2.996000051498413,32.34000015258789
2022-05-03,33.70339584350586,6.798994064331055,43.975379943847656,9.356948852539062,285.99920654296875,18.09393882751465,111.75335693359375,74.2430191040039,34.3305549621582,4175.47998046875,2.9600000381469727,29.25
2022-05-04,35.05588150024414,6.939360618591309,45.84498596191406,9.545343399047852,294.5884704589844,18.849031448364258,115.4503173828125,77.31912231445312,35.756439208984375,4300.169921875,2.9170000553131104,25.420000076293945
2022-05-05,34.07554626464844,6.64985466003418,45.03745651245117,8.872505187988281,284.5540771484375,18.112815856933594,112.561767578125,75.29794311523438,35.21844482421875,4146.8701171875,3.065999984741211,31.200000762939453
2022-05-06,33.99385452270508,6.579671859741211,45.3095588684082,8.82765007019043,284.45404052734375,17.527618408203125,112.3801040649414,74.66853332519531,36.2681770324707,4123.33984375,3.122999906539917,30.190000534057617
2022-05-09,33.01352310180664,6.456851482391357,43.791053771972656,8.522628784179688,280.75482177734375,16.47992515563965,110.69060516357422,71.93814849853516,33.267704010009766,3991.239990234375,3.0789999961853027,34.75
2022-05-10,32.45982360839844,6.360349178314209,42.790409088134766,8.728964805603027,277.27362060546875,16.47048568725586,107.99282836914062,71.1491928100586,33.56950378417969,4001.050048828125,2.993000030517578,32.9900016784668
2022-05-11,32.28736114501953,6.272620677947998,41.83366012573242,8.531599044799805,274.0833435058594,15.989114761352539,107.31155395507812,69.93470001220703,34.02000427246094,3935.179931640625,2.9210000038146973,32.560001373291016
2022-05-12,31.8335018157959,6.351576805114746,40.86812973022461,8.468801498413086,272.13836669921875,15.875848770141602,107.22071838378906,69.66875457763672,34.164344787597656,3930.080078125,2.816999912261963,31.770000457763672
2022-05-13,31.924272537231445,6.579671859741211,41.81610107421875,8.71102237701416,279.0278625488281,16.649818420410156,108.17447662353516,71.39740753173828,35.33216857910156,4023.889892578125,2.934999942779541,28.8700008392334
2022-05-16,31.597497940063477,6.693719863891602,41.658111572265625,8.684109687805176,275.8012390136719,16.517677307128906,107.42054748535156,70.83006286621094,36.26380157470703,4008.010009765625,2.877000093460083,27.469999313354492
2022-05-17,32.66859436035156,6.9832258224487305,44.80923843383789,9.078842163085938,284.4631042480469,17.216140747070312,110.98125457763672,73.5160903930664,36.68369674682617,4088.85009765625,2.9679999351501465,26.100000381469727
2022-05-18,31.661029815673828,6.7814483642578125,43.29072952270508,8.818676948547363,278.79156494140625,17.14063262939453,109.08282470703125,71.53038787841797,35.74332046508789,3923.679931640625,2.885999917984009,30.959999084472656
2022-05-19,31.270719528198242,6.877950668334961,43.694496154785156,9.06089973449707,280.12774658203125,17.801340103149414,107.4659652709961,70.88324737548828,35.612098693847656,3900.7900390625,2.8550000190734863,29.350000381469727
2022-05-20,30.73516845703125,6.834085941314697,43.66816711425781,9.081058502197266,278.8551025390625,17.895727157592773,106.58489227294922,70.36021423339844,35.76518249511719,3901.360107421875,2.7869999408721924,29.43000030517578
2022-05-23,32.55967330932617,7.106045246124268,46.318973541259766,9.759160041809082,287.77166748046875,18.112815856933594,113.17945861816406,72.96647644042969,36.70994186401367,3973.75,2.8589999675750732,28.479999542236328
2022-05-24,32.359981536865234,7.342914581298828,46.2399787902832,9.979084968566895,285.3539123535156,17.848533630371094,114.77814483642578,72.65621948242188,36.84989929199219,3941.47998046875,2.759999990463257,29.450000762939453
2022-05-25,32.532440185546875,7.386777877807617,46.257530212402344,10.098211288452148,286.2174072265625,18.103374481201172,115.57747650146484,72.89556884765625,37.610958099365234,3978.72998046875,2.749000072479248,28.3700008392334
2022-05-26,33.28584289550781,7.5622358322143555,47.47760772705078,10.253990173339844,294.1521911621094,18.55643081665039,117.5758285522461,75.35114288330078,38.02647399902344,4057.840087890625,2.75600004196167,27.5
2022-05-27,33.603546142578125,7.667510509490967,47.0650634765625,10.308971405029297,298.6513366699219,19.00948715209961,119.23809051513672,76.63652038574219,38.721923828125,4158.240234375,2.743000030517578,25.719999313354492
2022-05-31,33.766937255859375,7.614873886108398,46.880733489990234,10.244827270507812,298.8982849121094,18.764081954956055,120.110107421875,76.3616943359375,38.14019775390625,4132.14990234375,2.8440001010894775,26.190000534057617
2022-06-01,33.28584289550781,7.4920525550842285,45.98543167114258,10.052392959594727,294.32586669921875,18.5469970703125,118.00274658203125,75.35114288330078,38.761287689208984,4101.22998046875,2.930999994277954,25.690000534057617
2022-06-02,33.504947662353516,7.474506855010986,46.02054214477539,10.125700950622559,296.52056884765625,19.302085876464844,119.90116882324219,75.52842712402344,38.638824462890625,4176.81982421875,2.9130001068115234,24.719999313354492
2022-06-03,33.03934860229492,7.386777877807617,45.055015563964844,10.015739440917969,291.4269714355469,19.15106773376465,118.22982025146484,74.57101440429688,39.15056228637695,4108.5400390625,2.9570000171661377,24.790000915527344
2022-06-06,33.00283432006836,7.588554382324219,45.116455078125,10.208173751831055,293.1004333496094,19.528615951538086,117.8392562866211,75.23588562011719,39.10682678222656,4121.43017578125,3.0380001068115234,25.06999969482422
2022-06-07,33.18541717529297,7.6061015129089355,45.73088455200195,10.199009895324707,294.0149230957031,19.69851303100586,118.1480941772461,75.64366912841797,40.2746467590332,4160.68017578125,2.9719998836517334,24.020000457763672
2022-06-08,32.76546859741211,7.448187828063965,45.12522888183594,9.887450218200684,287.7689514160156,19.453105926513672,116.26780700683594,73.75544738769531,40.362125396728516,4115.77001953125,3.0290000438690186,23.959999084472656
2022-06-09,31.5056095123291,7.2639570236206055,43.86127853393555,9.658361434936523,278.2035827636719,18.920928955078125,113.82438659667969,71.94703674316406,39.4698600769043,4017.820068359375,3.0439999103546143,26.09000015258789
2022-06-10,30.28226661682129,6.9832258224487305,41.87755584716797,9.145203590393066,262.4744567871094,18.578811645507812,108.59231567382812,68.61385345458984,38.800655364990234,3900.860107421875,3.1559998989105225,27.75
2022-06-13,29.232383728027344,6.737583637237549,40.104488372802734,8.824480056762695,259.0909118652344,17.51445198059082,105.35863494873047,66.64585876464844,36.77555465698242,3749.6298828125,3.365999937057495,34.02000045776367
2022-06-14,28.721134185791016,6.641082286834717,40.34148406982422,8.787826538085938,258.37762451171875,17.31488037109375,103.60551452636719,66.45082092285156,36.84552764892578,3735.47998046875,3.4830000400543213,32.689998626708984
2022-06-15,29.25977325439453,7.009543418884277,41.76344680786133,9.154367446899414,265.2636413574219,17.73302459716797,104.83180236816406,67.39048767089844,36.03199005126953,3789.989990234375,3.3949999809265137,29.6200008392334
2022-06-16,29.077186584472656,6.755129814147949,41.15779495239258,9.007750511169434,260.6089782714844,17.077299118041992,103.03327178955078,65.55547332763672,34.002506256103516,3666.77001953125,3.306999921798706,32.95000076293945
2022-06-17,29.141094207763672,6.816539287567139,40.83302688598633,9.081058502197266,255.86276245117188,17.69501304626465,102.66993713378906,64.62468719482422,32.14360809326172,3674.840087890625,3.239000082015991,31.1299991607666
2022-06-21,29.990121841430664,7.0007710456848145,42.09697723388672,9.365128517150879,260.4535217285156,18.132158279418945,105.21328735351562,66.15827941894531,33.8088493347168,3764.7900390625,3.306999921798706,30.190000534057617
2022-06-22,29.76188850402832,7.053408622741699,41.42989730834961,9.365128517150879,260.2065734863281,18.01811981201172,104.62285614013672,65.95439147949219,32.4554328918457,3759.889892578125,3.1559998989105225,28.950000762939453
2022-06-23,29.28716278076172,6.720037937164307,40.68380355834961,8.32048511505127,261.69720458984375,18.3602352142334,103.47834777832031,65.5732192993164,31.252397537231445,3795.72998046875,3.068000078201294,29.049999237060547
2022-06-24,29.49713706970215,6.965678691864014,42.00921630859375,8.668699264526367,276.8592224121094,18.44576644897461,106.56670379638672,68.98617553710938,31.66372299194336,3911.739990234375,3.125,27.229999542236328
2022-06-27,29.533653259277344,6.948133945465088,41.982879638671875,8.604555130004883,275.0577087402344,18.702354431152344,105.71287536621094,68.6493148803711,32.5925407409668,3900.110107421875,3.194000005722046,26.950000762939453
2022-06-28,29.451488494873047,6.886723041534424,41.43867492675781,8.439611434936523,273.8780517578125,18.198680877685547,105.2042007446289,69.28758239746094,33.47270202636719,3821.550048828125,3.2060000896453857,28.360000610351562
2022-06-29,29.086315155029297,6.772675037384033,41.342124938964844,8.219687461853027,277.34393310546875,17.79954719543457,104.73186492919922,69.3141860961914,32.30947494506836,3818.830078125,3.0929999351501465,28.15999984741211
2022-06-30,28.419864654541016,6.66740083694458,40.36781692504883,8.008925437927246,271.6192626953125,18.103647232055664,102.28842163085938,67.42596435546875,31.628347396850586,3785.3798828125,2.9719998836517334,28.709999084472656
2022-07-01,28.812429428100586,6.66740083694458,41.140235900878906,7.752346992492676,273.64031982421875,18.3602352142334,103.59645080566406,68.03764343261719,32.101593017578125,3825.330078125,2.8889999389648438,26.700000762939453
2022-07-05,28.520288467407227,6.412987232208252,40.91202926635742,7.4957685470581055,271.783935546875,18.094148635864258,103.20240020751953,67.47027587890625,30.827791213989258,3831.389892578125,2.809000015258789,27.540000915527344
2022-07-06,28.282920837402344,6.272620677947998,40.508262634277344,7.285006523132324,268.63812255859375,18.01811981201172,102.533447265625,66.88519287109375,30.301469802856445,3845.080078125,2.9130001068115234,26.729999542236328
2022-07-07,29.086315155029297,6.456851482391357,41.192901611328125,7.3949689865112305,273.0641174316406,18.75937271118164,105.12679290771484,68.2503890991211,31.393930435180664,3902.6201171875,3.007999897003174,26.079999923706055
2022-07-08,29.022409439086914,6.509488105773926,41.096351623535156,7.614894390106201,271.1163635253906,18.996950149536133,104.7968978881836,68.01990509033203,31.380657196044922,3899.3798828125,3.1010000705718994,24.639999389648438
2022-07-11,28.721134185791016,6.377894878387451,40.54336166381836,7.275843143463135,268.1076354980469,18.48377799987793,103.42232513427734,67.21318817138672,31.07990074157715,3854.429931640625,2.990999937057495,26.170000076293945
2022-07-12,28.62984848022461,6.360349178314209,40.490699768066406,7.211698532104492,267.5132751464844,18.151165008544922,103.52310943603516,67.319580078125,30.473955154418945,3818.800048828125,2.9579999446868896,27.290000915527344
2022-07-13,28.155113220214844,6.342803001403809,39.937721252441406,7.156717300415039,265.3368225097656,18.255701065063477,102.55176544189453,66.46856689453125,30.425308227539062,3801.780029296875,2.9040000438690186,26.81999969482422
2022-07-14,27.506927490234375,6.105935573577881,38.743980407714844,7.028428077697754,257.5088195800781,18.17967414855957,98.96873474121094,66.21147918701172,29.850326538085938,3790.3798828125,2.9600000381469727,26.399999618530273
2022-07-15,29.44236183166504,6.360349178314209,43.870052337646484,7.248352527618408,268.73870849609375,17.87557029724121,103.50479125976562,69.19007873535156,30.336849212646484,3863.159912109375,2.930000066757202,24.229999542236328
2022-07-18,29.451488494873047,6.518261432647705,43.94904708862305,7.4682769775390625,275.49664306640625,18.236696243286133,102.44181060791016,69.90811920166016,31.031246185302734,3830.85009765625,2.9600000381469727,25.299999237060547
2022-07-19,30.44659423828125,6.7814483642578125,45.75721740722656,7.908127307891846,290.8507995605469,18.569307327270508,104.98016357421875,72.38140869140625,31.986604690551758,3936.68994140625,3.0190000534057617,24.5
2022-07-20,30.455730438232422,6.7112650871276855,46.03809356689453,7.71569299697876,293.9600524902344,18.673843383789062,104.96183776855469,72.52324676513672,32.29620361328125,3959.89990234375,3.0360000133514404,23.8799991607666
2022-07-21,30.720478057861328,6.7814483642578125,46.16097640991211,7.972271919250488,298.6147766113281,18.63582992553711,105.67662811279297,73.59588623046875,31.730072021484375,3998.949951171875,2.9100000858306885,23.110000610351562
2022-07-22,30.51962661743164,6.684946537017822,45.56410598754883,7.6973652839660645,296.2279968261719,18.531291961669922,105.16343688964844,73.07286071777344,31.469118118286133,3961.6298828125,2.7829999923706055,23.030000686645508
2022-07-25,30.793514251708984,6.904268264770508,45.78354263305664,7.853146076202393,296.4017639160156,18.768875122070312,105.58497619628906,73.17922973632812,32.623497009277344,3966.840087890625,2.819999933242798,23.360000610351562
2022-07-26,30.17271614074707,6.676173686981201,45.116455078125,7.5690765380859375,291.30804443359375,18.474275588989258,103.93550872802734,71.61902618408203,32.32715606689453,3921.050048828125,2.7869999408721924,24.690000534057617
2022-07-27,30.66570281982422,6.921814918518066,45.9503173828125,7.6423845291137695,296.78582763671875,19.348569869995117,105.60330200195312,73.14379119873047,33.05694580078125,4023.610107421875,2.7339999675750732,23.239999771118164
2022-07-28,30.41920280456543,6.562126159667969,45.84498596191406,7.89896297454834,300.9649353027344,20.707534790039062,105.20925903320312,74.2310791015625,33.242713928222656,4072.429931640625,2.680999994277954,22.329999923706055
2022-07-29,30.866548538208008,6.834085941314697,46.00454330444336,7.981435775756836,304.8789367675781,21.182695388793945,105.71326446533203,75.43917083740234,34.6845817565918,4130.2900390625,2.6419999599456787,21.329999923706055
2022-08-01,30.77525520324707,7.018316268920898,46.02226638793945,7.908127307891846,303.6809997558594,20.91660499572754,104.6594467163086,75.2512435913086,33.96807098388672,4118.6298828125,2.6059999465942383,22.84000015258789
2022-08-02,30.16358757019043,6.895496368408203,44.98516845703125,7.7981648445129395,299.8401794433594,21.182695388793945,103.02828979492188,74.75010681152344,33.88845443725586,4091.18994140625,2.740999937057495,23.93000030517578
2022-08-03,30.711349487304688,7.079726696014404,45.74748611450195,7.999762535095215,304.67779541015625,20.73604393005371,104.10960388183594,76.11033630371094,32.91541290283203,4155.169921875,2.747999906539917,21.950000762939453
2022-08-04,30.49224281311035,7.018316268920898,45.43724060058594,8.082233428955078,303.4889221191406,21.135177612304688,102.96412658691406,76.38774108886719,31.69468116760254,4151.93994140625,2.6760001182556152,21.440000534057617
2022-08-05,31.003482818603516,7.097272872924805,45.791805267333984,8.164706230163574,306.04949951171875,21.296733856201172,106.079833984375,77.07682800292969,32.32273864746094,4145.18994140625,2.8399999141693115,21.149999618530273
2022-08-08,30.57440948486328,7.132364273071289,45.623390197753906,8.183032989501953,306.0586242675781,21.391767501831055,104.78772735595703,76.98733520507812,32.49081039428711,4140.06005859375,2.765000104904175,21.290000915527344
2022-08-09,30.966970443725586,7.158681869506836,46.1729621887207,8.164706230163574,307.8326721191406,21.467792510986328,105.73160552978516,77.28264617919922,33.06136703491211,4122.47021484375,2.796999931335449,21.770000457763672
2022-08-10,32.0168571472168,7.430643558502197,47.14801025390625,8.347976684570312,318.1571960449219,22.437122344970703,108.4898910522461,79.54670715332031,33.300209045410156,4210.240234375,2.7860000133514404,19.739999771118164
2022-08-11,32.783721923828125,7.508841037750244,47.865989685058594,8.375467300415039,321.60479736328125,22.123516082763672,110.09355926513672,80.71900939941406,34.44573974609375,4207.27001953125,2.888000011444092,20.200000762939453
2022-08-12,33.1397705078125,7.615474700927734,48.20283126831055,8.586228370666504,323.561767578125,22.380102157592773,111.91714477539062,82.02556610107422,34.70669174194336,4280.14990234375,2.8489999771118164,19.530000686645508
2022-08-15,33.09412384033203,7.571043968200684,47.92804718017578,8.38463020324707,325.41827392578125,22.351593017578125,112.21954345703125,82.34770202636719,34.02999496459961,4297.14013671875,2.7909998893737793,19.950000762939453
2022-08-16,33.450172424316406,7.499954700469971,48.02554702758789,8.439611434936523,324.613525390625,22.066495895385742,113.29170989990234,82.16873931884766,33.950374603271484,4305.2001953125,2.8239998817443848,19.690000534057617
2022-08-17,33.240196228027344,7.366662502288818,47.65325164794922,8.238014221191406,323.4886169433594,21.98096466064453,112.33867645263672,81.74815368652344,34.23344039916992,4274.0400390625,2.8929998874664307,19.899999618530273
2022-08-18,33.12150573730469,7.295572757720947,47.46711349487305,8.210522651672363,324.2019348144531,22.028480529785156,111.4681167602539,82.08820343017578,35.15340805053711,4283.740234375,2.880000114440918,19.559999465942383
2022-08-19,32.39115905761719,7.055644989013672,46.63389587402344,7.816491603851318,319.40087890625,21.42027473449707,108.7098159790039,80.54899597167969,35.14457321166992,4228.47998046875,2.989000082015991,20.600000381469727
2022-08-22,31.69731903076172,6.922351837158203,45.428375244140625,7.68820333480835,313.13671875,21.087663650512695,106.91372680664062,79.16192626953125,35.07822036743164,4137.990234375,3.0369999408721924,23.799999237060547
2022-08-23,31.41431999206543,6.984555244445801,45.162452697753906,7.624057292938232,311.08831787109375,21.125675201416016,105.8598861694336,79.01873016357422,36.34318161010742,4128.72998046875,3.053999900817871,24.110000610351562
2022-08-24,31.514739990234375,6.940123558044434,45.215633392333984,7.614894390106201,312.6977844238281,21.543819427490234,106.1164779663086,79.28719329833984,36.78989791870117,4140.77001953125,3.1059999465942383,22.81999969482422
2022-08-25,32.08075714111328,7.082303047180176,46.146366119384766,7.70652961730957,316.8586120605469,21.990468978881836,108.63652038574219,80.45950317382812,37.07297134399414,4199.1201171875,3.0260000228881836,21.780000686645508
2022-08-26,31.067399978637695,6.8423752784729,44.1253547668457,7.4316229820251465,307.6315612792969,21.486799240112305,105.08094787597656,77.68533325195312,36.63951873779297,4057.659912109375,3.0350000858306885,25.559999465942383
2022-08-29,30.94871711730957,6.8423752784729,43.761932373046875,7.5507493019104,305.36370849609375,21.249217987060547,104.82440185546875,76.37879180908203,37.192378997802734,4030.610107421875,3.109999895095825,26.209999084472656
2022-08-30,31.122173309326172,6.931238174438477,43.5048713684082,7.70652961730957,305.09844970703125,21.040145874023438,104.84272003173828,75.55550384521484,35.931846618652344,3986.159912109375,3.109999895095825,26.209999084472656
2022-08-31,30.683958053588867,6.922351837158203,43.26553726196289,7.614894390106201,306.5173645019531,21.07815933227539,104.2195816040039,76.2624740600586,35.60455322265625,3955.0,3.132999897003174,25.8700008392334
2022-09-01,30.757478713989258,6.762400150299072,43.21235656738281,7.514094829559326,307.2821350097656,20.707534790039062,104.93436431884766,77.11260986328125,34.72881317138672,3966.85009765625,3.265000104904175,25.559999465942383
2022-09-02,30.720718383789062,6.8601484298706055,43.292137145996094,7.578240871429443,305.42095947265625,20.374919891357422,104.20124053955078,77.31845092773438,35.36571502685547,3924.260009765625,3.193000078201294,25.469999313354492
2022-09-06,30.380706787109375,6.957896709442139,42.74256896972656,7.5415849685668945,300.8231506347656,20.593494415283203,104.2287368774414,76.18192291259766,35.038421630859375,3908.18994140625,3.3399999141693115,26.90999984741211
2022-09-07,30.849369049072266,6.85126256942749,43.10599136352539,7.587402820587158,304.57330322265625,21.591331481933594,106.20812225341797,77.73008728027344,34.631507873535156,3979.8701171875,3.265000104904175,24.639999389648438
2022-09-08,31.841848373413086,6.966783046722412,44.231727600097656,7.981435775756836,309.01434326171875,21.733882904052734,108.68232727050781,79.14400482177734,34.781883239746094,4006.179931640625,3.2920000553131104,23.610000610351562
2022-09-09,32.108341217041016,7.117848873138428,44.91426086425781,8.210522651672363,313.3633117675781,21.79090118408203,109.20466613769531,80.05680847167969,35.648780822753906,4067.360107421875,3.321000099182129,22.790000915527344
2022-09-12,32.4116096496582,7.331116676330566,45.09154510498047,8.531248092651367,315.6483459472656,21.942951202392578,110.49676513671875,80.67427825927734,36.303375244140625,4110.41015625,3.361999988555908,23.8700008392334
2022-09-13,31.244525909423828,7.082303047180176,43.4339599609375,8.228850364685059,302.5738525390625,21.363256454467773,106.65714263916016,77.9001235961914,35.3878288269043,3932.68994140625,3.421999931335449,27.270000457763672
2022-09-14,31.12505531311035,7.055644989013672,42.9286994934082,8.219687461853027,301.5326843261719,21.69586753845215,106.40970611572266,78.0164566040039,36.38740921020508,3946.010009765625,3.4119999408721924,26.15999984741211
2022-09-15,31.71319007873535,7.126735210418701,42.93757247924805,8.412120819091797,305.5499267578125,21.087663650512695,108.01338195800781,78.98291778564453,35.44974899291992,3901.35009765625,3.4590001106262207,26.270000457763672
2022-09-16,31.354793548583984,7.037872314453125,42.64505386352539,8.329648971557617,300.56524658203125,21.011634826660156,107.28943634033203,78.24016571044922,34.69343185424805,3873.330078125,3.447999954223633,26.299999237060547
2022-09-19,31.878604888916016,7.073417663574219,42.760292053222656,8.38463020324707,302.8226318359375,20.95461654663086,108.27911376953125,79.39457702636719,34.71399688720703,3899.889892578125,3.490000009536743,25.760000228881836
2022-09-20,31.400741577148438,6.957896709442139,41.88274383544922,8.137215614318848,297.8471374511719,20.32740592956543,106.14397430419922,78.02540588378906,34.47255325317383,3855.929931640625,3.571000099182129,27.15999984741211
2022-09-21,30.463411331176758,6.691310882568359,41.067256927490234,7.880636692047119,295.49755859375,20.222867965698242,103.08324432373047,77.28264617919922,33.96732711791992,3789.929931640625,3.509999990463257,27.989999771118164
2022-09-22,29.866092681884766,6.691310882568359,40.40244674682617,8.1280517578125,288.3199768066406,19.586153030395508,101.91029357910156,75.85975646972656,33.84659957885742,3757.989990234375,3.7079999446868896,27.350000381469727
2022-09-23,29.158491134643555,6.291430950164795,39.232383728027344,7.6423845291137695,278.23077392578125,19.025463104248047,100.01339721679688,72.94242858886719,31.51264762878418,3693.22998046875,3.697000026702881,29.920000076293945
2022-09-26,28.515222549438477,6.1314802169799805,38.10665512084961,7.440786838531494,271.4586486816406,18.559804916381836,97.85993194580078,71.37637329101562,30.739145278930664,3655.0400390625,3.878000020980835,32.2599983215332
2022-09-27,28.09250259399414,5.971527576446533,37.75209045410156,7.083409309387207,268.4733581542969,18.683345794677734,96.99852752685547,71.12580871582031,31.083423614501953,3647.2900390625,3.9639999866485596,32.599998474121094
2022-09-28,28.551979064941406,5.918210983276367,38.4700813293457,7.019264221191406,277.1435852050781,18.97794532775879,98.9595718383789,72.90663146972656,32.46053695678711,3719.0400390625,3.7049999237060547,30.18000030517578
2022-09-29,28.17521095275879,5.758259296417236,37.574806213378906,6.835993766784668,272.8315124511719,18.151165008544922,97.28260803222656,71.46585083007812,32.46053695678711,3640.469970703125,3.746999979019165,31.84000015258789
2022-09-30,27.75248908996582,5.687169075012207,36.93659591674805,6.781012535095215,270.0121154785156,18.14166259765625,95.76142120361328,70.7052230834961,32.20120620727539,3585.6201171875,3.803999900817871,31.6200008392334
2022-10-03,28.570362091064453,5.873780250549316,37.72550582885742,6.900138854980469,275.6324768066406,18.702354431152344,98.72132110595703,71.93120574951172,34.02096939086914,3678.429931640625,3.6510000228881836,30.100000381469727
2022-10-04,29.755813598632812,6.1847968101501465,39.3653450012207,7.459114074707031,290.11669921875,19.29155158996582,103.33982849121094,75.14384460449219,35.483036041259766,3790.929931640625,3.617000102996826,29.06999969482422
2022-10-05,29.33309555053711,6.024845123291016,38.86009979248047,7.175044536590576,284.7081604003906,18.521791458129883,102.0639419555664,74.37425231933594,36.216304779052734,3783.280029296875,3.759000062942505,28.549999237060547
2022-10-06,28.910375595092773,5.793803691864014,38.168701171875,7.0559186935424805,280.71856689453125,18.02762222290039,99.98363494873047,72.76346588134766,36.86014938354492,3744.52001953125,3.8259999752044678,30.520000457763672
2022-10-07,28.257911682128906,5.713828086853027,37.397525787353516,7.028428077697754,277.4107666015625,17.51445198059082,97.986572265625,70.63362121582031,36.57400131225586,3639.659912109375,3.882999897003174,31.360000610351562
2022-10-10,28.17521095275879,5.642738342285156,36.87454605102539,7.101736068725586,276.9132385253906,17.43842315673828,97.07121276855469,70.16827392578125,35.82284164428711,3612.389892578125,3.888000011444092,32.45000076293945
2022-10-11,27.357337951660156,5.438355922698975,35.85517883300781,6.817667007446289,271.0808410644531,17.257863998413086,94.26976776123047,68.90647888183594,35.536685943603516,3588.840087890625,3.938999891281128,33.630001068115234
2022-10-12,27.44004249572754,5.376152038574219,36.20088195800781,6.973446846008301,272.0943908691406,16.820716857910156,95.79531860351562,68.54851531982422,35.82284164428711,3577.030029296875,3.9019999504089355,33.56999969482422
2022-10-13,29.121734619140625,5.829348564147949,38.071197509765625,7.5507493019104,282.9299011230469,17.01077651977539,101.12088012695312,70.98263549804688,37.28490447998047,3669.909912109375,3.9519999027252197,31.940000534057617
2022-10-14,29.130922317504883,5.713828086853027,38.319393157958984,7.624057292938232,276.40643310546875,16.668663024902344,102.80360412597656,67.3851547241211,35.89438247680664,3583.070068359375,4.010000228881836,32.02000045776367
2022-10-17,30.89532470703125,5.918210983276367,38.63850021362305,7.70652961730957,282.59820556640625,16.97276496887207,107.12137603759766,69.0317611694336,36.341495513916016,3677.949951171875,4.014999866485596,31.3700008392334
2022-10-18,32.05319595336914,6.0159592628479,39.1348876953125,7.953944206237793,289.1769104003906,17.409912109375,109.87661743164062,71.09001159667969,36.6589469909668,3719.97998046875,3.997999906539917,30.5
2022-10-19,31.171003341674805,5.820463180541992,38.41689682006836,7.944781303405762,287.251220703125,16.896739959716797,107.72235107421875,69.47921752929688,37.740966796875,3695.159912109375,4.126999855041504,30.760000228881836
2022-10-20,30.968839645385742,5.8382344245910645,38.04460144042969,7.953944206237793,286.3758239746094,16.75419044494629,107.3709945678711,68.54851531982422,37.7767333984375,3665.780029296875,4.22599983215332,29.979999542236328
2022-10-21,32.117530822753906,5.918210983276367,39.232383728027344,8.173869132995605,299.54248046875,17.048791885375977,113.01092529296875,70.89313507080078,38.86769485473633,3752.75,4.2129998207092285,29.690000534057617
2022-10-24,32.227813720703125,6.060389518737793,39.3653450012207,8.30215835571289,302.8594970703125,16.915746688842773,113.14959716796875,71.08106231689453,39.05101013183594,3797.340087890625,4.234000205993652,29.850000381469727
2022-10-25,32.521873474121094,6.2292280197143555,40.17198944091797,8.512920379638672,306.26861572265625,17.419416427612305,113.44544982910156,72.04754638671875,39.09124755859375,3859.110107421875,4.107999801635742,28.459999084472656
2022-10-26,32.80674743652344,6.22034215927124,40.25175857543945,8.586228370666504,309.29998779296875,17.87557029724121,114.7491226196289,72.40550231933594,39.62331771850586,3830.60009765625,4.014999866485596,27.280000686645508
2022-10-27,32.96297073364258,6.211455345153809,40.278343200683594,8.906951904296875,310.6728210449219,17.961097717285156,115.20216369628906,72.20862579345703,39.766395568847656,3807.300048828125,3.937000036239624,27.389999389648438
2022-10-28,33.24784469604492,6.149251937866211,40.88996505737305,8.98025894165039,314.94805908203125,17.932592391967773,116.57054138183594,74.29134368896484,39.905006408691406,3901.06005859375,4.010000228881836,25.75
2022-10-31,33.119197845458984,6.149251937866211,40.65064239501953,8.778661727905273,317.42657470703125,17.951595306396484,116.3856201171875,74.24616241455078,40.24034118652344,3871.97998046875,4.077000141143799,25.8799991607666
2022-11-01,33.2662239074707,6.238113880157471,40.96974563598633,8.80615234375,321.1766052246094,17.9801082611084,118.48440551757812,75.64669799804688,40.62933349609375,3856.10009765625,4.052000045776367,25.809999465942383
2022-11-02,33.16514587402344,6.113707065582275,40.3758544921875,8.760335922241211,322.2914733886719,17.704509735107422,117.39340209960938,76.23401641845703,39.650142669677734,3759.68994140625,4.059000015258789,25.860000610351562
2022-11-03,32.98134994506836,5.989299774169922,39.516048431396484,8.622882843017578,321.44378662109375,18.07513999938965,117.60604858398438,75.55635070800781,40.3834114074707,3719.889892578125,4.124000072479248,25.299999237060547
2022-11-04,33.808414459228516,6.3447489738464355,40.46650695800781,8.906951904296875,329.7731628417969,18.20818519592285,120.8235855102539,76.66770935058594,40.875244140625,3770.550048828125,4.156000137329102,24.549999237060547
2022-11-07,34.01057815551758,6.362521171569824,41.00450134277344,8.98025894165039,334.0576171875,18.01811981201172,121.46154022216797,77.31829833984375,41.57720947265625,3806.800048828125,4.214000225067139,24.350000381469727
2022-11-08,34.102474212646484,6.433610916137695,41.35419845581055,9.062731742858887,335.4028015136719,18.45526695251465,121.53551483154297,77.05625915527344,41.61744689941406,3828.110107421875,4.125999927520752,25.540000915527344
2022-11-09,33.560298919677734,6.28254508972168,40.67273712158203,8.833642959594727,333.5416259765625,18.36973762512207,119.95448303222656,75.4027328491211,39.58308029174805,3748.570068359375,4.151000022888184,26.09000015258789
2022-11-10,35.03981018066406,6.664651870727539,43.416534423828125,9.328474998474121,348.56939697265625,19.633670806884766,124.8917007446289,80.23683166503906,40.46389389038086,3956.3701171875,3.8289999961853027,23.530000686645508
2022-11-11,35.297122955322266,6.780172824859619,45.003631591796875,9.731669425964355,354.89013671875,19.434099197387695,125.09508514404297,82.02587890625,41.63980484008789,3992.929931640625,3.812999963760376,22.520000457763672
2022-11-14,34.699798583984375,6.664651870727539,43.954532623291016,9.594216346740723,352.301025390625,19.263044357299805,123.80997467041016,81.1494140625,41.62639617919922,3957.25,3.865000009536743,23.729999542236328
2022-11-15,34.64466857910156,6.664651870727539,43.9635009765625,9.667525291442871,352.7801818847656,19.614662170410156,122.91313934326172,81.77288055419922,42.06456756591797,3991.72998046875,3.7990000247955322,24.540000915527344
2022-11-16,34.332218170166016,6.593562126159668,43.3717041015625,9.649197578430176,352.2733459472656,19.40559196472168,123.07952117919922,81.15845489501953,41.206092834472656,3958.7900390625,3.691999912261963,24.110000610351562
2022-11-17,34.15761947631836,6.700197219848633,43.26409912109375,9.640035629272461,349.9238586425781,19.50062370300293,122.54328918457031,80.37234497070312,41.29552459716797,3946.56005859375,3.7750000953674316,23.93000030517578
2022-11-18,34.17599105834961,6.753513813018799,43.63174057006836,9.62170696258545,349.38946533203125,19.47211265563965,123.74523162841797,80.5982437133789,40.9691276550293,3965.340087890625,3.818000078201294,23.1200008392334
2022-11-21,34.28627014160156,6.735741138458252,43.82899475097656,9.566725730895996,350.320068359375,19.329566955566406,123.01481628417969,80.48982238769531,40.41471481323242,3949.93994140625,3.825000047683716,22.360000610351562
2022-11-22,34.451683044433594,6.753513813018799,44.23249435424805,9.603379249572754,353.6922912597656,19.576648712158203,124.85472869873047,81.02291870117188,41.68004608154297,4003.580078125,3.757999897003174,21.290000915527344
2022-11-23,34.561954498291016,6.8423752784729,43.25513458251953,9.759160041809082,355.8851318359375,19.78571891784668,126.18612670898438,81.25785827636719,41.22846603393555,4027.260009765625,3.7060000896453857,20.350000381469727
2022-11-25,34.64466857910156,6.940123558044434,43.29997253417969,9.905776977539062,358.2900390625,19.766714096069336,126.42650604248047,82.14335632324219,41.076446533203125,4026.1201171875,3.690999984741211,20.5
2022-11-28,33.872737884521484,6.780172824859619,42.3494987487793,9.658361434936523,352.301025390625,19.40559196472168,124.21678161621094,81.22171020507812,39.94970703125,3963.93994140625,3.703000068664551,22.209999084472656
2022-11-29,34.00139617919922,6.966783046722412,42.65436935424805,9.695015907287598,353.5448913574219,19.301055908203125,126.26008605957031,82.29694366455078,40.55331802368164,3957.6298828125,3.747999906539917,21.889999389648438
2022-11-30,34.78250503540039,7.064530849456787,43.407562255859375,9.740832328796387,358.1263732910156,20.108829498291016,127.75788879394531,84.09505462646484,40.754520416259766,4080.110107421875,3.703000068664551,20.579999923706055
2022-12-01,33.78422927856445,7.011214256286621,42.842674255371094,9.548399925231934,355.9562072753906,19.918766021728516,125.9642105102539,84.03179931640625,40.62038040161133,4076.570068359375,3.5290000438690186,19.84000015258789
2022-12-02,33.34980010986328,6.949010848999023,42.35847473144531,9.667525291442871,352.96063232421875,20.213367462158203,124.9656982421875,83.21859741210938,40.378944396972656,4071.699951171875,3.50600004196167,19.059999465942383
2022-12-05,31.86162757873535,6.8423752784729,40.92380905151367,9.713342666625977,344.5766906738281,19.95677947998047,121.46154022216797,81.1494140625,39.18067169189453,3998.840087890625,3.5989999771118164,20.75
2022-12-06,30.502859115600586,6.940123558044434,40.33200454711914,9.585053443908691,336.5729675292969,19.538637161254883,121.66493225097656,79.07123565673828,38.14784240722656,3941.260009765625,3.513000011444092,22.170000076293945
2022-12-07,30.26253890991211,6.895693302154541,40.05403137207031,9.566725730895996,333.7999267578125,19.462608337402344,121.58173370361328,78.86338806152344,38.05842208862305,3933.919921875,3.4079999923706055,22.68000030517578
2022-12-08,29.9852352142334,6.886806488037109,40.07197570800781,9.685851097106934,332.09344482421875,19.614662170410156,122.85765838623047,80.13742065429688,37.88850784301758,3963.510009765625,3.490999937057495,22.290000915527344
2022-12-09,29.929777145385742,7.04675817489624,40.22439956665039,9.76832389831543,333.07659912109375,19.55764389038086,122.19194793701172,80.84221649169922,36.96744918823242,3934.3798828125,3.566999912261963,22.829999923706055
2022-12-12,30.2532901763916,7.04675817489624,41.04037094116211,9.722505569458008,336.8233642578125,19.73820686340332,124.08731079101562,82.33309173583984,37.93769454956055,3990.56005859375,3.6110000610351562,25.0
2022-12-13,30.271780014038086,7.171165466308594,41.775638580322266,9.997410774230957,341.9335021972656,19.972387313842773,123.96712493896484,83.76976013183594,38.65754699707031,4019.64990234375,3.500999927520752,22.549999237060547
2022-12-14,29.83734130859375,7.091188907623291,41.22867202758789,9.777487754821777,334.2265930175781,20.200862884521484,123.34770202636719,81.77288055419922,38.42058181762695,3995.320068359375,3.503000020980835,21.139999389648438
2022-12-15,29.365938186645508,6.806831359863281,40.00920867919922,9.4109468460083,324.44219970703125,19.781993865966797,120.28732299804688,79.32421875,38.18807601928711,3895.75,3.450000047683716,22.829999923706055
2022-12-16,29.301233291625977,6.762400150299072,39.76710510253906,9.612543106079102,321.21478271484375,19.429765701293945,119.5384292602539,78.48388671875,37.71860885620117,3852.360107421875,3.4820001125335693,22.6200008392334
2022-12-19,29.633995056152344,6.762400150299072,39.3905029296875,9.640035629272461,319.6009521484375,19.220333099365234,120.2503433227539,77.30023193359375,37.71409225463867,3817.659912109375,3.5810000896453857,22.420000076293945
2022-12-20,29.7541561126709,6.833489418029785,39.28290939331055,10.235663414001465,319.48974609375,19.1917724609375,120.83283996582031,76.94783020019531,38.28326416015625,3821.6201171875,3.684000015258789,21.479999542236328
2022-12-21,30.207077026367188,6.91346549987793,40.179569244384766,10.391444206237793,324.74822998046875,19.467844009399414,122.19194793701172,78.4929428100586,39.010528564453125,3878.43994140625,3.684000015258789,20.06999969482422
2022-12-22,29.939023971557617,6.833489418029785,39.44430923461914,10.327299118041992,320.5006103515625,19.13465118408203,120.80511474609375,78.04115295410156,38.111610412597656,3822.389892578125,3.6689999103546143,21.969999313354492
2022-12-23,30.012969970703125,6.922351837158203,39.6864013671875,10.428098678588867,320.4356994628906,19.02993392944336,121.37833404541016,77.80621337890625,39.32672882080078,3844.820068359375,3.750999927520752,20.8700008392334
2022-12-27,30.06842613220215,6.940123558044434,39.802974700927734,10.44642448425293,317.1526794433594,18.810983657836914,121.80364227294922,76.85747528076172,39.746829986572266,3829.25,3.859999895095825,21.649999618530273
2022-12-28,30.29026985168457,6.877920150756836,40.00920867919922,10.299808502197266,316.1324157714844,18.62058448791504,122.46932983398438,76.3153305053711,38.85694885253906,3783.219970703125,3.88700008392334,22.139999389648438
2022-12-29,30.63227081298828,6.931238174438477,40.493404388427734,10.473915100097656,318.5066223144531,18.915700912475586,123.17200469970703,77.02011108398438,39.263492584228516,3849.280029296875,3.8350000381469727,21.440000534057617
2022-12-30,30.613780975341797,6.931238174438477,40.55616760253906,10.556387901306152,318.4603271484375,18.89665985107422,123.98564910888672,76.82133483886719,39.511940002441406,3839.5,3.878999948501587,21.670000076293945
2023-01-03,30.974260330200195,7.082303047180176,41.0493278503418,10.730493545532227,321.09417724609375,18.687223434448242,124.9287109375,77.45382690429688,38.12516403198242,3824.139892578125,3.7929999828338623,22.899999618530273
2023-01-04,31.556594848632812,7.366662502288818,42.10739517211914,11.43608570098877,322.4668273925781,18.839542388916016,126.0936508178711,78.29414367675781,38.12063980102539,3852.969970703125,3.7090001106262207,22.010000228881836
2023-01-05,31.491891860961914,7.4466376304626465,41.919105529785156,11.124526023864746,318.8127136230469,18.44923210144043,126.06575012207031,77.63452911376953,38.81629180908203,3808.10009765625,3.7200000286102295,22.459999084472656
2023-01-06,31.806163787841797,7.517726898193359,42.42123794555664,11.399431228637695,322.8192443847656,18.92521858215332,128.47805786132812,79.11639404296875,39.552589416503906,3895.080078125,3.569000005722046,21.1299991607666
2023-01-09,31.325511932373047,7.544384956359863,42.627464294433594,11.399431228637695,327.3821716308594,19.087051391601562,127.9471664428711,79.18868255615234,39.41255187988281,3892.090087890625,3.5169999599456787,21.969999313354492
2023-01-10,31.538110733032227,7.544384956359863,43.210304260253906,11.573539733886719,331.4257507324219,19.37264633178711,129.0927734375,80.34524536132812,39.692630767822266,3919.25,3.621000051498413,20.579999923706055
2023-01-11,31.77843475341797,7.615474700927734,43.67656326293945,11.610193252563477,338.0290222167969,19.934310913085938,130.05215454101562,80.80606079101562,39.81459045410156,3969.610107421875,3.553999900817871,21.09000015258789
2023-01-12,31.86162757873535,7.810971736907959,44.017295837402344,11.747645378112793,343.0928039550781,20.229421615600586,129.92176818847656,81.79998016357422,40.5734748840332,3983.169921875,3.4489998817443848,18.829999923706055
2023-01-13,32.564117431640625,7.962037563323975,44.76152420043945,11.66517448425293,346.8581237792969,20.200862884521484,133.20028686523438,82.82102966308594,40.6322021484375,3999.090087890625,3.510999917984009,18.350000381469727
2023-01-17,31.90784454345703,8.006467819213867,45.111228942871094,11.830118179321289,324.52569580078125,20.334138870239258,131.14187622070312,87.71835327148438,40.7180290222168,3990.969970703125,3.5350000858306885,19.360000610351562
2023-01-18,31.168378829956055,8.006467819213867,44.32216262817383,11.775136947631836,323.7558898925781,20.096145629882812,127.20206451416016,87.2665786743164,39.97269058227539,3928.860107421875,3.375,20.34000015258789
2023-01-19,30.715457916259766,7.926491737365723,44.268367767333984,11.72931957244873,325.29547119140625,19.420242309570312,125.50689697265625,85.07091522216797,40.469581604003906,3898.85009765625,3.3970000743865967,20.520000457763672
2023-01-20,31.288541793823242,7.962037563323975,45.81063461303711,11.949243545532227,317.0320739746094,19.610641479492188,125.81423950195312,86.9593734741211,40.871620178222656,3972.610107421875,3.4839999675750732,19.850000381469727
2023-01-23,31.722976684570312,8.068671226501465,46.60865783691406,11.903426170349121,323.80230712890625,19.96286964416504,127.85404968261719,87.76354217529297,40.925819396972656,4019.81005859375,3.5250000953674316,19.809999465942383
2023-01-24,31.954059600830078,7.9442644119262695,46.10653305053711,11.940080642700195,323.0509948730469,19.8105525970459,128.95309448242188,86.29974365234375,40.76771545410156,4016.949951171875,3.4690001010894775,19.200000762939453
2023-01-25,32.231353759765625,8.130875587463379,46.536930084228516,11.976734161376953,324.2566833496094,19.648717880249023,129.5771026611328,86.41722106933594,40.77224349975586,4016.219970703125,3.4619998931884766,19.079999923706055
2023-01-26,32.665794372558594,8.273055076599121,46.79696273803711,12.196660041809082,329.209228515625,19.639198303222656,130.3781280517578,87.19428253173828,42.05964279174805,4060.429931640625,3.493000030517578,18.729999542236328
2023-01-27,32.7674674987793,8.264167785644531,46.501068115234375,12.306622505187988,328.0314025878906,19.54400062561035,130.69479370117188,87.51957702636719,41.21040725708008,4070.56005859375,3.5179998874664307,18.510000228881836
2023-01-30,32.628814697265625,8.237509727478027,46.402427673339844,12.178332328796387,331.5184631347656,19.1917724609375,129.58645629882812,87.40572357177734,40.26631546020508,4017.77001953125,3.5510001182556152,19.940000534057617
2023-01-31,32.79520034790039,8.246395111083984,46.8238639831543,12.26080322265625,339.26251220703125,19.743915557861328,130.35948181152344,88.65360260009766,40.6231689453125,4076.60009765625,3.5290000438690186,19.399999618530273
2023-02-01,33.201904296875,8.308599472045898,46.7610969543457,12.361602783203125,339.1697082519531,19.943832397460938,130.01487731933594,89.43692779541016,39.82362747192383,4119.2099609375,3.3970000743865967,17.8700008392334
2023-02-02,33.396018981933594,8.237509727478027,46.8238639831543,11.527721405029297,342.65692138671875,19.8200740814209,129.4094696044922,90.36600494384766,38.91566467285156,4179.759765625,3.3959999084472656,18.729999542236328
2023-02-03,33.67331314086914,8.121990203857422,46.13568115234375,11.39026927947998,343.10205078125,19.306007385253906,131.41200256347656,90.56639099121094,38.82984161376953,4136.47998046875,3.5320000648498535,18.329999923706055
2023-02-06,33.61784744262695,8.059784889221191,46.054176330566406,11.197834968566895,343.89031982421875,19.248889923095703,132.18505859375,90.08363342285156,38.65367126464844,4111.080078125,3.634000062942505,19.43000030517578
2023-02-07,33.987586975097656,8.20196533203125,46.29866409301758,11.43608570098877,347.2291564941406,19.23936653137207,133.79638671875,90.37511444091797,39.90944290161133,4164.0,3.6740000247955322,18.65999984741211
2023-02-08,33.73801040649414,8.175307273864746,46.316776275634766,11.500231742858887,347.8782958984375,19.087051391601562,132.85569763183594,90.13829040527344,39.552589416503906,4117.85986328125,3.6530001163482666,19.6299991607666
2023-02-09,33.01704025268555,8.175307273864746,45.257328033447266,11.445250511169434,341.2842712402344,18.763383865356445,130.7879180908203,89.30940246582031,39.21379852294922,4081.5,3.683000087738037,20.709999084472656
2023-02-10,32.887630462646484,8.042014122009277,45.37505340576172,11.09703540802002,344.33551025390625,18.734825134277344,131.3654327392578,89.66463470458984,40.74964904785156,4090.4599609375,3.74399995803833,20.530000686645508
2023-02-13,32.95234298706055,8.121990203857422,46.18095397949219,11.24365234375,346.876708984375,18.915700912475586,132.7904510498047,90.56639099121094,40.64575958251953,4137.2900390625,3.7170000076293945,20.34000015258789
2023-02-14,32.92460250854492,8.193079948425293,46.73331069946289,11.362777709960938,344.79925537109375,18.78242301940918,133.37725830078125,91.59566497802734,40.6593132019043,4136.1298828125,3.760999917984009,18.90999984741211
2023-02-15,32.869140625,7.508841037750244,46.923465728759766,11.252815246582031,347.1734619140625,19.182249069213867,133.93609619140625,91.84159851074219,39.96817398071289,4147.60009765625,3.809000015258789,18.229999542236328
2023-02-16,32.61033248901367,7.517726898193359,46.597476959228516,11.51855754852295,343.3339538574219,18.66818618774414,132.09193420410156,90.69391632080078,39.5751838684082,4090.409912109375,3.8429999351501465,20.170000076293945
2023-02-17,32.6750373840332,7.491069316864014,46.56126403808594,11.656010627746582,341.7572937011719,18.67770767211914,132.4831085205078,90.63926696777344,38.16581344604492,4079.090087890625,3.828000068664551,20.020000457763672
2023-02-21,31.90784454345703,7.411093235015869,45.13056182861328,11.252815246582031,334.912841796875,18.382593154907227,130.05215454101562,88.91773986816406,37.9760856628418,3997.340087890625,3.9549999237060547,22.8700008392334
2023-02-22,31.69525146484375,7.428865432739258,45.31166458129883,11.161181449890137,334.6995849609375,18.30643653869629,129.05552673339844,88.59893798828125,37.72312545776367,3991.050048828125,3.9230000972747803,22.290000915527344
2023-02-23,31.667512893676758,7.615593433380127,45.619537353515625,11.142852783203125,337.1572265625,18.363555908203125,130.0894012451172,89.20922088623047,38.292293548583984,4012.320068359375,3.878999948501587,21.139999389648438
2023-02-24,31.62129783630371,7.533212661743164,45.43843078613281,10.968746185302734,337.44476318359375,18.020845413208008,131.26295471191406,88.9906005859375,38.24260330200195,3970.0400390625,3.9489998817443848,21.670000076293945
2023-02-27,31.62129783630371,7.643054485321045,45.70103454589844,11.225325584411621,339.0028076171875,18.32547378540039,132.40858459472656,88.07974243164062,38.355533599853516,3982.239990234375,3.921999931335449,20.950000762939453
2023-02-28,31.70448875427246,7.743740081787109,45.900238037109375,11.417759895324707,326.1301574707031,18.277877807617188,133.51698303222656,87.89757537841797,37.804439544677734,3970.14990234375,3.9159998893737793,20.700000762939453
2023-03-01,31.556594848632812,7.743740081787109,46.63370132446289,11.381104469299316,323.40264892578125,18.5444278717041,132.7718505859375,87.61521911621094,38.549766540527344,3951.389892578125,3.99399995803833,20.579999923706055
2023-03-02,31.156558990478516,7.615593433380127,46.54315948486328,11.1795072555542,326.08343505859375,18.44923210144043,131.3933868408203,87.5150375366211,38.88855743408203,3981.35009765625,4.072999954223633,19.59000015258789
2023-03-03,31.779874801635742,7.679666519165039,47.40338897705078,11.43608570098877,333.546630859375,18.830020904541016,133.8057098388672,89.56446075439453,39.41707992553711,4045.639892578125,3.9639999866485596,18.489999771118164
2023-03-06,31.71474838256836,7.670514106750488,47.249454498291016,11.47274112701416,333.5092468261719,18.991857528686523,133.0233154296875,89.60999298095703,39.43515396118164,4048.419921875,3.9830000400543213,18.610000610351562
2023-03-07,30.700698852539062,7.3867597579956055,46.25339126586914,11.115363121032715,323.26251220703125,18.791942596435547,129.1114044189453,87.4968032836914,38.74852752685547,3986.3701171875,3.9749999046325684,19.59000015258789
2023-03-08,30.29135513305664,7.377607345581055,45.89119338989258,11.27114200592041,326.2608642578125,18.810983657836914,128.34765625,87.35106658935547,38.35102462768555,3992.010009765625,3.9760000705718994,19.110000610351562
2023-03-09,28.41210174560547,7.112159252166748,44.00772476196289,10.913764953613281,319.53558349609375,18.525390625,121.39936828613281,83.98089599609375,37.808956146240234,3918.320068359375,3.924999952316284,22.610000610351562
2023-03-10,28.16091537475586,6.8924784660339355,43.77230453491211,10.18984603881836,306.06634521484375,18.249319076538086,124.4823226928711,82.0225601196289,37.32561111450195,3861.590087890625,3.694999933242798,24.799999237060547
2023-03-13,26.52354621887207,6.627031326293945,40.51246643066406,9.9607572555542,294.7080383300781,18.34451675415039,122.24696350097656,80.14620208740234,36.566715240478516,3855.760009765625,3.515000104904175,26.520000457763672
2023-03-14,26.756122589111328,6.77348518371582,42.921119689941406,10.318136215209961,300.9102478027344,18.5444278717041,125.38578033447266,81.94970703125,36.9281005859375,3919.2900390625,3.638000011444092,23.729999542236328
2023-03-15,26.504940032958984,6.215129852294922,40.584903717041016,9.62170696258545,291.60699462890625,18.10651969909668,119.46205139160156,77.7779769897461,34.94504928588867,3891.929931640625,3.492000102996826,26.139999389648438
2023-03-16,26.951494216918945,6.389043807983398,41.30931091308594,9.45676326751709,294.3157653808594,18.049402236938477,121.78126525878906,79.25357055664062,35.324493408203125,3960.280029296875,3.5850000381469727,22.989999771118164
2023-03-17,25.881620407104492,6.178516387939453,40.06876754760742,9.062731742858887,283.5272521972656,17.440141677856445,117.18009948730469,76.67584228515625,34.76887893676758,3916.639892578125,3.3949999809265137,25.510000228881836
2023-03-20,25.816495895385742,6.105289936065674,39.92388916015625,9.081058502197266,289.12225341796875,17.697174072265625,118.41888427734375,78.00569915771484,35.46493911743164,3951.570068359375,3.4809999465942383,24.149999618530273
2023-03-21,26.59796714782715,6.3432769775390625,40.811283111572266,9.704178810119629,296.3613586425781,18.097003936767578,121.59497833251953,80.84756469726562,36.692752838134766,4002.8701171875,3.6059999465942383,21.3799991607666
2023-03-22,25.714162826538086,6.279203414916992,39.57978820800781,9.420109748840332,292.9893493652344,17.811410903930664,118.4561538696289,79.74542999267578,35.91225051879883,3936.969970703125,3.5,22.260000228881836
2023-03-23,25.090845108032227,6.086982727050781,39.3443603515625,8.842806816101074,294.0915832519531,17.94468879699707,118.13945007324219,78.18785858154297,35.41473388671875,3948.719970703125,3.4059998989105225,22.610000610351562
2023-03-24,25.249000549316406,6.0412163734436035,39.03648376464844,8.567901611328125,291.9619140625,17.868528366088867,116.34185791015625,76.46634674072266,35.551658630371094,3970.989990234375,3.380000114440918,21.739999771118164
2023-03-27,26.504940032958984,6.178516387939453,40.54868698120117,8.97109603881836,297.5289306640625,17.887569427490234,119.6762924194336,77.0948257446289,36.309349060058594,3977.530029296875,3.5280001163482666,20.600000381469727
2023-03-28,26.160717010498047,6.151056289672852,40.94711685180664,8.842806816101074,297.44482421875,17.887569427490234,120.03953552246094,77.31343841552734,36.87076187133789,3971.27001953125,3.563999891281128,19.969999313354492
2023-03-29,26.672395706176758,6.370737552642822,41.608131408691406,9.108548164367676,299.5745544433594,18.23979949951172,120.28170013427734,78.55220794677734,37.38196563720703,4027.81005859375,3.565999984741211,19.1200008392334
2023-03-30,26.328174591064453,6.489730358123779,41.716800689697266,9.20018482208252,299.96685791015625,18.5444278717041,119.91844940185547,78.43379211425781,37.54628372192383,4050.830078125,3.5510001182556152,19.020000457763672
2023-03-31,26.607269287109375,6.581264495849609,42.459312438964844,9.355964660644531,305.5432434082031,18.830020904541016,121.3714370727539,79.97314453125,37.80644989013672,4109.31005859375,3.49399995803833,18.700000762939453
2023-04-03,26.59796714782715,6.7460246086120605,42.29631805419922,9.51174545288086,304.9921569824219,18.62058448791504,121.23173522949219,79.39019012451172,39.5180778503418,4124.509765625,3.430000066757202,18.549999237060547
2023-04-04,26.030473709106445,6.70941162109375,41.734901428222656,9.438437461853027,301.37725830078125,18.525390625,119.61106872558594,77.2587890625,38.80147933959961,4100.60009765625,3.3369998931884766,19.0
2023-04-05,25.714162826538086,6.77348518371582,41.44514465332031,9.346800804138184,300.3311462402344,18.25883674621582,119.78944396972656,76.3479232788086,39.38571548461914,4090.3798828125,3.2869999408721924,19.079999923706055
2023-04-06,25.90022850036621,6.91078519821167,41.526641845703125,9.520909309387207,301.143798828125,18.29691505432129,119.65801239013672,76.68494415283203,38.787784576416016,4105.02001953125,3.2880001068115234,18.399999618530273
2023-04-10,25.993257522583008,6.919938564300537,42.12427520751953,9.45676326751709,303.5350341796875,18.47779083251953,120.05228424072266,76.51187133789062,39.0981559753418,4109.10986328125,3.4149999618530273,18.969999313354492
2023-04-11,26.709604263305664,6.919938564300537,42.740020751953125,9.62170696258545,305.7861022949219,18.534910202026367,120.6436767578125,77.50472259521484,39.46787643432617,4108.93994140625,3.434000015258789,19.100000381469727
2023-04-12,26.495634078979492,6.947398662567139,42.486473083496094,9.658361434936523,308.4668273925781,18.48731231689453,120.62488555908203,77.8508529663086,39.4952507019043,4091.949951171875,3.4210000038146973,19.09000015258789
2023-04-13,26.570058822631836,7.020625591278076,42.83056640625,9.695015907287598,310.2322998046875,18.839542388916016,121.08486938476562,78.05123138427734,39.74173355102539,4146.22021484375,3.4519999027252197,17.799999237060547
2023-04-14,27.463171005249023,7.176233291625977,44.87702178955078,10.034066200256348,314.70648193359375,18.649145126342773,130.2279510498047,78.98030090332031,39.814762115478516,4137.64013671875,3.5220000743865967,17.06999969482422
2023-04-17,28.25394630432129,7.075545310974121,44.99473571777344,9.887450218200684,317.2845458984375,18.953777313232422,131.26051330566406,81.33031463623047,39.344627380371094,4151.31982421875,3.5910000801086426,16.950000762939453
2023-04-18,28.430706024169922,7.112159252166748,45.34789276123047,9.988247871398926,311.8949279785156,18.944257736206055,132.73428344726562,81.84040069580078,39.49981689453125,4154.8701171875,3.572000026702881,16.829999923706055
2023-04-19,27.965545654296875,7.13961935043335,45.63765335083008,10.116538047790527,314.67840576171875,18.830020904541016,132.5653533935547,82.38690948486328,39.362884521484375,4154.52001953125,3.6019999980926514,16.459999084472656
2023-04-20,27.816692352294922,6.97485876083374,44.732139587402344,9.988247871398926,316.3784484863281,18.810983657836914,132.18048095703125,82.36868286132812,39.01599884033203,4129.7900390625,3.5450000762939453,17.170000076293945
2023-04-21,27.788787841796875,6.97485876083374,44.39710235595703,9.969921112060547,319.13397216796875,18.84906005859375,131.92698669433594,82.99718475341797,38.787784576416016,4133.52001953125,3.569999933242798,16.770000457763672
2023-04-24,27.686447143554688,7.075545310974121,44.39710235595703,10.070719718933105,321.2823181152344,18.84906005859375,132.10537719726562,82.15918731689453,39.38114929199219,4137.0400390625,3.515000104904175,16.889999389648438
2023-04-25,26.830547332763672,6.7917914390563965,43.37388229370117,9.420109748840332,317.0976867675781,18.47779083251953,129.23289489746094,80.2099609375,38.6417236328125,4071.6298828125,3.3959999084472656,18.760000228881836
2023-04-26,26.458419799804688,6.965705871582031,42.4321403503418,9.74999713897705,314.3702087402344,17.71621322631836,126.94244384765625,80.55607604980469,38.125946044921875,4055.989990234375,3.431999921798706,18.84000015258789
2023-04-27,26.877065658569336,7.478293418884277,42.58607864379883,9.997410774230957,319.077880859375,18.030364990234375,128.65090942382812,82.21382904052734,38.262882232666016,4135.35009765625,3.5280001163482666,17.030000686645508
2023-04-28,27.239896774291992,7.3867597579956055,43.089576721191406,10.0890474319458,320.79656982421875,17.811410903930664,129.76795959472656,82.6594467163086,38.85624694824219,4169.47998046875,3.4519999027252197,15.779999732971191
2023-05-01,27.01661491394043,7.313532829284668,43.25435256958008,9.896614074707031,318.1158447265625,17.630537033081055,132.5465850830078,80.78519439697266,38.418067932128906,4167.8701171875,3.5739998817443848,16.079999923706055
2023-05-02,26.19792938232422,7.112159252166748,42.11005401611328,9.814141273498535,311.3905334472656,17.30686378479004,130.4062957763672,79.27845001220703,36.74752426147461,4119.580078125,3.438999891281128,17.780000686645508
2023-05-03,25.918832778930664,6.965705871582031,41.807960510253906,9.594216346740723,306.981689453125,17.28782844543457,127.64649200439453,77.86357879638672,36.05373764038086,4090.75,3.4030001163482666,18.34000015258789
2023-05-04,25.10944938659668,6.837558269500732,41.103084564208984,9.420109748840332,300.0789489746094,17.402063369750977,125.90047454833984,75.89747619628906,35.65208053588867,4061.219970703125,3.3510000705718994,20.09000015258789
2023-05-05,25.77928352355957,7.157925605773926,42.40299606323242,9.777487754821777,305.4591979980469,17.735254287719727,128.3599090576172,77.98302459716797,36.61972427368164,4136.25,3.446000099182129,17.190000534057617
2023-05-08,25.760677337646484,7.157925605773926,42.43961715698242,9.759160041809082,304.9828186035156,17.687652587890625,128.669677734375,77.569580078125,36.61972427368164,4138.1201171875,3.5209999084472656,16.979999542236328
2023-05-09,25.732765197753906,7.112159252166748,42.586082458496094,9.740832328796387,303.3575134277344,17.582937240600586,128.05014038085938,77.51445770263672,36.6334114074707,4119.169921875,3.5209999084472656,17.709999084472656
2023-05-10,25.416458129882812,7.093852519989014,42.448768615722656,9.74999713897705,301.2839050292969,17.687652587890625,128.11582946777344,76.91728210449219,36.218055725097656,4137.64013671875,3.438999891281128,16.940000534057617
2023-05-11,25.481578826904297,7.029778957366943,42.13751220703125,9.630870819091797,299.5745544433594,17.61149787902832,127.71219635009766,75.91584777832031,35.78445053100586,4130.6201171875,3.3970000743865967,16.93000030517578
2023-05-12,25.20248031616211,7.011471748352051,41.606571197509766,9.585053443908691,298.43499755859375,18.154117584228516,125.88170623779297,75.69534301757812,35.83921813964844,4124.080078125,3.4630000591278076,17.030000686645508
2023-05-15,25.723461151123047,7.167079448699951,42.155826568603516,9.740832328796387,300.8355407714844,18.31595802307129,126.94244384765625,76.20984649658203,36.021785736083984,4136.27978515625,3.507999897003174,17.1200008392334
2023-05-16,25.453672409057617,7.002318859100342,41.45094299316406,9.530072212219238,299.6585998535156,17.935169219970703,126.08820343017578,75.20841979980469,35.136314392089844,4109.89990234375,3.5490000247955322,17.989999771118164
2023-05-17,26.57936668395996,7.249459743499756,43.098731994628906,9.713342666625977,308.41082763671875,18.039884567260742,129.96511840820312,77.09184265136719,35.81183624267578,4158.77001953125,3.5810000896453857,16.8700008392334
2023-05-18,26.486328125,7.249459743499756,42.46707534790039,10.001670837402344,307.850341796875,17.8304500579834,130.9507598876953,77.62471771240234,36.071998596191406,4198.0498046875,3.6480000019073486,16.049999237060547
2023-05-19,26.15141487121582,7.313532829284668,41.84457778930664,10.020577430725098,304.6465148925781,17.735254287719727,130.65036010742188,75.55754089355469,36.350425720214844,4191.97998046875,3.691999912261963,16.809999465942383
2023-05-22,26.365386962890625,7.3318400382995605,41.917816162109375,10.09620475769043,303.4976806640625,17.925647735595703,129.57083129882812,75.58509826660156,36.199798583984375,4192.6298828125,3.7190001010894775,17.209999084472656
2023-05-23,26.588666915893555,7.359299659729004,42.02766036987305,10.020577430725098,302.2366943359375,17.75429344177246,128.21908569335938,75.9250259399414,36.58777618408203,4145.580078125,3.697999954223633,18.530000686645508
2023-05-24,26.14211082458496,7.176233291625977,40.727752685546875,9.869322776794434,298.72454833984375,17.67813491821289,127.04571533203125,74.62042236328125,36.74752426147461,4115.240234375,3.7190001010894775,20.030000686645508
2023-05-25,26.207231521606445,7.121312618255615,40.48973083496094,9.878776550292969,302.5262145996094,17.659093856811523,127.35547637939453,76.25579071044922,36.09482192993164,4151.27978515625,3.813999891281128,19.139999389648438
2023-05-26,26.337478637695312,7.1487717628479,40.82844543457031,9.897684097290039,310.1202087402344,17.61149787902832,128.5476531982422,77.08265686035156,35.95332717895508,4205.4501953125,3.809999942779541,17.950000762939453
2023-05-30,26.290964126586914,7.103006362915039,40.919986724853516,9.869322776794434,309.01800537109375,17.64957618713379,129.03579711914062,76.64165496826172,35.5836181640625,4205.52001953125,3.700000047683716,17.459999084472656
2023-05-31,25.853708267211914,6.883325099945068,40.57212448120117,9.576269149780273,304.8485107421875,17.459182739257812,127.39302825927734,75.11653900146484,34.95830535888672,4179.830078125,3.63700008392334,17.940000534057617
2023-06-01,26.05063819885254,7.002318859100342,41.048152923583984,9.75588321685791,297.7896728515625,17.77332878112793,129.14845275878906,75.4013442993164,35.391910552978516,4221.02001953125,3.6080000400543213,15.649999618530273
2023-06-02,26.922739028930664,7.1945390701293945,42.40299606323242,10.020577430725098,304.6132507324219,17.868528366088867,131.86131286621094,77.49607849121094,36.469093322753906,4282.3701171875,3.690999984741211,14.600000381469727
2023-06-05,26.763322830200195,7.093852519989014,42.329769134521484,9.822056770324707,302.8814697265625,17.801891326904297,130.5658721923828,76.93566131591797,36.22718811035156,4273.7900390625,3.693000078201294,14.729999542236328
2023-06-06,27.41036605834961,7.2403059005737305,43.22689437866211,9.992217063903809,307.5779724121094,17.811410903930664,130.80055236816406,78.88339233398438,36.51930618286133,4283.85009765625,3.6989998817443848,13.960000038146973
2023-06-07,27.644805908203125,7.258613109588623,43.95008087158203,9.973310470581055,316.0015563964844,17.758703231811523,132.06784057617188,79.47138214111328,37.48694610595703,4267.52001953125,3.7839999198913574,13.9399995803833
2023-06-08,27.41036605834961,7.276918888092041,44.032466888427734,10.09620475769043,315.7380065917969,17.806617736816406,132.10537719726562,79.29680633544922,37.32719421386719,4293.93017578125,3.7139999866485596,13.649999618530273
2023-06-09,27.4478816986084,7.212846279144287,44.21555709838867,10.030030250549316,316.25567626953125,17.729949951171875,132.3682098388672,79.2049560546875,37.12179183959961,4298.85986328125,3.744999885559082,13.829999923706055
2023-06-12,27.316593170166016,7.1487717628479,44.35287094116211,10.067843437194824,319.521484375,17.9216251373291,132.35885620117188,80.33500671386719,36.765777587890625,4338.93017578125,3.765000104904175,15.010000228881836
2023-06-13,27.569787979125977,7.276918888092041,44.57257843017578,10.048937797546387,322.35455322265625,17.94078826904297,133.3163299560547,81.10676574707031,36.93922424316406,4369.009765625,3.8389999866485596,14.609999656677246
2023-06-14,27.307218551635742,7.295226573944092,44.1606330871582,10.115110397338867,318.5144348144531,17.797035217285156,132.8188018798828,80.83113098144531,36.56038284301758,4372.58984375,3.7960000038146973,13.880000114440918
2023-06-15,27.541656494140625,7.249459743499756,44.45357131958008,10.030030250549316,319.7568664550781,18.08454704284668,134.3207244873047,81.81419372558594,36.9620475769043,4425.83984375,3.7279999256134033,14.5
2023-06-16,27.372861862182617,7.258613109588623,44.1148567199707,9.850417137145996,318.41094970703125,17.9791259765625,134.48031616210938,80.93218231201172,36.90727996826172,4409.58984375,3.7690000534057617,13.539999961853027
2023-06-20,27.072782516479492,7.258613109588623,43.58391189575195,9.64244270324707,311.2674255371094,17.605361938476562,133.79505920410156,79.68270874023438,36.08121871948242,4388.7099609375,3.7290000915527344,13.880000114440918
2023-06-21,26.791460037231445,7.066391944885254,43.40081787109375,9.736976623535156,305.9497375488281,17.509523391723633,133.59793090820312,79.32438659667969,36.366703033447266,4365.68994140625,3.7230000495910645,13.199999809265137
2023-06-22,26.21942901611328,6.883325099945068,42.68678665161133,9.632987976074219,300.7826232910156,17.327430725097656,131.02586364746094,77.63390350341797,35.87862014770508,4381.89013671875,3.7990000247955322,12.90999984741211
2023-06-23,26.022502899169922,6.782638072967529,42.12836456298828,9.406106948852539,296.1990966796875,17.039920806884766,130.340576171875,76.78865814208984,35.620765686035156,4348.330078125,3.739000082015991,13.4399995803833
2023-06-26,26.341341018676758,6.7460246086120605,42.329769134521484,9.453374862670898,293.9873352050781,17.0782527923584,130.65975952148438,76.79783630371094,36.260799407958984,4328.81982421875,3.7190001010894775,14.25
2023-06-27,26.48200035095215,6.855865001678467,42.47623062133789,9.699162483215332,295.0132141113281,17.231592178344727,130.6691436767578,77.569580078125,36.34367752075195,4378.41015625,3.7679998874664307,13.739999771118164
2023-06-28,26.322582244873047,6.8924784660339355,42.32060241699219,9.680254936218262,295.2108154296875,17.279510498046875,130.09654235839844,77.16534423828125,36.7120361328125,4376.85986328125,3.7100000381469727,13.430000305175781
2023-06-29,26.8758544921875,7.020625591278076,42.37553405761719,9.803150177001953,304.0862121582031,17.202842712402344,134.63990783691406,78.31376647949219,37.13566207885742,4396.43994140625,3.8540000915527344,13.539999961853027
2023-06-30,26.903989791870117,7.1945390701293945,42.14667510986328,9.954402923583984,303.56854248046875,17.634111404418945,136.52671813964844,78.46077728271484,37.375091552734375,4450.3798828125,3.819000005722046,13.59000015258789
2023-07-03,27.38223648071289,7.295226573944092,42.78748321533203,10.09620475769043,307.3991394042969,17.634111404418945,137.62503051757812,79.38870239257812,37.46257781982422,4455.58984375,3.8580000400543213,13.569999694824219
2023-07-05,27.26970863342285,6.984012603759766,42.842403411865234,9.680254936218262,301.2249450683594,17.356184005737305,136.70822143554688,78.93852233886719,37.2553825378418,4446.81982421875,3.944999933242798,14.180000305175781
2023-07-06,26.519512176513672,6.901632308959961,41.54248809814453,9.39665412902832,294.5896301269531,16.96324920654297,135.35665893554688,76.5589599609375,36.4173469543457,4411.58984375,4.040999889373779,15.4399995803833
2023-07-07,26.753948211669922,7.020625591278076,41.87204360961914,9.661349296569824,296.6320495605469,17.164506912231445,136.42465209960938,76.58653259277344,37.20012664794922,4398.9501953125,4.050000190734863,14.829999923706055
2023-07-10,26.8758544921875,7.002318859100342,41.807960510253906,9.746429443359375,297.8555908203125,17.394515991210938,137.1902313232422,76.62328338623047,37.490211486816406,4409.52978515625,4.00600004196167,15.069999694824219
2023-07-11,27.213443756103516,7.157925605773926,42.59523391723633,9.859869956970215,302.0061950683594,17.461605072021484,139.3357391357422,78.0565185546875,38.31441879272461,4439.259765625,3.9800000190734863,14.84000015258789
2023-07-12,27.53228187561035,7.40506649017334,43.37335968017578,9.916589736938477,307.20147705078125,17.854536056518555,140.02572631835938,78.80070495605469,38.66897201538086,4472.16015625,3.8610000610351562,13.539999961853027
2023-07-13,27.822980880737305,7.560673713684082,43.64798355102539,10.20964527130127,309.3473815917969,18.103713989257812,140.70623779296875,79.2049560546875,38.52162551879883,4510.0400390625,3.760999917984009,13.609999656677246
2023-07-14,27.297842025756836,7.46914005279541,41.881202697753906,10.162378311157227,307.00384521484375,17.844955444335938,141.55686950683594,78.80989074707031,37.50402069091797,4505.419921875,3.819000005722046,13.34000015258789
2023-07-17,27.569787979125977,7.524060249328613,42.34806823730469,10.427071571350098,307.95440673828125,18.24747085571289,144.9689178466797,79.3519515991211,37.43034744262695,4522.7900390625,3.796999931335449,13.479999542236328
2023-07-18,28.788864135742188,7.688819885253906,43.04380416870117,10.464885711669922,317.43212890625,18.132465362548828,145.23355102539062,84.46935272216797,37.80792236328125,4554.97998046875,3.7890000343322754,13.300000190734863
2023-07-19,29.56719398498535,7.8261213302612305,43.50151824951172,10.635046005249023,320.51922607421875,18.18996810913086,145.7912139892578,85.5902328491211,38.0289421081543,4565.72021484375,3.742000102996826,13.760000228881836
2023-07-20,29.71722984313965,7.798661708831787,43.40081787109375,10.663407325744629,330.2227783203125,17.950374603271484,147.58702087402344,86.17823791503906,38.4755859375,4534.8701171875,3.8540000915527344,13.989999771118164
2023-07-21,29.989177703857422,7.725433349609375,43.071258544921875,10.70121955871582,331.2580871582031,17.959959030151367,146.4528350830078,86.37115478515625,38.81631851196289,4536.33984375,3.8369998931884766,13.600000381469727
2023-07-24,30.61747169494629,7.76204776763916,43.629676818847656,10.729580879211426,337.818115234375,17.94078826904297,149.33558654785156,86.97753143310547,39.442543029785156,4554.64013671875,3.8570001125335693,13.90999984741211
2023-07-25,30.148595809936523,7.707127094268799,43.107879638671875,10.975367546081543,333.8369140625,17.950374603271484,148.2202911376953,86.74784851074219,39.64973831176758,4567.4599609375,3.9119999408721924,13.859999656677246
2023-07-26,30.39240837097168,7.871887683868408,43.47406005859375,11.022634506225586,336.5286865234375,17.864120483398438,149.10874938964844,85.93936157226562,39.66355514526367,4566.75,3.8510000705718994,13.1899995803833
2023-07-27,29.961044311523438,7.176233291625977,43.83106994628906,10.455432891845703,333.6580810546875,17.44243812561035,147.46414184570312,85.21353912353516,39.41030502319336,4537.41015625,4.01200008392334,14.40999984741211
2023-07-28,29.914155960083008,7.322686195373535,43.40081787109375,10.50269889831543,332.4533996582031,17.423267364501953,148.30535888671875,84.90755462646484,39.530025482177734,4582.22998046875,3.9690001010894775,13.329999923706055
2023-07-31,30.007930755615234,7.313532829284668,43.629676818847656,10.5216064453125,334.93804931640625,17.519107818603516,149.29779052734375,84.89827728271484,40.28057098388672,4588.9599609375,3.9590001106262207,13.630000114440918
2023-08-01,29.651588439941406,7.130465984344482,43.089576721191406,10.398712158203125,336.67926025390625,17.269929885864258,148.560546875,84.32340240478516,40.09177780151367,4576.72998046875,4.051000118255615,13.930000305175781
2023-08-02,29.248361587524414,6.855865001678467,42.39384460449219,10.143470764160156,330.44866943359375,16.56072998046875,146.87815856933594,82.82125854492188,39.56686019897461,4513.39013671875,4.078000068664551,16.09000015258789
2023-08-03,29.454662322998047,7.002318859100342,42.30229568481445,10.360898971557617,332.3875427246094,16.5128116607666,147.7760772705078,82.65435028076172,39.96745681762695,4501.89013671875,4.189000129699707,15.920000076293945
2023-08-04,29.35150909423828,7.057239055633545,42.330078125,10.417619705200195,332.4439697265625,16.38822364807129,147.46414184570312,82.32981872558594,40.022705078125,4478.02978515625,4.059999942779541,17.100000381469727
2023-08-07,29.89540672302246,7.112159252166748,42.44120788574219,10.493246078491211,334.64630126953125,16.301971435546875,148.16355895996094,82.59872436523438,40.06875228881836,4518.43994140625,4.078000068664551,15.770000457763672
2023-08-08,29.323373794555664,6.965705871582031,41.82075119018555,10.162378311157227,327.7757263183594,16.282800674438477,147.3318328857422,82.0331039428711,40.266746520996094,4499.3798828125,4.026000022888184,15.989999771118164
2023-08-09,28.938901901245117,6.9382452964782715,41.153987884521484,10.228550910949707,322.5333251953125,16.445724487304688,145.35643005371094,81.1893081665039,40.773250579833984,4467.7099609375,4.01200008392334,15.960000038146973
2023-08-10,29.013919830322266,6.994198799133301,41.06138229370117,10.360898971557617,320.37799072265625,16.23488426208496,145.13906860351562,81.26348876953125,40.768646240234375,4468.830078125,4.079999923706055,15.850000381469727
2023-08-11,29.342132568359375,7.003524303436279,41.274375915527344,10.351445198059082,320.6886291503906,16.158214569091797,145.98025512695312,81.31912231445312,41.394859313964844,4464.0498046875,4.168000221252441,14.84000015258789
2023-08-14,29.00454330444336,6.9755473136901855,40.83913040161133,10.304178237915039,317.87451171875,16.14862823486328,146.28269958496094,80.97603607177734,41.21989059448242,4489.72021484375,4.184000015258789,14.819999694824219
2023-08-15,28.076171875,6.826338291168213,40.01493453979492,10.1907377243042,312.6697692871094,15.669441223144531,142.5587615966797,79.89117431640625,40.363441467285156,4437.85986328125,4.2210001945495605,16.459999084472656
2023-08-16,27.466636657714844,6.891617298126221,39.487083435058594,10.105657577514648,309.7521057128906,15.496933937072754,141.95387268066406,79.73355865478516,40.01350021362305,4404.330078125,4.257999897003174,16.780000686645508
2023-08-17,27.45726203918457,6.910268306732178,39.32038879394531,10.134017944335938,308.255615234375,15.305258750915527,140.4794464111328,79.54808044433594,40.49237823486328,4370.35986328125,4.308000087738037,17.889999389648438
2023-08-18,27.297842025756836,6.863640308380127,39.125919342041016,10.134017944335938,305.8179626464844,15.295675277709961,140.80075073242188,78.71356964111328,40.89296340942383,4369.7099609375,4.250999927520752,17.299999237060547
2023-08-21,27.33535385131836,6.891617298126221,38.959232330322266,10.143470764160156,303.11676025390625,15.266924858093262,141.28277587890625,78.12014770507812,40.635108947753906,4399.77001953125,4.3420000076293945,17.1299991607666
2023-08-22,26.669551849365234,6.779710292816162,37.98686981201172,10.030030250549316,300.03912353515625,15.21900463104248,138.35279846191406,76.94255065917969,40.32200241088867,4387.5498046875,4.328000068664551,16.969999313354492
2023-08-23,26.67892837524414,6.844988822937012,38.04243469238281,10.124564170837402,303.3708801269531,15.468180656433105,139.2885284423828,77.32271575927734,40.220703125,4436.009765625,4.197999954223633,15.979999542236328
2023-08-24,26.83834457397461,6.835663795471191,38.04243469238281,10.124564170837402,301.1402893066406,15.199836730957031,139.1561737060547,77.36907958984375,39.94443130493164,4376.31005859375,4.235000133514404,17.200000762939453
2023-08-25,26.725814819335938,6.844988822937012,38.190608978271484,10.134017944335938,301.3191223144531,15.372344970703125,138.98606872558594,77.16507720947266,40.33121109008789,4405.7099609375,4.238999843597412,15.680000305175781
2023-08-28,26.969629287719727,6.966221809387207,38.26469039916992,10.360898971557617,306.7967834472656,15.42026424407959,139.4680938720703,78.24067687988281,40.602882385253906,4433.31005859375,4.211999893188477,15.079999923706055
2023-08-29,27.354106903076172,7.143407821655273,38.635108947753906,10.559419631958008,312.98974609375,15.851532936096191,140.60231018066406,79.32555389404297,40.71339416503906,4497.6298828125,4.122000217437744,14.449999809265137
2023-08-30,27.232200622558594,7.096780776977539,38.31098937988281,10.540512084960938,311.8319396972656,15.506518363952637,140.03517150878906,79.05664825439453,40.915992736816406,4514.8701171875,4.118000030517578,13.880000114440918
2023-08-31,27.109275817871094,7.003524303436279,38.23690414428711,10.29472541809082,311.0063171386719,15.410679817199707,138.30555725097656,78.95465850830078,40.94361877441406,4507.66015625,4.0929999351501465,13.569999694824219
2023-09-01,27.402400970458984,7.040826797485352,38.51472854614258,10.29472541809082,310.71209716796875,15.401095390319824,138.76869201660156,79.5110092163086,41.781639099121094,4515.77001953125,4.172999858856201,13.09000015258789
2023-09-05,27.090362548828125,7.003524303436279,38.30172348022461,9.831509590148926,307.2481384277344,15.16150188446045,137.23751831054688,78.6672134399414,42.00266647338867,4496.830078125,4.26800012588501,14.010000228881836
2023-09-06,26.84451675415039,6.966221809387207,38.31098937988281,9.708616256713867,304.7616882324219,14.902741432189941,137.01068115234375,78.03668212890625,42.02108383178711,4465.47998046875,4.289999961853027,14.449999809265137
2023-09-07,26.598669052124023,6.863640308380127,37.71831512451172,9.661349296569824,305.5493469238281,14.797318458557129,135.8386993408203,77.73995971679688,41.979637145996094,4451.14013671875,4.260000228881836,14.399999618530273
2023-09-08,26.816152572631836,6.919593811035156,37.58866882324219,9.765336036682129,308.92791748046875,14.806902885437012,135.94264221191406,78.74138641357422,42.38484191894531,4457.490234375,4.257999897003174,13.84000015258789
2023-09-11,26.92961883544922,7.031501293182373,37.58866882324219,9.98276424407959,308.1022644042969,14.883572578430176,136.53810119628906,77.4339828491211,41.82769012451172,4487.4599609375,4.288000106811523,13.800000190734863
2023-09-12,27.392946243286133,7.218012809753418,38.59807205200195,9.992217063903809,314.03369140625,14.979411125183105,138.31500244140625,79.32555389404297,42.81306076049805,4461.89990234375,4.263999938964844,14.229999542236328
2023-09-13,27.307842254638672,7.320594310760498,39.2370491027832,10.247458457946777,317.90570068359375,14.84523868560791,138.3811492919922,80.90187072753906,42.49074935913086,4467.43994140625,4.249000072479248,13.479999542236328
2023-09-14,27.610424041748047,7.432501316070557,39.95010757446289,10.40816593170166,327.0069274902344,15.209421157836914,141.06541442871094,82.58944702148438,42.988037109375,4505.10009765625,4.288000106811523,12.819999694824219
2023-09-15,27.270021438598633,7.460478782653809,39.55190658569336,10.332538604736328,325.08038330078125,14.998579025268555,140.64955139160156,81.97747802734375,42.366416931152344,4450.31982421875,4.322000026702881,13.789999961853027
2023-09-18,27.194377899169922,7.329920291900635,39.487083435058594,10.143470764160156,325.82061767578125,14.787734985351562,140.94253540039062,82.2556381225586,42.7254524230957,4453.52978515625,4.318999767303467,14.0
2023-09-19,27.090362548828125,7.404524803161621,39.52412796020508,10.143470764160156,324.4635925292969,14.84523868560791,140.762939453125,82.0701904296875,42.3265266418457,4443.9501953125,4.364999771118164,14.109999656677246
2023-09-20,26.99580955505371,7.2926177978515625,39.17222213745117,10.115110397338867,319.5381164550781,14.873990058898926,140.16751098632812,80.79986572265625,41.93225860595703,4402.2001953125,4.348999977111816,15.140000343322754
2023-09-21,26.523027420043945,7.190036296844482,38.6258430480957,10.124564170837402,313.4073181152344,14.586477279663086,139.07110595703125,78.70429992675781,41.35708236694336,4330.0,4.480000019073486,17.540000915527344
2023-09-22,26.135347366333008,7.143407821655273,37.894264221191406,10.134017944335938,311.1770935058594,14.461888313293457,137.7384490966797,77.22997283935547,41.42665481567383,4320.06005859375,4.438000202178955,17.200000762939453
2023-09-25,26.09752655029297,7.106105804443359,37.98686981201172,10.105657577514648,312.07867431640625,14.356465339660645,138.41893005371094,76.9888916015625,41.946170806884766,4337.43994140625,4.541999816894531,16.899999618530273
2023-09-26,25.69093132019043,7.264640808105469,37.246028900146484,10.020577430725098,307.3145751953125,14.068954467773438,136.9822998046875,76.19148254394531,41.70497512817383,4273.52978515625,4.558000087738037,18.940000534057617
2023-09-27,25.78548812866211,7.227338790893555,37.4682731628418,10.304178237915039,305.5398864746094,13.982701301574707,137.7856903076172,75.70931243896484,42.74399948120117,4274.509765625,4.625999927520752,18.219999313354492
2023-09-28,26.059701919555664,7.301943302154541,38.153560638427734,10.341991424560547,308.6242980957031,14.011452674865723,139.4964599609375,76.21001434326172,42.79037857055664,4299.7001953125,4.5970001220703125,17.34000015258789
2023-09-29,25.88949966430664,7.264640808105469,38.088741302490234,10.389259338378906,307.07733154296875,14.011452674865723,137.06736755371094,75.72785949707031,41.927616119384766,4288.0498046875,4.572999954223633,17.520000457763672
2023-10-02,25.246517181396484,7.078129291534424,37.50532150268555,10.030030250549316,302.2657470703125,13.474761962890625,135.8859100341797,74.55953216552734,41.09267807006836,4288.39013671875,4.683000087738037,17.610000610351562
2023-10-03,24.499523162841797,6.994198799133301,36.91264343261719,9.803150177001953,290.5167236328125,13.100995063781738,134.8840789794922,72.34342193603516,41.064849853515625,4229.4501953125,4.802000045776367,19.780000686645508
2023-10-04,24.527891159057617,7.059478282928467,36.86634063720703,9.916589736938477,292.870361328125,13.177664756774902,135.4889678955078,73.33556365966797,39.77533721923828,4263.75,4.735000133514404,18.579999923706055
2023-10-05,24.641355514526367,7.0221757888793945,36.9311637878418,9.963857650756836,294.67352294921875,13.043492317199707,136.06024169921875,73.39120483398438,39.52949905395508,4258.18994140625,4.7170000076293945,18.489999771118164
2023-10-06,24.65081214904785,7.143407821655273,37.57014465332031,10.115110397338867,296.5525817871094,13.244750022888184,138.15493774414062,74.4853515625,39.766075134277344,4308.5,4.783999919891357,17.450000762939453
2023-10-09,24.877748489379883,7.012849807739258,37.72757339477539,9.973310470581055,296.6759033203125,13.244750022888184,137.84071350097656,74.09590911865234,41.09267807006836,4335.66015625,4.796999931335449,17.700000762939453
2023-10-10,25.539642333984375,7.236664772033691,38.375816345214844,10.1907377243042,298.725830078125,13.752690315246582,138.6785888671875,74.2999038696289,41.143707275390625,4358.240234375,4.65500020980835,17.030000686645508
2023-10-11,25.549095153808594,7.2926177978515625,38.45915603637695,10.228550910949707,297.0650329589844,13.886863708496094,139.1547088623047,73.15938568115234,40.61491394042969,4376.9501953125,4.59499979019165,16.09000015258789
2023-10-12,25.43562889099121,6.928919315338135,38.45915603637695,10.020577430725098,294.0566101074219,13.541848182678223,138.83094787597656,72.14871215820312,40.66130447387695,4349.60986328125,4.711999893188477,16.690000534057617
2023-10-13,25.303253173828125,6.910268306732178,38.366546630859375,9.850417137145996,293.53466796875,13.417259216308594,140.9161376953125,72.13015747070312,41.5565299987793,4327.77978515625,4.629000186920166,19.31999969482422
2023-10-16,25.520729064941406,7.031501293182373,37.92204666137695,10.115110397338867,298.365234375,13.61851692199707,140.77333068847656,73.00177001953125,41.8348503112793,4373.6298828125,4.711999893188477,17.209999084472656
2023-10-17,26.116437911987305,7.078129291534424,38.153560638427734,10.067843437194824,293.5915832519531,13.704771995544434,140.4686279296875,74.4853515625,42.2708625793457,4373.2001953125,4.8470001220703125,17.8799991607666
2023-10-18,25.82331085205078,6.854314804077148,37.4775390625,9.765336036682129,286.5687561035156,13.359756469726562,138.92616271972656,69.43187713623047,42.65586471557617,4314.60009765625,4.9039998054504395,19.219999313354492
2023-10-19,25.49236297607422,6.695779323577881,37.09785079956055,9.670802116394043,283.9399719238281,13.139328956604004,138.3358154296875,67.61448669433594,42.58164978027344,4278.0,4.98799991607666,21.399999618530273
2023-10-20,24.877748489379883,6.593198299407959,36.74595260620117,9.557361602783203,284.7561340332031,12.746397018432617,136.10784912109375,67.80919647216797,41.86731719970703,4224.16015625,4.923999786376953,21.709999084472656
2023-10-23,24.17803192138672,6.546570301055908,36.014366149902344,9.595175743103027,283.968505859375,12.688892364501953,134.2511749267578,66.48326873779297,41.190093994140625,4217.0400390625,4.8379998207092285,20.3700008392334
2023-10-24,24.083473205566406,6.089616298675537,36.0514030456543,9.510095596313477,283.93048095703125,12.928486824035645,134.41305541992188,66.35343933105469,40.61027908325195,4247.68017578125,4.840000152587891,18.969999313354492
2023-10-25,24.15911865234375,6.070964813232422,35.75507354736328,10.20964527130127,281.6338195800781,12.660141944885254,133.67990112304688,66.205078125,40.53606414794922,4186.77001953125,4.953000068664551,20.190000534057617
2023-10-26,24.698091506958008,5.987034320831299,36.431087493896484,10.332538604736328,281.8520812988281,12.755979537963867,134.02267456054688,66.82633209228516,40.22064208984375,4137.22998046875,4.84499979019165,20.68000030517578
2023-10-27,23.799808502197266,5.819173336029053,35.41243362426758,10.332538604736328,275.13299560546875,12.353462219238281,129.19532775878906,65.27784729003906,39.255828857421875,4117.3701171875,4.84499979019165,21.270000457763672
2023-10-30,24.291501998901367,5.987034320831299,36.0514030456543,10.483793258666992,285.496337890625,12.32470989227295,130.842529296875,66.25394439697266,39.385704040527344,4166.81982421875,4.875,19.75
2023-10-31,24.906118392944336,5.996359825134277,36.57000732421875,10.40816593170166,288.13470458984375,12.468466758728027,132.404052734375,66.4698257446289,39.515586853027344,4193.7998046875,4.875,18.139999389648438
2023-11-01,24.96285057067871,5.903103351593018,36.67186737060547,10.455432891845703,291.50372314453125,12.334294319152832,132.28977966308594,66.59184265136719,39.422813415527344,4237.85986328125,4.789000034332275,16.8700008392334
2023-11-02,26.116437911987305,6.154894828796387,38.2924690246582,10.72012710571289,297.767333984375,12.765563011169434,134.65106201171875,68.94766235351562,40.61491394042969,4317.77978515625,4.669000148773193,15.65999984741211
2023-11-03,26.872886657714844,6.322755336761475,39.643306732177734,10.852474212646484,310.9208984375,13.100995063781738,136.1554718017578,71.57566833496094,40.20672607421875,4358.33984375,4.558000087738037,14.90999984741211
2023-11-06,26.78778648376465,6.294778823852539,39.436927795410156,10.767394065856934,307.3999938964844,12.918902397155762,137.1837615966797,71.25655364990234,39.75214767456055,4365.97998046875,4.6620001792907715,14.890000343322754
2023-11-07,26.627038955688477,6.23882532119751,39.36187744140625,10.635046005249023,307.43792724609375,12.842233657836914,137.11712646484375,70.87173461914062,38.87083053588867,4378.3798828125,4.571000099182129,14.8100004196167
2023-11-08,26.371734619140625,6.229499816894531,39.230552673339844,10.663407325744629,308.016845703125,12.650558471679688,137.79312133789062,71.3034896850586,38.383785247802734,4382.77978515625,4.5229997634887695,14.449999809265137
2023-11-09,26.031335830688477,6.210847854614258,38.930362701416016,10.568873405456543,304.4295349121094,12.525969505310059,137.3837127685547,69.63282775878906,38.267826080322266,4347.35009765625,4.630000114440918,15.289999961853027
2023-11-10,26.173166275024414,6.257476806640625,39.474456787109375,10.672860145568848,308.91845703125,12.468466758728027,139.42127990722656,70.70278930664062,38.6899299621582,4415.240234375,4.627999782562256,14.170000076293945
2023-11-13,26.192081451416016,6.257476806640625,40.056060791015625,10.72012710571289,310.24713134765625,12.468466758728027,138.80239868164062,70.43060302734375,38.96824264526367,4411.5498046875,4.631999969482422,14.760000228881836
2023-11-14,27.629335403442383,6.44398832321167,41.613277435302734,10.994275093078613,321.4551086425781,13.407674789428711,141.3350830078125,73.49974822998047,39.316131591796875,4495.7001953125,4.440999984741211,14.15999984741211
2023-11-15,28.007558822631836,6.518592834472656,42.10107421875,11.192795753479004,320.3921813964844,13.474761962890625,142.57286071777344,74.78559112548828,39.24190902709961,4502.8798828125,4.534999847412109,14.180000305175781
2023-11-16,27.931915283203125,6.471965789794922,41.904075622558594,11.202249526977539,319.50958251953125,13.321420669555664,144.2010040283203,74.76683044433594,38.476558685302734,4508.240234375,4.445000171661377,14.319999694824219
2023-11-17,28.347963333129883,6.714430809020996,42.551361083984375,11.533117294311523,321.9011535644531,13.407674789428711,145.50543212890625,75.34873962402344,39.283660888671875,4514.02001953125,4.440999984741211,13.800000190734863
2023-11-20,28.37632942199707,6.695779323577881,42.45754623413086,11.665464401245117,322.14794921875,13.656851768493652,145.9529266357422,74.80436706542969,39.339317321777344,4547.3798828125,4.421999931335449,13.40999984741211
2023-11-21,28.04538345336914,6.64915132522583,42.298072814941406,11.523663520812988,317.8962707519531,13.388507843017578,145.64828491210938,73.64991760253906,39.251197814941406,4538.18994140625,4.418000221252441,13.350000381469727
2023-11-22,28.01701545715332,6.593198299407959,42.2324104309082,11.429130554199219,321.37921142578125,13.340587615966797,145.9910430908203,73.66869354248047,39.23263168334961,4556.6201171875,4.415999889373779,12.850000381469727
2023-11-24,28.111572265625,6.733081817626953,42.42940139770508,11.48585033416748,321.8631591796875,13.302253723144531,146.1909637451172,73.81886291503906,39.39498519897461,4559.33984375,4.4720001220703125,12.460000038146973
2023-11-27,27.950828552246094,6.658477306365967,42.288692474365234,11.429130554199219,320.49658203125,13.196831703186035,145.85772705078125,73.161865234375,39.255828857421875,4550.43017578125,4.388999938964844,12.6899995803833
2023-11-28,27.922462463378906,6.677128791809082,42.08232116699219,11.495304107666016,320.4396667480469,13.369338989257812,146.1909637451172,72.15758514404297,39.26510238647461,4554.89013671875,4.335999965667725,12.6899995803833
2023-11-29,28.659996032714844,6.733081817626953,42.91720962524414,11.693824768066406,325.56817626953125,13.513096809387207,146.93360900878906,73.7249984741211,38.972877502441406,4550.580078125,4.270999908447266,12.979999542236328
2023-11-30,29.060304641723633,6.733081817626953,43.24553680419922,11.769451141357422,326.7929992675781,13.61851692199707,148.60940551757812,74.46646881103516,39.23263168334961,4567.7998046875,4.3520002365112305,12.920000076293945
2023-12-01,29.508264541625977,6.900942802429199,44.305572509765625,11.901799201965332,333.38543701171875,13.982701301574707,149.3330078125,75.92125701904297,39.436729431152344,4594.6298828125,4.22599983215332,12.630000114440918
2023-12-04,29.37483024597168,6.602523326873779,44.4369010925293,11.807265281677246,334.3040466308594,13.934781074523926,150.42796325683594,76.22161102294922,39.255828857421875,4569.77978515625,4.288000106811523,13.079999923706055
2023-12-05,29.146087646484375,6.565220832824707,43.808387756347656,11.778904914855957,326.993896484375,13.79102611541748,150.40895080566406,75.24549865722656,38.569332122802734,4567.18017578125,4.171000003814697,12.850000381469727
2023-12-06,29.09842872619629,6.593198299407959,44.89655685424805,11.769451141357422,327.2043762207031,13.61851692199707,148.82838439941406,74.53218078613281,37.994144439697266,4549.33984375,4.120999813079834,12.970000267028809
2023-12-07,29.222333908081055,6.677128791809082,45.49693298339844,11.845078468322754,329.739990234375,13.656851768493652,149.285400390625,75.41443634033203,37.73439025878906,4585.58984375,4.129000186920166,13.0600004196167
2023-12-08,29.508264541625977,6.844988822937012,45.8627815246582,12.071959495544434,335.68182373046875,13.50351333618164,150.93263244628906,77.22588348388672,38.14258575439453,4604.3701171875,4.244999885559082,12.350000381469727
2023-12-11,29.403423309326172,6.798361301422119,45.16860580444336,12.109773635864258,336.5716552734375,13.541848182678223,151.48484802246094,77.73271179199219,38.188968658447266,4622.43994140625,4.238999843597412,12.630000114440918
2023-12-12,29.298582077026367,6.761058330535889,45.08417510986328,12.175947189331055,337.38494873046875,13.311837196350098,152.83688354492188,78.46479797363281,37.66481399536133,4643.7001953125,4.205999851226807,12.069999694824219
2023-12-13,30.537626266479492,6.94757080078125,46.28491973876953,12.279932975769043,347.0680236816406,13.886863708496094,153.35104370117188,80.37010192871094,38.188968658447266,4707.08984375,4.0329999923706055,12.1899995803833
2023-12-14,32.348533630371094,7.255315780639648,47.12919235229492,12.412281036376953,366.9124755859375,14.55772590637207,156.14080810546875,85.44780731201172,39.31148910522461,4719.5498046875,3.930000066757202,12.479999542236328
2023-12-15,32.024471282958984,6.9755473136901855,46.74457931518555,12.421734809875488,364.080322265625,14.663146018981934,157.32142639160156,85.95462799072266,39.10275650024414,4719.18994140625,3.927999973297119,12.279999732971191
2023-12-18,31.862443923950195,6.9755473136901855,46.58510971069336,12.355561256408691,360.1477355957031,14.461888313293457,158.27357482910156,85.18499755859375,39.422142028808594,4740.56005859375,3.9539999961853027,12.5600004196167
2023-12-19,31.938692092895508,7.106105804443359,47.776466369628906,12.525721549987793,365.9365539550781,14.854822158813477,160.38731384277344,86.27375030517578,39.8951301574707,4768.3701171875,3.921999931335449,12.529999732971191
2023-12-20,31.43354606628418,7.152734279632568,46.9697151184082,12.572988510131836,361.2193298339844,14.384359359741211,158.57826232910156,85.5416488647461,39.525169372558594,4698.35009765625,3.877000093460083,13.670000076293945
2023-12-21,31.643232345581055,7.236664772033691,47.466896057128906,12.780962944030762,364.1377258300781,14.848058700561523,159.4827880859375,86.94012451171875,39.67971420288086,4746.75,3.8940000534057617,13.649999618530273
2023-12-22,31.862443923950195,7.339245796203613,47.71080780029297,12.913310050964355,364.2142333984375,14.867380142211914,159.3875732421875,86.733642578125,39.79678726196289,4754.6298828125,3.9010000228881836,13.029999732971191
2023-12-26,32.272281646728516,7.432501316070557,48.16107940673828,12.979483604431152,365.1328125,15.070249557495117,160.33018493652344,87.13722229003906,40.13865280151367,4774.75,3.885999917984009,12.989999771118164
2023-12-27,32.25322723388672,7.4138503074646,48.27364730834961,13.017297744750977,367.8788757324219,15.108890533447266,161.29183959960938,87.9068603515625,39.960697174072266,4781.580078125,3.7890000343322754,12.430000305175781
2023-12-28,32.29134750366211,7.35789680480957,48.32994079589844,12.875496864318848,369.7255859375,15.195833206176758,162.1487579345703,87.88809967041016,39.35189437866211,4783.35009765625,3.8499999046325684,12.470000267028809
2023-12-29,32.09119415283203,7.34857177734375,48.2548828125,12.80932331085205,369.1131591796875,15.041267395019531,161.95835876464844,87.52204132080078,39.262916564941406,4769.830078125,3.865999937057495,12.449999809265137
